2026-06-03 10:35:41  INFO      main  ============================================================
2026-06-03 10:35:41  INFO      main  Scrape cycle started at 2026-06-03 10:35:41
2026-06-03 10:35:41  INFO      main  [Tamasha] Starting scrape…
2026-06-03 10:35:41  INFO      main  [Tapmad] Starting scrape…
2026-06-03 10:35:41  INFO      main  [MyCo] Starting scrape…
2026-06-03 10:35:41  INFO      main  [ShoqPK] Starting scrape…
2026-06-03 10:35:41  INFO      main  [MyCo] Found 0 channels
2026-06-03 10:35:41  INFO      main  [Tapmad] Found 0 channels
2026-06-03 10:35:41  INFO      main  [ShoqPK] Found 0 channels
2026-06-03 10:35:42  INFO      main  [Tamasha] Found 0 channels
2026-06-03 10:35:42  INFO      main  Total unique channels after merge: 0
2026-06-03 10:35:42  INFO      main  Validating 0 channels…
2026-06-03 10:35:42  INFO      main  Validation complete: 0 live, 0 dead (removed)
2026-06-03 10:35:42  INFO      main  Diff → +0 new, -0 removed
2026-06-03 10:35:42  INFO      main  Saved 0 channels → output/
2026-06-03 10:35:42  INFO      main  Scrape cycle complete.
2026-06-03 15:28:27  INFO      main  ============================================================
2026-06-03 15:28:27  INFO      main  Scrape cycle started at 2026-06-03 15:28:27
2026-06-03 15:28:27  INFO      main  [Tamasha] Starting scrape…
2026-06-03 15:28:27  INFO      main  [Tapmad] Starting scrape…
2026-06-03 15:28:27  INFO      main  [MyCo] Starting scrape…
2026-06-03 15:28:27  INFO      main  [ShoqPK] Starting scrape…
2026-06-03 15:28:27  INFO      main  [MyCo] Found 0 channels
2026-06-03 15:28:27  INFO      main  [Tapmad] Found 0 channels
2026-06-03 15:28:28  INFO      main  [ShoqPK] Found 0 channels
2026-06-03 15:28:28  INFO      main  [Tamasha] Found 0 channels
2026-06-03 15:28:28  INFO      main  Total unique channels after merge: 0
2026-06-03 15:28:28  INFO      main  Validating 0 channels…
2026-06-03 15:28:28  INFO      main  Validation complete: 0 live, 0 dead (removed)
2026-06-03 15:28:28  INFO      main  Diff → +0 new, -0 removed
2026-06-03 15:28:28  INFO      main  Saved 0 channels → output/
2026-06-03 15:28:28  INFO      main  Scrape cycle complete.
2026-06-03 19:10:28  INFO      main  ============================================================
2026-06-03 19:10:28  INFO      main  Scrape cycle started at 2026-06-03 19:10:28
2026-06-03 19:10:28  INFO      main  [Tamasha] Starting scrape…
2026-06-03 19:10:28  INFO      main  [Tapmad] Starting scrape…
2026-06-03 19:10:28  INFO      main  [MyCo] Starting scrape…
2026-06-03 19:10:28  INFO      main  [ShoqPK] Starting scrape…
2026-06-03 19:10:28  INFO      main  [MyCo] Found 0 channels
2026-06-03 19:10:28  INFO      main  [Tamasha] Found 0 channels
2026-06-03 19:10:28  INFO      main  [Tapmad] Found 0 channels
2026-06-03 19:10:28  INFO      main  [ShoqPK] Found 0 channels
2026-06-03 19:10:28  INFO      main  Total unique channels after merge: 0
2026-06-03 19:10:28  INFO      main  Validating 0 channels…
2026-06-03 19:10:28  INFO      main  Validation complete: 0 live, 0 dead (removed)
2026-06-03 19:10:28  INFO      main  Diff → +0 new, -0 removed
2026-06-03 19:10:28  INFO      main  Saved 0 channels → output/
2026-06-03 19:10:28  INFO      main  Scrape cycle complete.
2026-06-03 22:12:06  INFO      main  ============================================================
2026-06-03 22:12:06  INFO      main  Scrape cycle started at 2026-06-03 22:12:06
2026-06-03 22:12:06  INFO      main  [Tamasha] Starting scrape…
2026-06-03 22:12:06  INFO      main  [Tapmad] Starting scrape…
2026-06-03 22:12:06  INFO      main  [MyCo] Starting scrape…
2026-06-03 22:12:06  INFO      main  [ShoqPK] Starting scrape…
2026-06-03 22:12:06  INFO      main  [Tapmad] Found 0 channels
2026-06-03 22:12:06  INFO      main  [MyCo] Found 0 channels
2026-06-03 22:12:07  INFO      main  [ShoqPK] Found 0 channels
2026-06-03 22:12:07  INFO      main  [Tamasha] Found 0 channels
2026-06-03 22:12:07  INFO      main  Total unique channels after merge: 0
2026-06-03 22:12:07  INFO      main  Validating 0 channels…
2026-06-03 22:12:07  INFO      main  Validation complete: 0 live, 0 dead (removed)
2026-06-03 22:12:07  INFO      main  Diff → +0 new, -0 removed
2026-06-03 22:12:07  INFO      main  Saved 0 channels → output/
2026-06-03 22:12:07  INFO      main  Scrape cycle complete.
2026-06-04 00:14:11  INFO      main  ============================================================
2026-06-04 00:14:11  INFO      main  Scrape cycle started at 2026-06-04 00:14:11
2026-06-04 00:14:11  INFO      main  [Tamasha] Starting scrape…
2026-06-04 00:14:11  INFO      main  [Tapmad] Starting scrape…
2026-06-04 00:14:11  INFO      main  [MyCo] Starting scrape…
2026-06-04 00:14:11  INFO      main  [ShoqPK] Starting scrape…
2026-06-04 00:14:11  INFO      main  [MyCo] Found 0 channels
2026-06-04 00:14:11  INFO      main  [Tapmad] Found 0 channels
2026-06-04 00:14:11  INFO      main  [ShoqPK] Found 0 channels
2026-06-04 00:14:11  INFO      main  [Tamasha] Found 0 channels
2026-06-04 00:14:11  INFO      main  Total unique channels after merge: 0
2026-06-04 00:14:11  INFO      main  Validating 0 channels…
2026-06-04 00:14:11  INFO      main  Validation complete: 0 live, 0 dead (removed)
2026-06-04 00:14:11  INFO      main  Diff → +0 new, -0 removed
2026-06-04 00:14:11  INFO      main  Saved 0 channels → output/
2026-06-04 00:14:11  INFO      main  Scrape cycle complete.
2026-06-04 05:22:54  INFO      main  ============================================================
2026-06-04 05:22:54  INFO      main  Scrape cycle started at 2026-06-04 05:22:54
2026-06-04 05:22:54  INFO      main  [Tamasha] Starting scrape…
2026-06-04 05:22:54  INFO      main  [Tapmad] Starting scrape…
2026-06-04 05:22:54  INFO      main  [MyCo] Starting scrape…
2026-06-04 05:22:54  INFO      main  [ShoqPK] Starting scrape…
2026-06-04 05:22:54  INFO      main  [MyCo] Found 0 channels
2026-06-04 05:22:54  INFO      main  [Tapmad] Found 0 channels
2026-06-04 05:22:54  INFO      main  [ShoqPK] Found 0 channels
2026-06-04 05:22:54  INFO      main  [Tamasha] Found 0 channels
2026-06-04 05:22:54  INFO      main  Total unique channels after merge: 0
2026-06-04 05:22:54  INFO      main  Validating 0 channels…
2026-06-04 05:22:54  INFO      main  Validation complete: 0 live, 0 dead (removed)
2026-06-04 05:22:54  INFO      main  Diff → +0 new, -0 removed
2026-06-04 05:22:54  INFO      main  Saved 0 channels → output/
2026-06-04 05:22:54  INFO      main  Scrape cycle complete.
2026-06-04 09:12:34  INFO      main  ============================================================
2026-06-04 09:12:34  INFO      main  Scrape cycle started at 2026-06-04 09:12:34
2026-06-04 09:12:34  INFO      main  [Tamasha] Starting scrape…
2026-06-04 09:12:34  INFO      main  [Tapmad] Starting scrape…
2026-06-04 09:12:34  INFO      main  [MyCo] Starting scrape…
2026-06-04 09:12:34  INFO      main  [ShoqPK] Starting scrape…
2026-06-04 09:12:34  INFO      main  [MyCo] Found 0 channels
2026-06-04 09:12:34  INFO      main  [Tapmad] Found 0 channels
2026-06-04 09:12:34  INFO      main  [ShoqPK] Found 0 channels
2026-06-04 09:12:34  INFO      main  [Tamasha] Found 0 channels
2026-06-04 09:12:34  INFO      main  Total unique channels after merge: 0
2026-06-04 09:12:34  INFO      main  Validating 0 channels…
2026-06-04 09:12:34  INFO      main  Validation complete: 0 live, 0 dead (removed)
2026-06-04 09:12:34  INFO      main  Diff → +0 new, -0 removed
2026-06-04 09:12:34  INFO      main  Saved 0 channels → output/
2026-06-04 09:12:34  INFO      main  Scrape cycle complete.
2026-06-04 12:29:14  INFO      main  ============================================================
2026-06-04 12:29:14  INFO      main  Scrape cycle started at 2026-06-04 12:29:14
2026-06-04 12:29:14  INFO      main  [Tamasha] Starting scrape…
2026-06-04 12:29:14  INFO      main  [Tapmad] Starting scrape…
2026-06-04 12:29:14  INFO      main  [MyCo] Starting scrape…
2026-06-04 12:29:14  INFO      main  [ShoqPK] Starting scrape…
2026-06-04 12:29:14  INFO      main  [MyCo] Found 0 channels
2026-06-04 12:29:14  INFO      main  [Tapmad] Found 0 channels
2026-06-04 12:29:14  INFO      main  [ShoqPK] Found 0 channels
2026-06-04 12:29:14  INFO      main  [Tamasha] Found 0 channels
2026-06-04 12:29:14  INFO      main  Total unique channels after merge: 0
2026-06-04 12:29:14  INFO      main  Validating 0 channels…
2026-06-04 12:29:14  INFO      main  Validation complete: 0 live, 0 dead (removed)
2026-06-04 12:29:14  INFO      main  Diff → +0 new, -0 removed
2026-06-04 12:29:14  INFO      main  Saved 0 channels → output/
2026-06-04 12:29:14  INFO      main  Scrape cycle complete.
2026-06-04 16:03:01  INFO      main  ============================================================
2026-06-04 16:03:01  INFO      main  Scrape cycle started at 2026-06-04 16:03:01
2026-06-04 16:03:01  INFO      main  [Tamasha] Starting scrape…
2026-06-04 16:03:01  INFO      main  [Tapmad] Starting scrape…
2026-06-04 16:03:01  INFO      main  [MyCo] Starting scrape…
2026-06-04 16:03:01  INFO      main  [ShoqPK] Starting scrape…
2026-06-04 16:03:01  INFO      main  [Tapmad] Found 0 channels
2026-06-04 16:03:01  INFO      main  [MyCo] Found 0 channels
2026-06-04 16:03:01  INFO      main  [ShoqPK] Found 0 channels
2026-06-04 16:03:01  INFO      main  [Tamasha] Found 0 channels
2026-06-04 16:03:01  INFO      main  Total unique channels after merge: 0
2026-06-04 16:03:01  INFO      main  Validating 0 channels…
2026-06-04 16:03:01  INFO      main  Validation complete: 0 live, 0 dead (removed)
2026-06-04 16:03:01  INFO      main  Diff → +0 new, -0 removed
2026-06-04 16:03:01  INFO      main  Saved 0 channels → output/
2026-06-04 16:03:01  INFO      main  Scrape cycle complete.
2026-06-04 18:34:52  INFO      main  ============================================================
2026-06-04 18:34:52  INFO      main  Scrape cycle started at 2026-06-04 18:34:52
2026-06-04 18:34:52  INFO      main  [Tamasha] Starting scrape…
2026-06-04 18:34:52  INFO      main  [Tapmad] Starting scrape…
2026-06-04 18:34:52  INFO      main  [MyCo] Starting scrape…
2026-06-04 18:34:52  INFO      main  [ShoqPK] Starting scrape…
2026-06-04 18:34:52  INFO      main  [Tapmad] Found 0 channels
2026-06-04 18:34:52  INFO      main  [MyCo] Found 0 channels
2026-06-04 18:34:52  INFO      main  [ShoqPK] Found 0 channels
2026-06-04 18:34:52  INFO      main  [Tamasha] Found 0 channels
2026-06-04 18:34:52  INFO      main  Total unique channels after merge: 0
2026-06-04 18:34:52  INFO      main  Validating 0 channels…
2026-06-04 18:34:52  INFO      main  Validation complete: 0 live, 0 dead (removed)
2026-06-04 18:34:52  INFO      main  Diff → +0 new, -0 removed
2026-06-04 18:34:52  INFO      main  Saved 0 channels → output/
2026-06-04 18:34:52  INFO      main  Scrape cycle complete.
2026-06-04 20:58:50  INFO      main  ============================================================
2026-06-04 20:58:50  INFO      main  Scrape cycle started at 2026-06-04 20:58:50
2026-06-04 20:58:50  INFO      main  [Tamasha] Starting scrape…
2026-06-04 20:58:50  INFO      main  [Tapmad] Starting scrape…
2026-06-04 20:58:50  INFO      main  [MyCo] Starting scrape…
2026-06-04 20:58:50  INFO      main  [ShoqPK] Starting scrape…
2026-06-04 20:58:50  INFO      main  [MyCo] Found 0 channels
2026-06-04 20:58:50  INFO      main  [Tapmad] Found 0 channels
2026-06-04 20:58:50  INFO      main  [ShoqPK] Found 0 channels
2026-06-04 20:58:50  INFO      main  [Tamasha] Found 0 channels
2026-06-04 20:58:50  INFO      main  Total unique channels after merge: 0
2026-06-04 20:58:50  INFO      main  Validating 0 channels…
2026-06-04 20:58:50  INFO      main  Validation complete: 0 live, 0 dead (removed)
2026-06-04 20:58:50  INFO      main  Diff → +0 new, -0 removed
2026-06-04 20:58:50  INFO      main  Saved 0 channels → output/
2026-06-04 20:58:50  INFO      main  Scrape cycle complete.
2026-06-04 22:40:07  INFO      main  ============================================================
2026-06-04 22:40:07  INFO      main  Scrape cycle started at 2026-06-04 22:40:07
2026-06-04 22:40:07  INFO      main  [Tamasha] Starting scrape…
2026-06-04 22:40:07  INFO      main  [Tapmad] Starting scrape…
2026-06-04 22:40:07  INFO      main  [MyCo] Starting scrape…
2026-06-04 22:40:07  INFO      main  [ShoqPK] Starting scrape…
2026-06-04 22:40:07  INFO      main  [Tapmad] Found 0 channels
2026-06-04 22:40:07  INFO      main  [MyCo] Found 0 channels
2026-06-04 22:40:07  INFO      main  [Tamasha] Found 0 channels
2026-06-04 22:40:08  INFO      main  [ShoqPK] Found 0 channels
2026-06-04 22:40:08  INFO      main  Total unique channels after merge: 0
2026-06-04 22:40:08  INFO      main  Validating 0 channels…
2026-06-04 22:40:08  INFO      main  Validation complete: 0 live, 0 dead (removed)
2026-06-04 22:40:08  INFO      main  Diff → +0 new, -0 removed
2026-06-04 22:40:08  INFO      main  Saved 0 channels → output/
2026-06-04 22:40:08  INFO      main  Scrape cycle complete.
2026-06-05 00:11:53  INFO      main  ============================================================
2026-06-05 00:11:53  INFO      main  Scrape cycle started at 2026-06-05 00:11:53
2026-06-05 00:11:53  INFO      main  [Tamasha] Starting scrape…
2026-06-05 00:11:53  INFO      main  [Tapmad] Starting scrape…
2026-06-05 00:11:53  INFO      main  [MyCo] Starting scrape…
2026-06-05 00:11:53  INFO      main  [ShoqPK] Starting scrape…
2026-06-05 00:11:53  INFO      main  [MyCo] Found 0 channels
2026-06-05 00:11:53  INFO      main  [ShoqPK] Found 0 channels
2026-06-05 00:11:53  INFO      main  [Tapmad] Found 0 channels
2026-06-05 00:11:53  INFO      main  [Tamasha] Found 0 channels
2026-06-05 00:11:53  INFO      main  Total unique channels after merge: 0
2026-06-05 00:11:53  INFO      main  Validating 0 channels…
2026-06-05 00:11:53  INFO      main  Validation complete: 0 live, 0 dead (removed)
2026-06-05 00:11:53  INFO      main  Diff → +0 new, -0 removed
2026-06-05 00:11:53  INFO      main  Saved 0 channels → output/
2026-06-05 00:11:53  INFO      main  Scrape cycle complete.
2026-06-05 04:57:33  INFO      main  ============================================================
2026-06-05 04:57:33  INFO      main  Scrape cycle started at 2026-06-05 04:57:33
2026-06-05 04:57:33  INFO      main  [Tamasha] Starting scrape…
2026-06-05 04:57:33  INFO      main  [Tapmad] Starting scrape…
2026-06-05 04:57:33  INFO      main  [MyCo] Starting scrape…
2026-06-05 04:57:33  INFO      main  [ShoqPK] Starting scrape…
2026-06-05 04:57:33  INFO      main  [MyCo] Found 0 channels
2026-06-05 04:57:33  INFO      main  [Tapmad] Found 0 channels
2026-06-05 04:57:33  INFO      main  [ShoqPK] Found 0 channels
2026-06-05 04:57:33  INFO      main  [Tamasha] Found 0 channels
2026-06-05 04:57:33  INFO      main  Total unique channels after merge: 0
2026-06-05 04:57:33  INFO      main  Validating 0 channels…
2026-06-05 04:57:33  INFO      main  Validation complete: 0 live, 0 dead (removed)
2026-06-05 04:57:33  INFO      main  Diff → +0 new, -0 removed
2026-06-05 04:57:33  INFO      main  Saved 0 channels → output/
2026-06-05 04:57:33  INFO      main  Scrape cycle complete.
2026-06-05 08:49:58  INFO      main  ============================================================
2026-06-05 08:49:58  INFO      main  Scrape cycle started at 2026-06-05 08:49:58
2026-06-05 08:49:58  INFO      main  [Tamasha] Starting scrape…
2026-06-05 08:49:58  INFO      main  [Tapmad] Starting scrape…
2026-06-05 08:49:58  INFO      main  [MyCo] Starting scrape…
2026-06-05 08:49:58  INFO      main  [ShoqPK] Starting scrape…
2026-06-05 08:49:58  INFO      main  [MyCo] Found 0 channels
2026-06-05 08:49:58  INFO      main  [Tapmad] Found 0 channels
2026-06-05 08:49:58  INFO      main  [Tamasha] Found 0 channels
2026-06-05 08:49:58  INFO      main  [ShoqPK] Found 0 channels
2026-06-05 08:49:58  INFO      main  Total unique channels after merge: 0
2026-06-05 08:49:58  INFO      main  Validating 0 channels…
2026-06-05 08:49:58  INFO      main  Validation complete: 0 live, 0 dead (removed)
2026-06-05 08:49:58  INFO      main  Diff → +0 new, -0 removed
2026-06-05 08:49:58  INFO      main  Saved 0 channels → output/
2026-06-05 08:49:58  INFO      main  Scrape cycle complete.
2026-06-05 12:10:32  INFO      main  ============================================================
2026-06-05 12:10:32  INFO      main  Scrape cycle started at 2026-06-05 12:10:32
2026-06-05 12:10:32  INFO      main  [Tamasha] Starting scrape…
2026-06-05 12:10:32  INFO      main  [Tapmad] Starting scrape…
2026-06-05 12:10:32  INFO      main  [MyCo] Starting scrape…
2026-06-05 12:10:32  INFO      main  [ShoqPK] Starting scrape…
2026-06-05 12:10:32  INFO      main  [Tapmad] Found 0 channels
2026-06-05 12:10:32  INFO      main  [MyCo] Found 0 channels
2026-06-05 12:10:32  INFO      main  [ShoqPK] Found 0 channels
2026-06-05 12:10:32  INFO      main  [Tamasha] Found 0 channels
2026-06-05 12:10:32  INFO      main  Total unique channels after merge: 0
2026-06-05 12:10:32  INFO      main  Validating 0 channels…
2026-06-05 12:10:32  INFO      main  Validation complete: 0 live, 0 dead (removed)
2026-06-05 12:10:32  INFO      main  Diff → +0 new, -0 removed
2026-06-05 12:10:32  INFO      main  Saved 0 channels → output/
2026-06-05 12:10:32  INFO      main  Scrape cycle complete.
2026-06-05 15:35:28  INFO      main  ============================================================
2026-06-05 15:35:28  INFO      main  Scrape cycle started at 2026-06-05 15:35:28
2026-06-05 15:35:28  INFO      main  [Tamasha] Starting scrape…
2026-06-05 15:35:28  INFO      main  [Tapmad] Starting scrape…
2026-06-05 15:35:28  INFO      main  [MyCo] Starting scrape…
2026-06-05 15:35:28  INFO      main  [ShoqPK] Starting scrape…
2026-06-05 15:35:28  INFO      main  [MyCo] Found 0 channels
2026-06-05 15:35:28  INFO      main  [Tapmad] Found 0 channels
2026-06-05 15:35:28  INFO      main  [ShoqPK] Found 0 channels
2026-06-05 15:35:28  INFO      main  [Tamasha] Found 0 channels
2026-06-05 15:35:28  INFO      main  Total unique channels after merge: 0
2026-06-05 15:35:28  INFO      main  Validating 0 channels…
2026-06-05 15:35:28  INFO      main  Validation complete: 0 live, 0 dead (removed)
2026-06-05 15:35:28  INFO      main  Diff → +0 new, -0 removed
2026-06-05 15:35:28  INFO      main  Saved 0 channels → output/
2026-06-05 15:35:28  INFO      main  Scrape cycle complete.
2026-06-05 17:57:52  INFO      main  ============================================================
2026-06-05 17:57:52  INFO      main  Scrape cycle started at 2026-06-05 17:57:52
2026-06-05 17:57:52  INFO      main  [Tamasha] Starting scrape…
2026-06-05 17:57:52  INFO      main  [Tapmad] Starting scrape…
2026-06-05 17:57:52  INFO      main  [MyCo] Starting scrape…
2026-06-05 17:57:52  INFO      main  [ShoqPK] Starting scrape…
2026-06-05 17:57:52  INFO      main  [MyCo] Found 0 channels
2026-06-05 17:57:52  INFO      main  [Tapmad] Found 0 channels
2026-06-05 17:57:52  INFO      main  [ShoqPK] Found 0 channels
2026-06-05 17:57:53  INFO      main  [Tamasha] Found 0 channels
2026-06-05 17:57:53  INFO      main  Total unique channels after merge: 0
2026-06-05 17:57:53  INFO      main  Validating 0 channels…
2026-06-05 17:57:53  INFO      main  Validation complete: 0 live, 0 dead (removed)
2026-06-05 17:57:53  INFO      main  Diff → +0 new, -0 removed
2026-06-05 17:57:53  INFO      main  Saved 0 channels → output/
2026-06-05 17:57:53  INFO      main  Scrape cycle complete.
2026-06-05 20:04:39  INFO      main  ============================================================
2026-06-05 20:04:39  INFO      main  Scrape cycle started at 2026-06-05 20:04:39
2026-06-05 20:04:39  INFO      main  [Tamasha] Starting scrape…
2026-06-05 20:04:39  INFO      main  [Tapmad] Starting scrape…
2026-06-05 20:04:39  INFO      main  [MyCo] Starting scrape…
2026-06-05 20:04:39  INFO      main  [ShoqPK] Starting scrape…
2026-06-05 20:04:39  INFO      main  [MyCo] Found 0 channels
2026-06-05 20:04:39  INFO      main  [Tapmad] Found 0 channels
2026-06-05 20:04:39  INFO      main  [ShoqPK] Found 0 channels
2026-06-05 20:04:40  INFO      main  [Tamasha] Found 0 channels
2026-06-05 20:04:40  INFO      main  Total unique channels after merge: 0
2026-06-05 20:04:40  INFO      main  Validating 0 channels…
2026-06-05 20:04:40  INFO      main  Validation complete: 0 live, 0 dead (removed)
2026-06-05 20:04:40  INFO      main  Diff → +0 new, -0 removed
2026-06-05 20:04:40  INFO      main  Saved 0 channels → output/
2026-06-05 20:04:40  INFO      main  Scrape cycle complete.
2026-06-05 21:57:03  INFO      main  ============================================================
2026-06-05 21:57:03  INFO      main  Scrape cycle started at 2026-06-05 21:57:03
2026-06-05 21:57:03  INFO      main  [Tamasha] Starting scrape…
2026-06-05 21:57:03  INFO      main  [Tapmad] Starting scrape…
2026-06-05 21:57:03  INFO      main  [MyCo] Starting scrape…
2026-06-05 21:57:03  INFO      main  [ShoqPK] Starting scrape…
2026-06-05 21:57:03  INFO      main  [MyCo] Found 0 channels
2026-06-05 21:57:03  INFO      main  [Tapmad] Found 0 channels
2026-06-05 21:57:04  INFO      main  [ShoqPK] Found 0 channels
2026-06-05 21:57:04  INFO      main  [Tamasha] Found 0 channels
2026-06-05 21:57:04  INFO      main  Total unique channels after merge: 0
2026-06-05 21:57:04  INFO      main  Validating 0 channels…
2026-06-05 21:57:04  INFO      main  Validation complete: 0 live, 0 dead (removed)
2026-06-05 21:57:04  INFO      main  Diff → +0 new, -0 removed
2026-06-05 21:57:04  INFO      main  Saved 0 channels → output/
2026-06-05 21:57:04  INFO      main  Scrape cycle complete.
2026-06-05 23:17:28  INFO      main  ============================================================
2026-06-05 23:17:28  INFO      main  Scrape cycle started at 2026-06-05 23:17:28
2026-06-05 23:17:28  INFO      main  [Tamasha] Starting scrape…
2026-06-05 23:17:28  INFO      main  [Tapmad] Starting scrape…
2026-06-05 23:17:28  INFO      main  [MyCo] Starting scrape…
2026-06-05 23:17:28  INFO      main  [ShoqPK] Starting scrape…
2026-06-05 23:17:28  INFO      main  [MyCo] Found 0 channels
2026-06-05 23:17:28  INFO      main  [Tapmad] Found 0 channels
2026-06-05 23:17:28  INFO      main  [ShoqPK] Found 0 channels
2026-06-05 23:17:29  INFO      main  [Tamasha] Found 0 channels
2026-06-05 23:17:29  INFO      main  Total unique channels after merge: 0
2026-06-05 23:17:29  INFO      main  Validating 0 channels…
2026-06-05 23:17:29  INFO      main  Validation complete: 0 live, 0 dead (removed)
2026-06-05 23:17:29  INFO      main  Diff → +0 new, -0 removed
2026-06-05 23:17:29  INFO      main  Saved 0 channels → output/
2026-06-05 23:17:29  INFO      main  Scrape cycle complete.
2026-06-06 01:28:58  INFO      main  ============================================================
2026-06-06 01:28:58  INFO      main  Scrape cycle started at 2026-06-06 01:28:58
2026-06-06 01:28:58  INFO      main  [Tamasha] Starting scrape…
2026-06-06 01:28:58  INFO      main  [Tapmad] Starting scrape…
2026-06-06 01:28:58  INFO      main  [MyCo] Starting scrape…
2026-06-06 01:28:58  INFO      main  [ShoqPK] Starting scrape…
2026-06-06 01:28:59  INFO      main  [MyCo] Found 0 channels
2026-06-06 01:28:59  INFO      main  [Tapmad] Found 0 channels
2026-06-06 01:28:59  INFO      main  [ShoqPK] Found 0 channels
2026-06-06 01:28:59  INFO      main  [Tamasha] Found 0 channels
2026-06-06 01:28:59  INFO      main  Total unique channels after merge: 0
2026-06-06 01:28:59  INFO      main  Validating 0 channels…
2026-06-06 01:28:59  INFO      main  Validation complete: 0 live, 0 dead (removed)
2026-06-06 01:28:59  INFO      main  Diff → +0 new, -0 removed
2026-06-06 01:28:59  INFO      main  Saved 0 channels → output/
2026-06-06 01:28:59  INFO      main  Scrape cycle complete.
2026-06-06 05:34:58  INFO      main  ============================================================
2026-06-06 05:34:58  INFO      main  Scrape cycle started at 2026-06-06 05:34:58
2026-06-06 05:34:58  INFO      main  [Tamasha] Starting scrape…
2026-06-06 05:34:58  INFO      main  [Tapmad] Starting scrape…
2026-06-06 05:34:58  INFO      main  [MyCo] Starting scrape…
2026-06-06 05:34:58  INFO      main  [ShoqPK] Starting scrape…
2026-06-06 05:34:58  INFO      main  [MyCo] Found 0 channels
2026-06-06 05:34:58  INFO      main  [Tapmad] Found 0 channels
2026-06-06 05:34:58  INFO      main  [Tamasha] Found 0 channels
2026-06-06 05:34:59  INFO      main  [ShoqPK] Found 0 channels
2026-06-06 05:34:59  INFO      main  Total unique channels after merge: 0
2026-06-06 05:34:59  INFO      main  Validating 0 channels…
2026-06-06 05:34:59  INFO      main  Validation complete: 0 live, 0 dead (removed)
2026-06-06 05:34:59  INFO      main  Diff → +0 new, -0 removed
2026-06-06 05:34:59  INFO      main  Saved 0 channels → output/
2026-06-06 05:34:59  INFO      main  Scrape cycle complete.
2026-06-06 08:36:41  INFO      main  ============================================================
2026-06-06 08:36:41  INFO      main  Scrape cycle started at 2026-06-06 08:36:41
2026-06-06 08:36:41  INFO      main  [Tamasha] Starting scrape…
2026-06-06 08:36:41  INFO      main  [Tapmad] Starting scrape…
2026-06-06 08:36:41  INFO      main  [MyCo] Starting scrape…
2026-06-06 08:36:41  INFO      main  [ShoqPK] Starting scrape…
2026-06-06 08:36:41  INFO      main  [MyCo] Found 0 channels
2026-06-06 08:36:41  INFO      main  [Tapmad] Found 0 channels
2026-06-06 08:36:41  INFO      main  [ShoqPK] Found 0 channels
2026-06-06 08:36:42  INFO      main  [Tamasha] Found 0 channels
2026-06-06 08:36:42  INFO      main  Total unique channels after merge: 0
2026-06-06 08:36:42  INFO      main  Validating 0 channels…
2026-06-06 08:36:42  INFO      main  Validation complete: 0 live, 0 dead (removed)
2026-06-06 08:36:42  INFO      main  Diff → +0 new, -0 removed
2026-06-06 08:36:42  INFO      main  Saved 0 channels → output/
2026-06-06 08:36:42  INFO      main  Scrape cycle complete.
2026-06-06 10:54:43  INFO      main  ============================================================
2026-06-06 10:54:43  INFO      main  Scrape cycle started at 2026-06-06 10:54:43
2026-06-06 10:54:43  INFO      main  [Tamasha] Starting scrape…
2026-06-06 10:54:43  INFO      main  [Tapmad] Starting scrape…
2026-06-06 10:54:43  INFO      main  [MyCo] Starting scrape…
2026-06-06 10:54:43  INFO      main  [ShoqPK] Starting scrape…
2026-06-06 10:54:43  INFO      main  [Tapmad] Found 0 channels
2026-06-06 10:54:43  INFO      main  [MyCo] Found 0 channels
2026-06-06 10:54:43  INFO      main  [ShoqPK] Found 0 channels
2026-06-06 10:54:43  INFO      main  [Tamasha] Found 0 channels
2026-06-06 10:54:43  INFO      main  Total unique channels after merge: 0
2026-06-06 10:54:43  INFO      main  Validating 0 channels…
2026-06-06 10:54:43  INFO      main  Validation complete: 0 live, 0 dead (removed)
2026-06-06 10:54:43  INFO      main  Diff → +0 new, -0 removed
2026-06-06 10:54:43  INFO      main  Saved 0 channels → output/
2026-06-06 10:54:43  INFO      main  Scrape cycle complete.
2026-06-06 12:06:56  INFO      main  ============================================================
2026-06-06 12:06:56  INFO      main  Scrape cycle started at 2026-06-06 12:06:56
2026-06-06 12:06:56  INFO      main  [Tamasha] Starting scrape…
2026-06-06 12:06:56  INFO      main  [Tapmad] Starting scrape…
2026-06-06 12:06:56  INFO      main  [MyCo] Starting scrape…
2026-06-06 12:06:56  INFO      main  [ShoqPK] Starting scrape…
2026-06-06 12:06:56  INFO      main  [MyCo] Found 0 channels
2026-06-06 12:06:56  INFO      main  [Tapmad] Found 0 channels
2026-06-06 12:06:56  INFO      main  [ShoqPK] Found 0 channels
2026-06-06 12:06:56  INFO      main  [Tamasha] Found 0 channels
2026-06-06 12:06:56  INFO      main  Total unique channels after merge: 0
2026-06-06 12:06:56  INFO      main  Validating 0 channels…
2026-06-06 12:06:56  INFO      main  Validation complete: 0 live, 0 dead (removed)
2026-06-06 12:06:56  INFO      main  Diff → +0 new, -0 removed
2026-06-06 12:06:56  INFO      main  Saved 0 channels → output/
2026-06-06 12:06:56  INFO      main  Scrape cycle complete.
2026-06-06 14:16:57  INFO      main  ============================================================
2026-06-06 14:16:57  INFO      main  Scrape cycle started at 2026-06-06 14:16:57
2026-06-06 14:16:57  INFO      main  [Tamasha] Starting scrape…
2026-06-06 14:16:57  INFO      main  [Tapmad] Starting scrape…
2026-06-06 14:16:57  INFO      main  [MyCo] Starting scrape…
2026-06-06 14:16:57  INFO      main  [ShoqPK] Starting scrape…
2026-06-06 14:16:57  INFO      main  [MyCo] Found 0 channels
2026-06-06 14:16:57  INFO      main  [Tapmad] Found 0 channels
2026-06-06 14:16:57  INFO      main  [Tamasha] Found 0 channels
2026-06-06 14:16:57  INFO      main  [ShoqPK] Found 0 channels
2026-06-06 14:16:57  INFO      main  Total unique channels after merge: 0
2026-06-06 14:16:57  INFO      main  Validating 0 channels…
2026-06-06 14:16:57  INFO      main  Validation complete: 0 live, 0 dead (removed)
2026-06-06 14:16:57  INFO      main  Diff → +0 new, -0 removed
2026-06-06 14:16:57  INFO      main  Saved 0 channels → output/
2026-06-06 14:16:57  INFO      main  Scrape cycle complete.
2026-06-06 15:51:37  INFO      main  ============================================================
2026-06-06 15:51:37  INFO      main  Scrape cycle started at 2026-06-06 15:51:37
2026-06-06 15:51:37  INFO      main  [Tamasha] Starting scrape…
2026-06-06 15:51:37  INFO      main  [Tapmad] Starting scrape…
2026-06-06 15:51:37  INFO      main  [MyCo] Starting scrape…
2026-06-06 15:51:37  INFO      main  [ShoqPK] Starting scrape…
2026-06-06 15:51:37  INFO      main  [Tapmad] Found 0 channels
2026-06-06 15:51:37  INFO      main  [MyCo] Found 0 channels
2026-06-06 15:51:37  INFO      main  [ShoqPK] Found 0 channels
2026-06-06 15:51:37  INFO      main  [Tamasha] Found 0 channels
2026-06-06 15:51:37  INFO      main  Total unique channels after merge: 0
2026-06-06 15:51:37  INFO      main  Validating 0 channels…
2026-06-06 15:51:37  INFO      main  Validation complete: 0 live, 0 dead (removed)
2026-06-06 15:51:37  INFO      main  Diff → +0 new, -0 removed
2026-06-06 15:51:37  INFO      main  Saved 0 channels → output/
2026-06-06 15:51:37  INFO      main  Scrape cycle complete.
2026-06-06 17:17:41  INFO      main  ============================================================
2026-06-06 17:17:41  INFO      main  Scrape cycle started at 2026-06-06 17:17:41
2026-06-06 17:17:41  INFO      main  [Tamasha] Starting scrape…
2026-06-06 17:17:41  INFO      main  [Tapmad] Starting scrape…
2026-06-06 17:17:41  INFO      main  [MyCo] Starting scrape…
2026-06-06 17:17:41  INFO      main  [ShoqPK] Starting scrape…
2026-06-06 17:17:41  INFO      main  [MyCo] Found 0 channels
2026-06-06 17:17:41  INFO      main  [Tapmad] Found 0 channels
2026-06-06 17:17:42  INFO      main  [ShoqPK] Found 0 channels
2026-06-06 17:17:42  INFO      main  [Tamasha] Found 0 channels
2026-06-06 17:17:42  INFO      main  Total unique channels after merge: 0
2026-06-06 17:17:42  INFO      main  Validating 0 channels…
2026-06-06 17:17:42  INFO      main  Validation complete: 0 live, 0 dead (removed)
2026-06-06 17:17:42  INFO      main  Diff → +0 new, -0 removed
2026-06-06 17:17:42  INFO      main  Saved 0 channels → output/
2026-06-06 17:17:42  INFO      main  Scrape cycle complete.
2026-06-06 18:48:47  INFO      main  ============================================================
2026-06-06 18:48:47  INFO      main  Scrape cycle started at 2026-06-06 18:48:47
2026-06-06 18:48:47  INFO      main  [Tamasha] Starting scrape…
2026-06-06 18:48:47  INFO      main  [Tapmad] Starting scrape…
2026-06-06 18:48:47  INFO      main  [MyCo] Starting scrape…
2026-06-06 18:48:47  INFO      main  [ShoqPK] Starting scrape…
2026-06-06 18:48:47  INFO      main  [MyCo] Found 0 channels
2026-06-06 18:48:47  INFO      main  [Tapmad] Found 0 channels
2026-06-06 18:48:47  INFO      main  [Tamasha] Found 0 channels
2026-06-06 18:48:47  INFO      main  [ShoqPK] Found 0 channels
2026-06-06 18:48:47  INFO      main  Total unique channels after merge: 0
2026-06-06 18:48:47  INFO      main  Validating 0 channels…
2026-06-06 18:48:47  INFO      main  Validation complete: 0 live, 0 dead (removed)
2026-06-06 18:48:47  INFO      main  Diff → +0 new, -0 removed
2026-06-06 18:48:47  INFO      main  Saved 0 channels → output/
2026-06-06 18:48:47  INFO      main  Scrape cycle complete.
2026-06-06 20:10:50  INFO      main  ============================================================
2026-06-06 20:10:50  INFO      main  Scrape cycle started at 2026-06-06 20:10:50
2026-06-06 20:10:50  INFO      main  [Tamasha] Starting scrape…
2026-06-06 20:10:50  INFO      main  [Tapmad] Starting scrape…
2026-06-06 20:10:50  INFO      main  [MyCo] Starting scrape…
2026-06-06 20:10:50  INFO      main  [ShoqPK] Starting scrape…
2026-06-06 20:10:50  INFO      main  [Tapmad] Found 0 channels
2026-06-06 20:10:50  INFO      main  [MyCo] Found 0 channels
2026-06-06 20:10:51  INFO      main  [Tamasha] Found 0 channels
2026-06-06 20:10:51  INFO      main  [ShoqPK] Found 0 channels
2026-06-06 20:10:51  INFO      main  Total unique channels after merge: 0
2026-06-06 20:10:51  INFO      main  Validating 0 channels…
2026-06-06 20:10:51  INFO      main  Validation complete: 0 live, 0 dead (removed)
2026-06-06 20:10:51  INFO      main  Diff → +0 new, -0 removed
2026-06-06 20:10:51  INFO      main  Saved 0 channels → output/
2026-06-06 20:10:51  INFO      main  Scrape cycle complete.
2026-06-06 21:37:35  INFO      main  ============================================================
2026-06-06 21:37:35  INFO      main  Scrape cycle started at 2026-06-06 21:37:35
2026-06-06 21:37:35  INFO      main  [Tamasha] Starting scrape…
2026-06-06 21:37:35  INFO      main  [Tapmad] Starting scrape…
2026-06-06 21:37:35  INFO      main  [MyCo] Starting scrape…
2026-06-06 21:37:35  INFO      main  [ShoqPK] Starting scrape…
2026-06-06 21:37:35  INFO      main  [MyCo] Found 0 channels
2026-06-06 21:37:35  INFO      main  [Tapmad] Found 0 channels
2026-06-06 21:37:36  INFO      main  [ShoqPK] Found 0 channels
2026-06-06 21:37:36  INFO      main  [Tamasha] Found 0 channels
2026-06-06 21:37:36  INFO      main  Total unique channels after merge: 0
2026-06-06 21:37:36  INFO      main  Validating 0 channels…
2026-06-06 21:37:36  INFO      main  Validation complete: 0 live, 0 dead (removed)
2026-06-06 21:37:36  INFO      main  Diff → +0 new, -0 removed
2026-06-06 21:37:36  INFO      main  Saved 0 channels → output/
2026-06-06 21:37:36  INFO      main  Scrape cycle complete.
2026-06-06 23:06:54  INFO      main  ============================================================
2026-06-06 23:06:54  INFO      main  Scrape cycle started at 2026-06-06 23:06:54
2026-06-06 23:06:54  INFO      main  [Tamasha] Starting scrape…
2026-06-06 23:06:54  INFO      main  [Tapmad] Starting scrape…
2026-06-06 23:06:54  INFO      main  [MyCo] Starting scrape…
2026-06-06 23:06:54  INFO      main  [ShoqPK] Starting scrape…
2026-06-06 23:06:54  INFO      main  [MyCo] Found 0 channels
2026-06-06 23:06:54  INFO      main  [ShoqPK] Found 0 channels
2026-06-06 23:06:54  INFO      main  [Tapmad] Found 0 channels
2026-06-06 23:06:54  INFO      main  [Tamasha] Found 0 channels
2026-06-06 23:06:54  INFO      main  Total unique channels after merge: 0
2026-06-06 23:06:54  INFO      main  Validating 0 channels…
2026-06-06 23:06:54  INFO      main  Validation complete: 0 live, 0 dead (removed)
2026-06-06 23:06:54  INFO      main  Diff → +0 new, -0 removed
2026-06-06 23:06:54  INFO      main  Saved 0 channels → output/
2026-06-06 23:06:54  INFO      main  Scrape cycle complete.
2026-06-07 01:37:20  INFO      main  ============================================================
2026-06-07 01:37:20  INFO      main  Scrape cycle started at 2026-06-07 01:37:20
2026-06-07 01:37:20  INFO      main  [Tamasha] Starting scrape…
2026-06-07 01:37:20  INFO      main  [Tapmad] Starting scrape…
2026-06-07 01:37:20  INFO      main  [MyCo] Starting scrape…
2026-06-07 01:37:20  INFO      main  [ShoqPK] Starting scrape…
2026-06-07 01:37:20  INFO      main  [MyCo] Found 0 channels
2026-06-07 01:37:20  INFO      main  [Tapmad] Found 0 channels
2026-06-07 01:37:20  INFO      main  [ShoqPK] Found 0 channels
2026-06-07 01:37:20  INFO      main  [Tamasha] Found 0 channels
2026-06-07 01:37:20  INFO      main  Total unique channels after merge: 0
2026-06-07 01:37:20  INFO      main  Validating 0 channels…
2026-06-07 01:37:20  INFO      main  Validation complete: 0 live, 0 dead (removed)
2026-06-07 01:37:20  INFO      main  Diff → +0 new, -0 removed
2026-06-07 01:37:20  INFO      main  Saved 0 channels → output/
2026-06-07 01:37:20  INFO      main  Scrape cycle complete.
2026-06-07 06:27:17  INFO      main  ============================================================
2026-06-07 06:27:17  INFO      main  Scrape cycle started at 2026-06-07 06:27:17
2026-06-07 06:27:17  INFO      main  [Tamasha] Starting scrape…
2026-06-07 06:27:17  INFO      main  [Tapmad] Starting scrape…
2026-06-07 06:27:17  INFO      main  [MyCo] Starting scrape…
2026-06-07 06:27:17  INFO      main  [ShoqPK] Starting scrape…
2026-06-07 06:27:17  INFO      main  [MyCo] Found 0 channels
2026-06-07 06:27:17  INFO      main  [Tapmad] Found 0 channels
2026-06-07 06:27:17  INFO      main  [ShoqPK] Found 0 channels
2026-06-07 06:27:17  INFO      main  [Tamasha] Found 0 channels
2026-06-07 06:27:17  INFO      main  Total unique channels after merge: 0
2026-06-07 06:27:17  INFO      main  Validating 0 channels…
2026-06-07 06:27:17  INFO      main  Validation complete: 0 live, 0 dead (removed)
2026-06-07 06:27:17  INFO      main  Diff → +0 new, -0 removed
2026-06-07 06:27:17  INFO      main  Saved 0 channels → output/
2026-06-07 06:27:17  INFO      main  Scrape cycle complete.
2026-06-07 09:47:38  INFO      main  ============================================================
2026-06-07 09:47:38  INFO      main  Scrape cycle started at 2026-06-07 09:47:38
2026-06-07 09:47:38  INFO      main  [Tamasha] Starting scrape…
2026-06-07 09:47:38  INFO      main  [Tapmad] Starting scrape…
2026-06-07 09:47:38  INFO      main  [MyCo] Starting scrape…
2026-06-07 09:47:38  INFO      main  [ShoqPK] Starting scrape…
2026-06-07 09:47:38  INFO      main  [Tapmad] Found 0 channels
2026-06-07 09:47:38  INFO      main  [ShoqPK] Found 0 channels
2026-06-07 09:47:38  INFO      main  [MyCo] Found 0 channels
2026-06-07 09:47:38  INFO      main  [Tamasha] Found 0 channels
2026-06-07 09:47:38  INFO      main  Total unique channels after merge: 0
2026-06-07 09:47:38  INFO      main  Validating 0 channels…
2026-06-07 09:47:38  INFO      main  Validation complete: 0 live, 0 dead (removed)
2026-06-07 09:47:38  INFO      main  Diff → +0 new, -0 removed
2026-06-07 09:47:38  INFO      main  Saved 0 channels → output/
2026-06-07 09:47:38  INFO      main  Scrape cycle complete.
2026-06-07 11:50:03  INFO      main  ============================================================
2026-06-07 11:50:03  INFO      main  Scrape cycle started at 2026-06-07 11:50:03
2026-06-07 11:50:03  INFO      main  [Tamasha] Starting scrape…
2026-06-07 11:50:03  INFO      main  [Tapmad] Starting scrape…
2026-06-07 11:50:03  INFO      main  [MyCo] Starting scrape…
2026-06-07 11:50:03  INFO      main  [ShoqPK] Starting scrape…
2026-06-07 11:50:03  INFO      main  [MyCo] Found 0 channels
2026-06-07 11:50:03  INFO      main  [Tapmad] Found 0 channels
2026-06-07 11:50:03  INFO      main  [Tamasha] Found 0 channels
2026-06-07 11:50:04  INFO      main  [ShoqPK] Found 0 channels
2026-06-07 11:50:04  INFO      main  Total unique channels after merge: 0
2026-06-07 11:50:04  INFO      main  Validating 0 channels…
2026-06-07 11:50:04  INFO      main  Validation complete: 0 live, 0 dead (removed)
2026-06-07 11:50:04  INFO      main  Diff → +0 new, -0 removed
2026-06-07 11:50:04  INFO      main  Saved 0 channels → output/
2026-06-07 11:50:04  INFO      main  Scrape cycle complete.
2026-06-07 13:58:44  INFO      main  ============================================================
2026-06-07 13:58:44  INFO      main  Scrape cycle started at 2026-06-07 13:58:44
2026-06-07 13:58:44  INFO      main  [Tamasha] Starting scrape…
2026-06-07 13:58:44  INFO      main  [Tapmad] Starting scrape…
2026-06-07 13:58:44  INFO      main  [MyCo] Starting scrape…
2026-06-07 13:58:44  INFO      main  [ShoqPK] Starting scrape…
2026-06-07 13:58:44  INFO      main  [MyCo] Found 0 channels
2026-06-07 13:58:44  INFO      main  [Tapmad] Found 0 channels
2026-06-07 13:58:45  INFO      main  [ShoqPK] Found 0 channels
2026-06-07 13:58:45  INFO      main  [Tamasha] Found 0 channels
2026-06-07 13:58:45  INFO      main  Total unique channels after merge: 0
2026-06-07 13:58:45  INFO      main  Validating 0 channels…
2026-06-07 13:58:45  INFO      main  Validation complete: 0 live, 0 dead (removed)
2026-06-07 13:58:45  INFO      main  Diff → +0 new, -0 removed
2026-06-07 13:58:45  INFO      main  Saved 0 channels → output/
2026-06-07 13:58:45  INFO      main  Scrape cycle complete.
2026-06-07 15:38:29  INFO      main  ============================================================
2026-06-07 15:38:29  INFO      main  Scrape cycle started at 2026-06-07 15:38:29
2026-06-07 15:38:29  INFO      main  [Tamasha] Starting scrape…
2026-06-07 15:38:29  INFO      main  [Tapmad] Starting scrape…
2026-06-07 15:38:29  INFO      main  [MyCo] Starting scrape…
2026-06-07 15:38:29  INFO      main  [ShoqPK] Starting scrape…
2026-06-07 15:38:29  INFO      main  [MyCo] Found 0 channels
2026-06-07 15:38:29  INFO      main  [Tapmad] Found 0 channels
2026-06-07 15:38:29  INFO      main  [Tamasha] Found 0 channels
2026-06-07 15:38:29  INFO      main  [ShoqPK] Found 0 channels
2026-06-07 15:38:29  INFO      main  Total unique channels after merge: 0
2026-06-07 15:38:29  INFO      main  Validating 0 channels…
2026-06-07 15:38:29  INFO      main  Validation complete: 0 live, 0 dead (removed)
2026-06-07 15:38:29  INFO      main  Diff → +0 new, -0 removed
2026-06-07 15:38:29  INFO      main  Saved 0 channels → output/
2026-06-07 15:38:29  INFO      main  Scrape cycle complete.
2026-06-07 17:20:59  INFO      main  ============================================================
2026-06-07 17:20:59  INFO      main  Scrape cycle started at 2026-06-07 17:20:59
2026-06-07 17:20:59  INFO      main  [Tamasha] Starting scrape…
2026-06-07 17:20:59  INFO      main  [Tapmad] Starting scrape…
2026-06-07 17:20:59  INFO      main  [MyCo] Starting scrape…
2026-06-07 17:20:59  INFO      main  [ShoqPK] Starting scrape…
2026-06-07 17:20:59  INFO      main  [MyCo] Found 0 channels
2026-06-07 17:20:59  INFO      main  [Tapmad] Found 0 channels
2026-06-07 17:20:59  INFO      main  [ShoqPK] Found 0 channels
2026-06-07 17:21:00  INFO      main  [Tamasha] Found 0 channels
2026-06-07 17:21:00  INFO      main  Total unique channels after merge: 0
2026-06-07 17:21:00  INFO      main  Validating 0 channels…
2026-06-07 17:21:00  INFO      main  Validation complete: 0 live, 0 dead (removed)
2026-06-07 17:21:00  INFO      main  Diff → +0 new, -0 removed
2026-06-07 17:21:00  INFO      main  Saved 0 channels → output/
2026-06-07 17:21:00  INFO      main  Scrape cycle complete.
2026-06-07 18:49:03  INFO      main  ============================================================
2026-06-07 18:49:03  INFO      main  Scrape cycle started at 2026-06-07 18:49:03
2026-06-07 18:49:03  INFO      main  [Tamasha] Starting scrape…
2026-06-07 18:49:03  INFO      main  [Tapmad] Starting scrape…
2026-06-07 18:49:03  INFO      main  [MyCo] Starting scrape…
2026-06-07 18:49:03  INFO      main  [ShoqPK] Starting scrape…
2026-06-07 18:49:03  INFO      main  [Tapmad] Found 0 channels
2026-06-07 18:49:04  INFO      main  [MyCo] Found 0 channels
2026-06-07 18:49:04  INFO      main  [Tamasha] Found 0 channels
2026-06-07 18:49:04  INFO      main  [ShoqPK] Found 0 channels
2026-06-07 18:49:04  INFO      main  Total unique channels after merge: 0
2026-06-07 18:49:04  INFO      main  Validating 0 channels…
2026-06-07 18:49:04  INFO      main  Validation complete: 0 live, 0 dead (removed)
2026-06-07 18:49:04  INFO      main  Diff → +0 new, -0 removed
2026-06-07 18:49:04  INFO      main  Saved 0 channels → output/
2026-06-07 18:49:04  INFO      main  Scrape cycle complete.
2026-06-07 20:14:14  INFO      main  ============================================================
2026-06-07 20:14:14  INFO      main  Scrape cycle started at 2026-06-07 20:14:14
2026-06-07 20:14:14  INFO      main  [Tamasha] Starting scrape…
2026-06-07 20:14:14  INFO      main  [Tapmad] Starting scrape…
2026-06-07 20:14:14  INFO      main  [MyCo] Starting scrape…
2026-06-07 20:14:14  INFO      main  [ShoqPK] Starting scrape…
2026-06-07 20:14:14  INFO      main  [MyCo] Found 0 channels
2026-06-07 20:14:14  INFO      main  [Tapmad] Found 0 channels
2026-06-07 20:14:14  INFO      main  [Tamasha] Found 0 channels
2026-06-07 20:14:14  INFO      main  [ShoqPK] Found 0 channels
2026-06-07 20:14:14  INFO      main  Total unique channels after merge: 0
2026-06-07 20:14:14  INFO      main  Validating 0 channels…
2026-06-07 20:14:14  INFO      main  Validation complete: 0 live, 0 dead (removed)
2026-06-07 20:14:14  INFO      main  Diff → +0 new, -0 removed
2026-06-07 20:14:14  INFO      main  Saved 0 channels → output/
2026-06-07 20:14:14  INFO      main  Scrape cycle complete.
2026-06-07 21:45:09  INFO      main  ============================================================
2026-06-07 21:45:09  INFO      main  Scrape cycle started at 2026-06-07 21:45:09
2026-06-07 21:45:09  INFO      main  [Tamasha] Starting scrape…
2026-06-07 21:45:09  INFO      main  [Tapmad] Starting scrape…
2026-06-07 21:45:09  INFO      main  [MyCo] Starting scrape…
2026-06-07 21:45:09  INFO      main  [ShoqPK] Starting scrape…
2026-06-07 21:45:09  INFO      main  [Tapmad] Found 0 channels
2026-06-07 21:45:09  INFO      main  [ShoqPK] Found 0 channels
2026-06-07 21:45:09  INFO      main  [MyCo] Found 0 channels
2026-06-07 21:45:09  INFO      main  [Tamasha] Found 0 channels
2026-06-07 21:45:09  INFO      main  Total unique channels after merge: 0
2026-06-07 21:45:09  INFO      main  Validating 0 channels…
2026-06-07 21:45:09  INFO      main  Validation complete: 0 live, 0 dead (removed)
2026-06-07 21:45:09  INFO      main  Diff → +0 new, -0 removed
2026-06-07 21:45:09  INFO      main  Saved 0 channels → output/
2026-06-07 21:45:09  INFO      main  Scrape cycle complete.
2026-06-07 23:08:24  INFO      main  ============================================================
2026-06-07 23:08:24  INFO      main  Scrape cycle started at 2026-06-07 23:08:24
2026-06-07 23:08:24  INFO      main  [Tamasha] Starting scrape…
2026-06-07 23:08:24  INFO      main  [Tapmad] Starting scrape…
2026-06-07 23:08:24  INFO      main  [MyCo] Starting scrape…
2026-06-07 23:08:24  INFO      main  [ShoqPK] Starting scrape…
2026-06-07 23:08:24  INFO      main  [MyCo] Found 0 channels
2026-06-07 23:08:24  INFO      main  [Tapmad] Found 0 channels
2026-06-07 23:08:25  INFO      main  [ShoqPK] Found 0 channels
2026-06-07 23:08:25  INFO      main  [Tamasha] Found 0 channels
2026-06-07 23:08:25  INFO      main  Total unique channels after merge: 0
2026-06-07 23:08:25  INFO      main  Validating 0 channels…
2026-06-07 23:08:25  INFO      main  Validation complete: 0 live, 0 dead (removed)
2026-06-07 23:08:25  INFO      main  Diff → +0 new, -0 removed
2026-06-07 23:08:25  INFO      main  Saved 0 channels → output/
2026-06-07 23:08:25  INFO      main  Scrape cycle complete.
2026-06-08 01:40:56  INFO      main  ============================================================
2026-06-08 01:40:56  INFO      main  Scrape cycle started at 2026-06-08 01:40:56
2026-06-08 01:40:56  INFO      main  [Tamasha] Starting scrape…
2026-06-08 01:40:56  INFO      main  [Tapmad] Starting scrape…
2026-06-08 01:40:56  INFO      main  [MyCo] Starting scrape…
2026-06-08 01:40:56  INFO      main  [ShoqPK] Starting scrape…
2026-06-08 01:40:56  INFO      main  [Tapmad] Found 0 channels
2026-06-08 01:40:57  INFO      main  [MyCo] Found 0 channels
2026-06-08 01:40:57  INFO      main  [ShoqPK] Found 0 channels
2026-06-08 01:40:57  INFO      main  [Tamasha] Found 0 channels
2026-06-08 01:40:57  INFO      main  Total unique channels after merge: 0
2026-06-08 01:40:57  INFO      main  Validating 0 channels…
2026-06-08 01:40:57  INFO      main  Validation complete: 0 live, 0 dead (removed)
2026-06-08 01:40:57  INFO      main  Diff → +0 new, -0 removed
2026-06-08 01:40:57  INFO      main  Saved 0 channels → output/
2026-06-08 01:40:57  INFO      main  Scrape cycle complete.
2026-06-08 06:47:02  INFO      main  ============================================================
2026-06-08 06:47:02  INFO      main  Scrape cycle started at 2026-06-08 06:47:02
2026-06-08 06:47:02  INFO      main  [Tamasha] Starting scrape…
2026-06-08 06:47:02  INFO      main  [Tapmad] Starting scrape…
2026-06-08 06:47:02  INFO      main  [MyCo] Starting scrape…
2026-06-08 06:47:02  INFO      main  [ShoqPK] Starting scrape…
2026-06-08 06:47:02  INFO      main  [MyCo] Found 0 channels
2026-06-08 06:47:02  INFO      main  [Tapmad] Found 0 channels
2026-06-08 06:47:02  INFO      main  [ShoqPK] Found 0 channels
2026-06-08 06:47:02  INFO      main  [Tamasha] Found 0 channels
2026-06-08 06:47:02  INFO      main  Total unique channels after merge: 0
2026-06-08 06:47:02  INFO      main  Validating 0 channels…
2026-06-08 06:47:02  INFO      main  Validation complete: 0 live, 0 dead (removed)
2026-06-08 06:47:02  INFO      main  Diff → +0 new, -0 removed
2026-06-08 06:47:02  INFO      main  Saved 0 channels → output/
2026-06-08 06:47:02  INFO      main  Scrape cycle complete.
2026-06-08 11:59:45  INFO      main  ============================================================
2026-06-08 11:59:45  INFO      main  Scrape cycle started at 2026-06-08 11:59:45
2026-06-08 11:59:45  INFO      main  [Tamasha] Starting scrape…
2026-06-08 11:59:45  INFO      main  [Tapmad] Starting scrape…
2026-06-08 11:59:45  INFO      main  [MyCo] Starting scrape…
2026-06-08 11:59:45  INFO      main  [ShoqPK] Starting scrape…
2026-06-08 11:59:45  INFO      main  [MyCo] Found 0 channels
2026-06-08 11:59:45  INFO      main  [Tamasha] Found 0 channels
2026-06-08 11:59:45  INFO      main  [Tapmad] Found 0 channels
2026-06-08 11:59:45  INFO      main  [ShoqPK] Found 0 channels
2026-06-08 11:59:45  INFO      main  Total unique channels after merge: 0
2026-06-08 11:59:45  INFO      main  Validating 0 channels…
2026-06-08 11:59:45  INFO      main  Validation complete: 0 live, 0 dead (removed)
2026-06-08 11:59:45  INFO      main  Diff → +0 new, -0 removed
2026-06-08 11:59:45  INFO      main  Saved 0 channels → output/
2026-06-08 11:59:45  INFO      main  Scrape cycle complete.
2026-06-08 16:12:49  INFO      main  ============================================================
2026-06-08 16:12:49  INFO      main  Scrape cycle started at 2026-06-08 16:12:49
2026-06-08 16:12:49  INFO      main  [Tamasha] Starting scrape…
2026-06-08 16:12:49  INFO      main  [Tapmad] Starting scrape…
2026-06-08 16:12:49  INFO      main  [MyCo] Starting scrape…
2026-06-08 16:12:49  INFO      main  [ShoqPK] Starting scrape…
2026-06-08 16:12:49  INFO      main  [Tapmad] Found 0 channels
2026-06-08 16:12:49  INFO      main  [MyCo] Found 0 channels
2026-06-08 16:12:50  INFO      main  [ShoqPK] Found 0 channels
2026-06-08 16:12:50  INFO      main  [Tamasha] Found 0 channels
2026-06-08 16:12:50  INFO      main  Total unique channels after merge: 0
2026-06-08 16:12:50  INFO      main  Validating 0 channels…
2026-06-08 16:12:50  INFO      main  Validation complete: 0 live, 0 dead (removed)
2026-06-08 16:12:50  INFO      main  Diff → +0 new, -0 removed
2026-06-08 16:12:50  INFO      main  Saved 0 channels → output/
2026-06-08 16:12:50  INFO      main  Scrape cycle complete.
2026-06-08 18:43:00  INFO      main  ============================================================
2026-06-08 18:43:00  INFO      main  Scrape cycle started at 2026-06-08 18:43:00
2026-06-08 18:43:00  INFO      main  [Tamasha] Starting scrape…
2026-06-08 18:43:00  INFO      main  [Tapmad] Starting scrape…
2026-06-08 18:43:00  INFO      main  [MyCo] Starting scrape…
2026-06-08 18:43:00  INFO      main  [ShoqPK] Starting scrape…
2026-06-08 18:43:00  INFO      main  [MyCo] Found 0 channels
2026-06-08 18:43:00  INFO      main  [Tapmad] Found 0 channels
2026-06-08 18:43:01  INFO      main  [ShoqPK] Found 0 channels
2026-06-08 18:43:01  INFO      main  [Tamasha] Found 0 channels
2026-06-08 18:43:01  INFO      main  Total unique channels after merge: 0
2026-06-08 18:43:01  INFO      main  Validating 0 channels…
2026-06-08 18:43:01  INFO      main  Validation complete: 0 live, 0 dead (removed)
2026-06-08 18:43:01  INFO      main  Diff → +0 new, -0 removed
2026-06-08 18:43:01  INFO      main  Saved 0 channels → output/
2026-06-08 18:43:01  INFO      main  Scrape cycle complete.
2026-06-08 21:11:43  INFO      main  ============================================================
2026-06-08 21:11:43  INFO      main  Scrape cycle started at 2026-06-08 21:11:43
2026-06-08 21:11:43  INFO      main  [Tamasha] Starting scrape…
2026-06-08 21:11:43  INFO      main  [Tapmad] Starting scrape…
2026-06-08 21:11:43  INFO      main  [MyCo] Starting scrape…
2026-06-08 21:11:43  INFO      main  [ShoqPK] Starting scrape…
2026-06-08 21:11:43  INFO      main  [Tapmad] Found 0 channels
2026-06-08 21:11:43  INFO      main  [MyCo] Found 0 channels
2026-06-08 21:11:43  INFO      main  [Tamasha] Found 0 channels
2026-06-08 21:11:43  INFO      main  [ShoqPK] Found 0 channels
2026-06-08 21:11:43  INFO      main  Total unique channels after merge: 0
2026-06-08 21:11:43  INFO      main  Validating 0 channels…
2026-06-08 21:11:43  INFO      main  Validation complete: 0 live, 0 dead (removed)
2026-06-08 21:11:43  INFO      main  Diff → +0 new, -0 removed
2026-06-08 21:11:43  INFO      main  Saved 0 channels → output/
2026-06-08 21:11:43  INFO      main  Scrape cycle complete.
2026-06-08 22:57:26  INFO      main  ============================================================
2026-06-08 22:57:26  INFO      main  Scrape cycle started at 2026-06-08 22:57:26
2026-06-08 22:57:26  INFO      main  [Tamasha] Starting scrape…
2026-06-08 22:57:26  INFO      main  [Tapmad] Starting scrape…
2026-06-08 22:57:26  INFO      main  [MyCo] Starting scrape…
2026-06-08 22:57:26  INFO      main  [ShoqPK] Starting scrape…
2026-06-08 22:57:26  INFO      main  [MyCo] Found 0 channels
2026-06-08 22:57:26  INFO      main  [Tamasha] Found 0 channels
2026-06-08 22:57:26  INFO      main  [Tapmad] Found 0 channels
2026-06-08 22:57:27  INFO      main  [ShoqPK] Found 0 channels
2026-06-08 22:57:27  INFO      main  Total unique channels after merge: 0
2026-06-08 22:57:27  INFO      main  Validating 0 channels…
2026-06-08 22:57:27  INFO      main  Validation complete: 0 live, 0 dead (removed)
2026-06-08 22:57:27  INFO      main  Diff → +0 new, -0 removed
2026-06-08 22:57:27  INFO      main  Saved 0 channels → output/
2026-06-08 22:57:27  INFO      main  Scrape cycle complete.
2026-06-09 00:11:47  INFO      main  ============================================================
2026-06-09 00:11:47  INFO      main  Scrape cycle started at 2026-06-09 00:11:47
2026-06-09 00:11:47  INFO      main  [Tamasha] Starting scrape…
2026-06-09 00:11:47  INFO      main  [Tapmad] Starting scrape…
2026-06-09 00:11:47  INFO      main  [MyCo] Starting scrape…
2026-06-09 00:11:47  INFO      main  [ShoqPK] Starting scrape…
2026-06-09 00:11:47  INFO      main  [Tapmad] Found 0 channels
2026-06-09 00:11:47  INFO      main  [MyCo] Found 0 channels
2026-06-09 00:11:47  INFO      main  [ShoqPK] Found 0 channels
2026-06-09 00:11:48  INFO      main  [Tamasha] Found 0 channels
2026-06-09 00:11:48  INFO      main  Total unique channels after merge: 0
2026-06-09 00:11:48  INFO      main  Validating 0 channels…
2026-06-09 00:11:48  INFO      main  Validation complete: 0 live, 0 dead (removed)
2026-06-09 00:11:48  INFO      main  Diff → +0 new, -0 removed
2026-06-09 00:11:48  INFO      main  Saved 0 channels → output/
2026-06-09 00:11:48  INFO      main  Scrape cycle complete.
2026-06-09 04:46:15  INFO      main  ============================================================
2026-06-09 04:46:15  INFO      main  Scrape cycle started at 2026-06-09 04:46:15
2026-06-09 04:46:15  INFO      main  [Tamasha] Starting scrape…
2026-06-09 04:46:15  INFO      main  [Tapmad] Starting scrape…
2026-06-09 04:46:15  INFO      main  [MyCo] Starting scrape…
2026-06-09 04:46:15  INFO      main  [ShoqPK] Starting scrape…
2026-06-09 04:46:15  INFO      main  [MyCo] Found 0 channels
2026-06-09 04:46:15  INFO      main  [Tamasha] Found 0 channels
2026-06-09 04:46:15  INFO      main  [Tapmad] Found 0 channels
2026-06-09 04:46:15  INFO      main  [ShoqPK] Found 0 channels
2026-06-09 04:46:15  INFO      main  Total unique channels after merge: 0
2026-06-09 04:46:15  INFO      main  Validating 0 channels…
2026-06-09 04:46:15  INFO      main  Validation complete: 0 live, 0 dead (removed)
2026-06-09 04:46:15  INFO      main  Diff → +0 new, -0 removed
2026-06-09 04:46:15  INFO      main  Saved 0 channels → output/
2026-06-09 04:46:15  INFO      main  Scrape cycle complete.
2026-06-09 08:31:35  INFO      main  ============================================================
2026-06-09 08:31:35  INFO      main  Scrape cycle started at 2026-06-09 08:31:35
2026-06-09 08:31:35  INFO      main  [Tamasha] Starting scrape…
2026-06-09 08:31:35  INFO      main  [Tapmad] Starting scrape…
2026-06-09 08:31:35  INFO      main  [MyCo] Starting scrape…
2026-06-09 08:31:35  INFO      main  [ShoqPK] Starting scrape…
2026-06-09 08:31:35  INFO      main  [MyCo] Found 0 channels
2026-06-09 08:31:35  INFO      main  [Tapmad] Found 0 channels
2026-06-09 08:31:36  INFO      main  [Tamasha] Found 0 channels
2026-06-09 08:31:36  INFO      main  [ShoqPK] Found 0 channels
2026-06-09 08:31:36  INFO      main  Total unique channels after merge: 0
2026-06-09 08:31:36  INFO      main  Validating 0 channels…
2026-06-09 08:31:36  INFO      main  Validation complete: 0 live, 0 dead (removed)
2026-06-09 08:31:36  INFO      main  Diff → +0 new, -0 removed
2026-06-09 08:31:36  INFO      main  Saved 0 channels → output/
2026-06-09 08:31:36  INFO      main  Scrape cycle complete.
2026-06-09 12:07:10  INFO      main  ============================================================
2026-06-09 12:07:10  INFO      main  Scrape cycle started at 2026-06-09 12:07:10
2026-06-09 12:07:10  INFO      main  [Tamasha] Starting scrape…
2026-06-09 12:07:10  INFO      main  [Tapmad] Starting scrape…
2026-06-09 12:07:10  INFO      main  [MyCo] Starting scrape…
2026-06-09 12:07:10  INFO      main  [ShoqPK] Starting scrape…
2026-06-09 12:07:10  INFO      main  [MyCo] Found 0 channels
2026-06-09 12:07:10  INFO      main  [Tapmad] Found 0 channels
2026-06-09 12:07:10  INFO      main  [Tamasha] Found 0 channels
2026-06-09 12:07:10  INFO      main  [ShoqPK] Found 0 channels
2026-06-09 12:07:10  INFO      main  Total unique channels after merge: 0
2026-06-09 12:07:10  INFO      main  Validating 0 channels…
2026-06-09 12:07:10  INFO      main  Validation complete: 0 live, 0 dead (removed)
2026-06-09 12:07:10  INFO      main  Diff → +0 new, -0 removed
2026-06-09 12:07:10  INFO      main  Saved 0 channels → output/
2026-06-09 12:07:10  INFO      main  Scrape cycle complete.
2026-06-09 15:40:33  INFO      main  ============================================================
2026-06-09 15:40:33  INFO      main  Scrape cycle started at 2026-06-09 15:40:33
2026-06-09 15:40:33  INFO      main  [Tamasha] Starting scrape…
2026-06-09 15:40:33  INFO      main  [Tapmad] Starting scrape…
2026-06-09 15:40:33  INFO      main  [MyCo] Starting scrape…
2026-06-09 15:40:33  INFO      main  [ShoqPK] Starting scrape…
2026-06-09 15:40:33  INFO      main  [MyCo] Found 0 channels
2026-06-09 15:40:33  INFO      main  [Tapmad] Found 0 channels
2026-06-09 15:40:33  INFO      main  [Tamasha] Found 0 channels
2026-06-09 15:40:33  INFO      main  [ShoqPK] Found 0 channels
2026-06-09 15:40:33  INFO      main  Total unique channels after merge: 0
2026-06-09 15:40:33  INFO      main  Validating 0 channels…
2026-06-09 15:40:33  INFO      main  Validation complete: 0 live, 0 dead (removed)
2026-06-09 15:40:33  INFO      main  Diff → +0 new, -0 removed
2026-06-09 15:40:33  INFO      main  Saved 0 channels → output/
2026-06-09 15:40:33  INFO      main  Scrape cycle complete.
2026-06-09 18:08:51  INFO      main  ============================================================
2026-06-09 18:08:51  INFO      main  Scrape cycle started at 2026-06-09 18:08:51
2026-06-09 18:08:51  INFO      main  [Tamasha] Starting scrape…
2026-06-09 18:08:51  INFO      main  [Tapmad] Starting scrape…
2026-06-09 18:08:51  INFO      main  [MyCo] Starting scrape…
2026-06-09 18:08:51  INFO      main  [ShoqPK] Starting scrape…
2026-06-09 18:08:51  INFO      main  [MyCo] Found 0 channels
2026-06-09 18:08:51  INFO      main  [Tapmad] Found 0 channels
2026-06-09 18:08:51  INFO      main  [ShoqPK] Found 0 channels
2026-06-09 18:08:51  INFO      main  [Tamasha] Found 0 channels
2026-06-09 18:08:51  INFO      main  Total unique channels after merge: 0
2026-06-09 18:08:51  INFO      main  Validating 0 channels…
2026-06-09 18:08:51  INFO      main  Validation complete: 0 live, 0 dead (removed)
2026-06-09 18:08:51  INFO      main  Diff → +0 new, -0 removed
2026-06-09 18:08:51  INFO      main  Saved 0 channels → output/
2026-06-09 18:08:51  INFO      main  Scrape cycle complete.
2026-06-09 20:28:48  INFO      main  ============================================================
2026-06-09 20:28:48  INFO      main  Scrape cycle started at 2026-06-09 20:28:48
2026-06-09 20:28:48  INFO      main  [Tamasha] Starting scrape…
2026-06-09 20:28:48  INFO      main  [Tapmad] Starting scrape…
2026-06-09 20:28:48  INFO      main  [MyCo] Starting scrape…
2026-06-09 20:28:48  INFO      main  [ShoqPK] Starting scrape…
2026-06-09 20:28:48  INFO      main  [MyCo] Found 0 channels
2026-06-09 20:28:48  INFO      main  [Tapmad] Found 0 channels
2026-06-09 20:28:49  INFO      main  [ShoqPK] Found 0 channels
2026-06-09 20:28:49  INFO      main  [Tamasha] Found 0 channels
2026-06-09 20:28:49  INFO      main  Total unique channels after merge: 0
2026-06-09 20:28:49  INFO      main  Validating 0 channels…
2026-06-09 20:28:49  INFO      main  Validation complete: 0 live, 0 dead (removed)
2026-06-09 20:28:49  INFO      main  Diff → +0 new, -0 removed
2026-06-09 20:28:49  INFO      main  Saved 0 channels → output/
2026-06-09 20:28:49  INFO      main  Scrape cycle complete.
2026-06-09 22:10:44  INFO      main  ============================================================
2026-06-09 22:10:44  INFO      main  Scrape cycle started at 2026-06-09 22:10:44
2026-06-09 22:10:44  INFO      main  [Tamasha] Starting scrape…
2026-06-09 22:10:44  INFO      main  [Tapmad] Starting scrape…
2026-06-09 22:10:44  INFO      main  [MyCo] Starting scrape…
2026-06-09 22:10:44  INFO      main  [ShoqPK] Starting scrape…
2026-06-09 22:10:44  INFO      main  [MyCo] Found 0 channels
2026-06-09 22:10:44  INFO      main  [Tapmad] Found 0 channels
2026-06-09 22:10:44  INFO      main  [ShoqPK] Found 0 channels
2026-06-09 22:10:44  INFO      main  [Tamasha] Found 0 channels
2026-06-09 22:10:44  INFO      main  Total unique channels after merge: 0
2026-06-09 22:10:44  INFO      main  Validating 0 channels…
2026-06-09 22:10:44  INFO      main  Validation complete: 0 live, 0 dead (removed)
2026-06-09 22:10:44  INFO      main  Diff → +0 new, -0 removed
2026-06-09 22:10:44  INFO      main  Saved 0 channels → output/
2026-06-09 22:10:44  INFO      main  Scrape cycle complete.
2026-06-09 23:52:12  INFO      main  ============================================================
2026-06-09 23:52:12  INFO      main  Scrape cycle started at 2026-06-09 23:52:12
2026-06-09 23:52:12  INFO      main  [Tamasha] Starting scrape…
2026-06-09 23:52:12  INFO      main  [Tapmad] Starting scrape…
2026-06-09 23:52:12  INFO      main  [MyCo] Starting scrape…
2026-06-09 23:52:12  INFO      main  [ShoqPK] Starting scrape…
2026-06-09 23:52:12  INFO      main  [Tapmad] Found 0 channels
2026-06-09 23:52:12  INFO      main  [MyCo] Found 0 channels
2026-06-09 23:52:13  INFO      main  [Tamasha] Found 0 channels
2026-06-09 23:52:13  INFO      main  [ShoqPK] Found 0 channels
2026-06-09 23:52:13  INFO      main  Total unique channels after merge: 0
2026-06-09 23:52:13  INFO      main  Validating 0 channels…
2026-06-09 23:52:13  INFO      main  Validation complete: 0 live, 0 dead (removed)
2026-06-09 23:52:13  INFO      main  Diff → +0 new, -0 removed
2026-06-09 23:52:13  INFO      main  Saved 0 channels → output/
2026-06-09 23:52:13  INFO      main  Scrape cycle complete.
2026-06-10 03:58:15  INFO      main  ============================================================
2026-06-10 03:58:15  INFO      main  Scrape cycle started at 2026-06-10 03:58:15
2026-06-10 03:58:15  INFO      main  [Tamasha] Starting scrape…
2026-06-10 03:58:15  INFO      main  [Tapmad] Starting scrape…
2026-06-10 03:58:15  INFO      main  [MyCo] Starting scrape…
2026-06-10 03:58:15  INFO      main  [ShoqPK] Starting scrape…
2026-06-10 03:58:15  INFO      main  [MyCo] Found 0 channels
2026-06-10 03:58:15  INFO      main  [Tapmad] Found 0 channels
2026-06-10 03:58:15  INFO      main  [ShoqPK] Found 0 channels
2026-06-10 03:58:15  INFO      main  [Tamasha] Found 0 channels
2026-06-10 03:58:15  INFO      main  Total unique channels after merge: 0
2026-06-10 03:58:15  INFO      main  Validating 0 channels…
2026-06-10 03:58:15  INFO      main  Validation complete: 0 live, 0 dead (removed)
2026-06-10 03:58:15  INFO      main  Diff → +0 new, -0 removed
2026-06-10 03:58:15  INFO      main  Saved 0 channels → output/
2026-06-10 03:58:15  INFO      main  Scrape cycle complete.
2026-06-10 08:14:01  INFO      main  ============================================================
2026-06-10 08:14:01  INFO      main  Scrape cycle started at 2026-06-10 08:14:01
2026-06-10 08:14:01  INFO      main  [Tamasha] Starting scrape…
2026-06-10 08:14:01  INFO      main  [Tapmad] Starting scrape…
2026-06-10 08:14:01  INFO      main  [MyCo] Starting scrape…
2026-06-10 08:14:01  INFO      main  [ShoqPK] Starting scrape…
2026-06-10 08:14:01  INFO      main  [MyCo] Found 0 channels
2026-06-10 08:14:01  INFO      main  [Tapmad] Found 0 channels
2026-06-10 08:14:02  INFO      main  [ShoqPK] Found 0 channels
2026-06-10 08:14:02  INFO      main  [Tamasha] Found 0 channels
2026-06-10 08:14:02  INFO      main  Total unique channels after merge: 0
2026-06-10 08:14:02  INFO      main  Validating 0 channels…
2026-06-10 08:14:02  INFO      main  Validation complete: 0 live, 0 dead (removed)
2026-06-10 08:14:02  INFO      main  Diff → +0 new, -0 removed
2026-06-10 08:14:02  INFO      main  Saved 0 channels → output/
2026-06-10 08:14:02  INFO      main  Scrape cycle complete.
2026-06-10 11:53:24  INFO      main  ============================================================
2026-06-10 11:53:24  INFO      main  Scrape cycle started at 2026-06-10 11:53:24
2026-06-10 11:53:24  INFO      main  [Tamasha] Starting scrape…
2026-06-10 11:53:24  INFO      main  [Tapmad] Starting scrape…
2026-06-10 11:53:24  INFO      main  [MyCo] Starting scrape…
2026-06-10 11:53:24  INFO      main  [ShoqPK] Starting scrape…
2026-06-10 11:53:24  INFO      main  [Tapmad] Found 0 channels
2026-06-10 11:53:24  INFO      main  [MyCo] Found 0 channels
2026-06-10 11:53:25  INFO      main  [ShoqPK] Found 0 channels
2026-06-10 11:53:25  INFO      main  [Tamasha] Found 0 channels
2026-06-10 11:53:25  INFO      main  Total unique channels after merge: 0
2026-06-10 11:53:25  INFO      main  Validating 0 channels…
2026-06-10 11:53:25  INFO      main  Validation complete: 0 live, 0 dead (removed)
2026-06-10 11:53:25  INFO      main  Diff → +0 new, -0 removed
2026-06-10 11:53:25  INFO      main  Saved 0 channels → output/
2026-06-10 11:53:25  INFO      main  Scrape cycle complete.
2026-06-10 15:41:26  INFO      main  ============================================================
2026-06-10 15:41:26  INFO      main  Scrape cycle started at 2026-06-10 15:41:26
2026-06-10 15:41:26  INFO      main  [Tamasha] Starting scrape…
2026-06-10 15:41:26  INFO      main  [Tapmad] Starting scrape…
2026-06-10 15:41:26  INFO      main  [MyCo] Starting scrape…
2026-06-10 15:41:26  INFO      main  [ShoqPK] Starting scrape…
2026-06-10 15:41:26  INFO      main  [MyCo] Found 0 channels
2026-06-10 15:41:26  INFO      main  [Tapmad] Found 0 channels
2026-06-10 15:41:26  INFO      main  [ShoqPK] Found 0 channels
2026-06-10 15:41:26  INFO      main  [Tamasha] Found 0 channels
2026-06-10 15:41:26  INFO      main  Total unique channels after merge: 0
2026-06-10 15:41:26  INFO      main  Validating 0 channels…
2026-06-10 15:41:26  INFO      main  Validation complete: 0 live, 0 dead (removed)
2026-06-10 15:41:26  INFO      main  Diff → +0 new, -0 removed
2026-06-10 15:41:26  INFO      main  Saved 0 channels → output/
2026-06-10 15:41:26  INFO      main  Scrape cycle complete.
2026-06-10 18:32:01  INFO      main  ============================================================
2026-06-10 18:32:01  INFO      main  Scrape cycle started at 2026-06-10 18:32:01
2026-06-10 18:32:01  INFO      main  [Tamasha] Starting scrape…
2026-06-10 18:32:01  INFO      main  [Tapmad] Starting scrape…
2026-06-10 18:32:01  INFO      main  [MyCo] Starting scrape…
2026-06-10 18:32:01  INFO      main  [ShoqPK] Starting scrape…
2026-06-10 18:32:01  INFO      main  [MyCo] Found 0 channels
2026-06-10 18:32:01  INFO      main  [Tapmad] Found 0 channels
2026-06-10 18:32:01  INFO      main  [ShoqPK] Found 0 channels
2026-06-10 18:32:01  INFO      main  [Tamasha] Found 0 channels
2026-06-10 18:32:01  INFO      main  Total unique channels after merge: 0
2026-06-10 18:32:01  INFO      main  Validating 0 channels…
2026-06-10 18:32:01  INFO      main  Validation complete: 0 live, 0 dead (removed)
2026-06-10 18:32:01  INFO      main  Diff → +0 new, -0 removed
2026-06-10 18:32:01  INFO      main  Saved 0 channels → output/
2026-06-10 18:32:01  INFO      main  Scrape cycle complete.
2026-06-10 21:25:54  INFO      main  ============================================================
2026-06-10 21:25:54  INFO      main  Scrape cycle started at 2026-06-10 21:25:54
2026-06-10 21:25:54  INFO      main  [Tamasha] Starting scrape…
2026-06-10 21:25:54  INFO      main  [Tapmad] Starting scrape…
2026-06-10 21:25:54  INFO      main  [MyCo] Starting scrape…
2026-06-10 21:25:54  INFO      main  [ShoqPK] Starting scrape…
2026-06-10 21:25:54  INFO      main  [Tapmad] Found 0 channels
2026-06-10 21:25:54  INFO      main  [MyCo] Found 0 channels
2026-06-10 21:25:54  INFO      main  [Tamasha] Found 0 channels
2026-06-10 21:25:54  INFO      main  [ShoqPK] Found 0 channels
2026-06-10 21:25:54  INFO      main  Total unique channels after merge: 0
2026-06-10 21:25:54  INFO      main  Validating 0 channels…
2026-06-10 21:25:54  INFO      main  Validation complete: 0 live, 0 dead (removed)
2026-06-10 21:25:54  INFO      main  Diff → +0 new, -0 removed
2026-06-10 21:25:54  INFO      main  Saved 0 channels → output/
2026-06-10 21:25:54  INFO      main  Scrape cycle complete.
2026-06-10 23:09:07  INFO      main  ============================================================
2026-06-10 23:09:07  INFO      main  Scrape cycle started at 2026-06-10 23:09:07
2026-06-10 23:09:07  INFO      main  [Tamasha] Starting scrape…
2026-06-10 23:09:07  INFO      main  [Tapmad] Starting scrape…
2026-06-10 23:09:07  INFO      main  [MyCo] Starting scrape…
2026-06-10 23:09:07  INFO      main  [ShoqPK] Starting scrape…
2026-06-10 23:09:07  INFO      main  [MyCo] Found 0 channels
2026-06-10 23:09:07  INFO      main  [Tapmad] Found 0 channels
2026-06-10 23:09:07  INFO      main  [Tamasha] Found 0 channels
2026-06-10 23:09:08  INFO      main  [ShoqPK] Found 0 channels
2026-06-10 23:09:08  INFO      main  Total unique channels after merge: 0
2026-06-10 23:09:08  INFO      main  Validating 0 channels…
2026-06-10 23:09:08  INFO      main  Validation complete: 0 live, 0 dead (removed)
2026-06-10 23:09:08  INFO      main  Diff → +0 new, -0 removed
2026-06-10 23:09:08  INFO      main  Saved 0 channels → output/
2026-06-10 23:09:08  INFO      main  Scrape cycle complete.
2026-06-11 02:01:24  INFO      main  ============================================================
2026-06-11 02:01:24  INFO      main  Scrape cycle started at 2026-06-11 02:01:24
2026-06-11 02:01:24  INFO      main  [Tamasha] Starting scrape…
2026-06-11 02:01:24  INFO      main  [Tapmad] Starting scrape…
2026-06-11 02:01:24  INFO      main  [MyCo] Starting scrape…
2026-06-11 02:01:24  INFO      main  [ShoqPK] Starting scrape…
2026-06-11 02:01:24  INFO      main  [MyCo] Found 0 channels
2026-06-11 02:01:24  INFO      main  [Tapmad] Found 0 channels
2026-06-11 02:01:24  INFO      main  [Tamasha] Found 0 channels
2026-06-11 02:01:24  INFO      main  [ShoqPK] Found 0 channels
2026-06-11 02:01:24  INFO      main  Total unique channels after merge: 0
2026-06-11 02:01:24  INFO      main  Validating 0 channels…
2026-06-11 02:01:24  INFO      main  Validation complete: 0 live, 0 dead (removed)
2026-06-11 02:01:24  INFO      main  Diff → +0 new, -0 removed
2026-06-11 02:01:24  INFO      main  Saved 0 channels → output/
2026-06-11 02:01:24  INFO      main  Scrape cycle complete.
2026-06-11 07:15:06  INFO      main  ============================================================
2026-06-11 07:15:06  INFO      main  Scrape cycle started at 2026-06-11 07:15:06
2026-06-11 07:15:06  INFO      main  [Tamasha] Starting scrape…
2026-06-11 07:15:06  INFO      main  [Tapmad] Starting scrape…
2026-06-11 07:15:06  INFO      main  [MyCo] Starting scrape…
2026-06-11 07:15:06  INFO      main  [ShoqPK] Starting scrape…
2026-06-11 07:15:06  INFO      main  [MyCo] Found 0 channels
2026-06-11 07:15:06  INFO      main  [Tapmad] Found 0 channels
2026-06-11 07:15:06  INFO      main  [ShoqPK] Found 0 channels
2026-06-11 07:15:07  INFO      main  [Tamasha] Found 0 channels
2026-06-11 07:15:07  INFO      main  Total unique channels after merge: 0
2026-06-11 07:15:07  INFO      main  Validating 0 channels…
2026-06-11 07:15:07  INFO      main  Validation complete: 0 live, 0 dead (removed)
2026-06-11 07:15:07  INFO      main  Diff → +0 new, -0 removed
2026-06-11 07:15:07  INFO      main  Saved 0 channels → output/
2026-06-11 07:15:07  INFO      main  Scrape cycle complete.
2026-06-11 11:55:47  INFO      main  ============================================================
2026-06-11 11:55:47  INFO      main  Scrape cycle started at 2026-06-11 11:55:47
2026-06-11 11:55:47  INFO      main  [Tamasha] Starting scrape…
2026-06-11 11:55:47  INFO      main  [Tapmad] Starting scrape…
2026-06-11 11:55:47  INFO      main  [MyCo] Starting scrape…
2026-06-11 11:55:47  INFO      main  [ShoqPK] Starting scrape…
2026-06-11 11:55:47  INFO      main  [Tapmad] Found 0 channels
2026-06-11 11:55:47  INFO      main  [MyCo] Found 0 channels
2026-06-11 11:55:47  INFO      main  [ShoqPK] Found 0 channels
2026-06-11 11:55:47  INFO      main  [Tamasha] Found 0 channels
2026-06-11 11:55:47  INFO      main  Total unique channels after merge: 0
2026-06-11 11:55:47  INFO      main  Validating 0 channels…
2026-06-11 11:55:47  INFO      main  Validation complete: 0 live, 0 dead (removed)
2026-06-11 11:55:47  INFO      main  Diff → +0 new, -0 removed
2026-06-11 11:55:47  INFO      main  Saved 0 channels → output/
2026-06-11 11:55:47  INFO      main  Scrape cycle complete.
2026-06-11 16:09:53  INFO      main  ============================================================
2026-06-11 16:09:53  INFO      main  Scrape cycle started at 2026-06-11 16:09:53
2026-06-11 16:09:53  INFO      main  [Tamasha] Starting scrape…
2026-06-11 16:09:53  INFO      main  [Tapmad] Starting scrape…
2026-06-11 16:09:53  INFO      main  [MyCo] Starting scrape…
2026-06-11 16:09:53  INFO      main  [ShoqPK] Starting scrape…
2026-06-11 16:09:53  INFO      main  [MyCo] Found 0 channels
2026-06-11 16:09:53  INFO      main  [Tapmad] Found 0 channels
2026-06-11 16:09:53  INFO      main  [ShoqPK] Found 0 channels
2026-06-11 16:09:53  INFO      main  [Tamasha] Found 0 channels
2026-06-11 16:09:53  INFO      main  Total unique channels after merge: 0
2026-06-11 16:09:53  INFO      main  Validating 0 channels…
2026-06-11 16:09:53  INFO      main  Validation complete: 0 live, 0 dead (removed)
2026-06-11 16:09:53  INFO      main  Diff → +0 new, -0 removed
2026-06-11 16:09:53  INFO      main  Saved 0 channels → output/
2026-06-11 16:09:53  INFO      main  Scrape cycle complete.
2026-06-11 19:19:17  INFO      main  ============================================================
2026-06-11 19:19:17  INFO      main  Scrape cycle started at 2026-06-11 19:19:17
2026-06-11 19:19:17  INFO      main  [Tamasha] Starting scrape…
2026-06-11 19:19:17  INFO      main  [Tapmad] Starting scrape…
2026-06-11 19:19:17  INFO      main  [MyCo] Starting scrape…
2026-06-11 19:19:17  INFO      main  [ShoqPK] Starting scrape…
2026-06-11 19:19:17  INFO      main  [Tapmad] Found 0 channels
2026-06-11 19:19:17  INFO      main  [MyCo] Found 0 channels
2026-06-11 19:19:18  INFO      main  [ShoqPK] Found 0 channels
2026-06-11 19:19:18  INFO      main  [Tamasha] Found 0 channels
2026-06-11 19:19:18  INFO      main  Total unique channels after merge: 0
2026-06-11 19:19:18  INFO      main  Validating 0 channels…
2026-06-11 19:19:18  INFO      main  Validation complete: 0 live, 0 dead (removed)
2026-06-11 19:19:18  INFO      main  Diff → +0 new, -0 removed
2026-06-11 19:19:18  INFO      main  Saved 0 channels → output/
2026-06-11 19:19:18  INFO      main  Scrape cycle complete.
2026-06-11 21:35:35  INFO      main  ============================================================
2026-06-11 21:35:35  INFO      main  Scrape cycle started at 2026-06-11 21:35:35
2026-06-11 21:35:35  INFO      main  [Tamasha] Starting scrape…
2026-06-11 21:35:35  INFO      main  [Tapmad] Starting scrape…
2026-06-11 21:35:35  INFO      main  [MyCo] Starting scrape…
2026-06-11 21:35:35  INFO      main  [ShoqPK] Starting scrape…
2026-06-11 21:35:35  INFO      main  [MyCo] Found 0 channels
2026-06-11 21:35:35  INFO      main  [Tapmad] Found 0 channels
2026-06-11 21:35:35  INFO      main  [Tamasha] Found 0 channels
2026-06-11 21:35:36  INFO      main  [ShoqPK] Found 0 channels
2026-06-11 21:35:36  INFO      main  Total unique channels after merge: 0
2026-06-11 21:35:36  INFO      main  Validating 0 channels…
2026-06-11 21:35:36  INFO      main  Validation complete: 0 live, 0 dead (removed)
2026-06-11 21:35:36  INFO      main  Diff → +0 new, -0 removed
2026-06-11 21:35:36  INFO      main  Saved 0 channels → output/
2026-06-11 21:35:36  INFO      main  Scrape cycle complete.
2026-06-11 23:25:10  INFO      main  ============================================================
2026-06-11 23:25:10  INFO      main  Scrape cycle started at 2026-06-11 23:25:10
2026-06-11 23:25:10  INFO      main  [Tamasha] Starting scrape…
2026-06-11 23:25:10  INFO      main  [Tapmad] Starting scrape…
2026-06-11 23:25:10  INFO      main  [MyCo] Starting scrape…
2026-06-11 23:25:10  INFO      main  [ShoqPK] Starting scrape…
2026-06-11 23:25:10  INFO      main  [MyCo] Found 0 channels
2026-06-11 23:25:10  INFO      main  [Tapmad] Found 0 channels
2026-06-11 23:25:10  INFO      main  [Tamasha] Found 0 channels
2026-06-11 23:25:10  INFO      main  [ShoqPK] Found 0 channels
2026-06-11 23:25:10  INFO      main  Total unique channels after merge: 0
2026-06-11 23:25:10  INFO      main  Validating 0 channels…
2026-06-11 23:25:10  INFO      main  Validation complete: 0 live, 0 dead (removed)
2026-06-11 23:25:10  INFO      main  Diff → +0 new, -0 removed
2026-06-11 23:25:10  INFO      main  Saved 0 channels → output/
2026-06-11 23:25:10  INFO      main  Scrape cycle complete.
2026-06-12 01:57:16  INFO      main  ============================================================
2026-06-12 01:57:16  INFO      main  Scrape cycle started at 2026-06-12 01:57:16
2026-06-12 01:57:16  INFO      main  [Tamasha] Starting scrape…
2026-06-12 01:57:16  INFO      main  [Tapmad] Starting scrape…
2026-06-12 01:57:16  INFO      main  [MyCo] Starting scrape…
2026-06-12 01:57:16  INFO      main  [ShoqPK] Starting scrape…
2026-06-12 01:57:16  INFO      main  [MyCo] Found 0 channels
2026-06-12 01:57:16  INFO      main  [Tapmad] Found 0 channels
2026-06-12 01:57:16  INFO      main  [ShoqPK] Found 0 channels
2026-06-12 01:57:16  INFO      main  [Tamasha] Found 0 channels
2026-06-12 01:57:16  INFO      main  Total unique channels after merge: 0
2026-06-12 01:57:16  INFO      main  Validating 0 channels…
2026-06-12 01:57:16  INFO      main  Validation complete: 0 live, 0 dead (removed)
2026-06-12 01:57:16  INFO      main  Diff → +0 new, -0 removed
2026-06-12 01:57:16  INFO      main  Saved 0 channels → output/
2026-06-12 01:57:16  INFO      main  Scrape cycle complete.
2026-06-12 06:51:51  INFO      main  ============================================================
2026-06-12 06:51:51  INFO      main  Scrape cycle started at 2026-06-12 06:51:51
2026-06-12 06:51:51  INFO      main  [Tamasha] Starting scrape…
2026-06-12 06:51:51  INFO      main  [Tapmad] Starting scrape…
2026-06-12 06:51:51  INFO      main  [MyCo] Starting scrape…
2026-06-12 06:51:51  INFO      main  [ShoqPK] Starting scrape…
2026-06-12 06:51:52  INFO      main  [MyCo] Found 0 channels
2026-06-12 06:51:52  INFO      main  [Tapmad] Found 0 channels
2026-06-12 06:51:52  INFO      main  [Tamasha] Found 0 channels
2026-06-12 06:51:52  INFO      main  [ShoqPK] Found 0 channels
2026-06-12 06:51:52  INFO      main  Total unique channels after merge: 0
2026-06-12 06:51:52  INFO      main  Validating 0 channels…
2026-06-12 06:51:52  INFO      main  Validation complete: 0 live, 0 dead (removed)
2026-06-12 06:51:52  INFO      main  Diff → +0 new, -0 removed
2026-06-12 06:51:52  INFO      main  Saved 0 channels → output/
2026-06-12 06:51:52  INFO      main  Scrape cycle complete.
2026-06-12 11:03:15  INFO      main  ============================================================
2026-06-12 11:03:15  INFO      main  Scrape cycle started at 2026-06-12 11:03:15
2026-06-12 11:03:15  INFO      main  [Tamasha] Starting scrape…
2026-06-12 11:03:15  INFO      main  [Tapmad] Starting scrape…
2026-06-12 11:03:15  INFO      main  [MyCo] Starting scrape…
2026-06-12 11:03:15  INFO      main  [ShoqPK] Starting scrape…
2026-06-12 11:03:15  INFO      main  [MyCo] Found 0 channels
2026-06-12 11:03:16  INFO      main  [Tapmad] Found 0 channels
2026-06-12 11:03:16  INFO      main  [ShoqPK] Found 0 channels
2026-06-12 11:03:16  INFO      main  [Tamasha] Found 0 channels
2026-06-12 11:03:16  INFO      main  Total unique channels after merge: 0
2026-06-12 11:03:16  INFO      main  Validating 0 channels…
2026-06-12 11:03:16  INFO      main  Validation complete: 0 live, 0 dead (removed)
2026-06-12 11:03:16  INFO      main  Diff → +0 new, -0 removed
2026-06-12 11:03:16  INFO      main  Saved 0 channels → output/
2026-06-12 11:03:16  INFO      main  Scrape cycle complete.
2026-06-12 14:20:24  INFO      main  ============================================================
2026-06-12 14:20:24  INFO      main  Scrape cycle started at 2026-06-12 14:20:24
2026-06-12 14:20:24  INFO      main  [Tamasha] Starting scrape…
2026-06-12 14:20:24  INFO      main  [Tapmad] Starting scrape…
2026-06-12 14:20:24  INFO      main  [MyCo] Starting scrape…
2026-06-12 14:20:24  INFO      main  [ShoqPK] Starting scrape…
2026-06-12 14:20:24  INFO      main  [MyCo] Found 0 channels
2026-06-12 14:20:24  INFO      main  [Tapmad] Found 0 channels
2026-06-12 14:20:24  INFO      main  [ShoqPK] Found 0 channels
2026-06-12 14:20:24  INFO      main  [Tamasha] Found 0 channels
2026-06-12 14:20:24  INFO      main  Total unique channels after merge: 0
2026-06-12 14:20:24  INFO      main  Validating 0 channels…
2026-06-12 14:20:24  INFO      main  Validation complete: 0 live, 0 dead (removed)
2026-06-12 14:20:24  INFO      main  Diff → +0 new, -0 removed
2026-06-12 14:20:24  INFO      main  Saved 0 channels → output/
2026-06-12 14:20:24  INFO      main  Scrape cycle complete.
2026-06-12 17:23:08  INFO      main  ============================================================
2026-06-12 17:23:08  INFO      main  Scrape cycle started at 2026-06-12 17:23:08
2026-06-12 17:23:08  INFO      main  [Tamasha] Starting scrape…
2026-06-12 17:23:08  INFO      main  [Tapmad] Starting scrape…
2026-06-12 17:23:08  INFO      main  [MyCo] Starting scrape…
2026-06-12 17:23:08  INFO      main  [ShoqPK] Starting scrape…
2026-06-12 17:23:08  INFO      main  [MyCo] Found 0 channels
2026-06-12 17:23:08  INFO      main  [Tapmad] Found 0 channels
2026-06-12 17:23:08  INFO      main  [Tamasha] Found 0 channels
2026-06-12 17:23:08  INFO      main  [ShoqPK] Found 0 channels
2026-06-12 17:23:08  INFO      main  Total unique channels after merge: 0
2026-06-12 17:23:08  INFO      main  Validating 0 channels…
2026-06-12 17:23:08  INFO      main  Validation complete: 0 live, 0 dead (removed)
2026-06-12 17:23:08  INFO      main  Diff → +0 new, -0 removed
2026-06-12 17:23:08  INFO      main  Saved 0 channels → output/
2026-06-12 17:23:08  INFO      main  Scrape cycle complete.
2026-06-12 19:30:52  INFO      main  ============================================================
2026-06-12 19:30:52  INFO      main  Scrape cycle started at 2026-06-12 19:30:52
2026-06-12 19:30:52  INFO      main  [Tamasha] Starting scrape…
2026-06-12 19:30:52  INFO      main  [Tapmad] Starting scrape…
2026-06-12 19:30:52  INFO      main  [MyCo] Starting scrape…
2026-06-12 19:30:52  INFO      main  [ShoqPK] Starting scrape…
2026-06-12 19:30:53  INFO      main  [MyCo] Found 0 channels
2026-06-12 19:30:53  INFO      main  [Tapmad] Found 0 channels
2026-06-12 19:30:53  INFO      main  [ShoqPK] Found 0 channels
2026-06-12 19:30:53  INFO      main  [Tamasha] Found 0 channels
2026-06-12 19:30:53  INFO      main  Total unique channels after merge: 0
2026-06-12 19:30:53  INFO      main  Validating 0 channels…
2026-06-12 19:30:53  INFO      main  Validation complete: 0 live, 0 dead (removed)
2026-06-12 19:30:53  INFO      main  Diff → +0 new, -0 removed
2026-06-12 19:30:53  INFO      main  Saved 0 channels → output/
2026-06-12 19:30:53  INFO      main  Scrape cycle complete.
2026-06-12 21:48:25  INFO      main  ============================================================
2026-06-12 21:48:25  INFO      main  Scrape cycle started at 2026-06-12 21:48:25
2026-06-12 21:48:25  INFO      main  [Tamasha] Starting scrape…
2026-06-12 21:48:25  INFO      main  [Tapmad] Starting scrape…
2026-06-12 21:48:25  INFO      main  [MyCo] Starting scrape…
2026-06-12 21:48:25  INFO      main  [ShoqPK] Starting scrape…
2026-06-12 21:48:25  INFO      main  [Tapmad] Found 0 channels
2026-06-12 21:48:25  INFO      main  [MyCo] Found 0 channels
2026-06-12 21:48:25  INFO      main  [Tamasha] Found 0 channels
2026-06-12 21:48:26  INFO      main  [ShoqPK] Found 0 channels
2026-06-12 21:48:26  INFO      main  Total unique channels after merge: 0
2026-06-12 21:48:26  INFO      main  Validating 0 channels…
2026-06-12 21:48:26  INFO      main  Validation complete: 0 live, 0 dead (removed)
2026-06-12 21:48:26  INFO      main  Diff → +0 new, -0 removed
2026-06-12 21:48:26  INFO      main  Saved 0 channels → output/
2026-06-12 21:48:26  INFO      main  Scrape cycle complete.
2026-06-12 23:20:06  INFO      main  ============================================================
2026-06-12 23:20:06  INFO      main  Scrape cycle started at 2026-06-12 23:20:06
2026-06-12 23:20:06  INFO      main  [Tamasha] Starting scrape…
2026-06-12 23:20:06  INFO      main  [Tapmad] Starting scrape…
2026-06-12 23:20:06  INFO      main  [MyCo] Starting scrape…
2026-06-12 23:20:06  INFO      main  [ShoqPK] Starting scrape…
2026-06-12 23:20:06  INFO      main  [Tapmad] Found 0 channels
2026-06-12 23:20:06  INFO      main  [MyCo] Found 0 channels
2026-06-12 23:20:06  INFO      main  [ShoqPK] Found 0 channels
2026-06-12 23:20:08  INFO      main  [Tamasha] Found 0 channels
2026-06-12 23:20:08  INFO      main  Total unique channels after merge: 0
2026-06-12 23:20:08  INFO      main  Validating 0 channels…
2026-06-12 23:20:08  INFO      main  Validation complete: 0 live, 0 dead (removed)
2026-06-12 23:20:08  INFO      main  Diff → +0 new, -0 removed
2026-06-12 23:20:08  INFO      main  Saved 0 channels → output/
2026-06-12 23:20:08  INFO      main  Scrape cycle complete.
2026-06-13 01:38:18  INFO      main  ============================================================
2026-06-13 01:38:18  INFO      main  Scrape cycle started at 2026-06-13 01:38:18
2026-06-13 01:38:18  INFO      main  [Tamasha] Starting scrape…
2026-06-13 01:38:18  INFO      main  [Tapmad] Starting scrape…
2026-06-13 01:38:18  INFO      main  [MyCo] Starting scrape…
2026-06-13 01:38:18  INFO      main  [ShoqPK] Starting scrape…
2026-06-13 01:38:18  INFO      main  [MyCo] Found 0 channels
2026-06-13 01:38:18  INFO      main  [Tapmad] Found 0 channels
2026-06-13 01:38:19  INFO      main  [ShoqPK] Found 0 channels
2026-06-13 01:38:19  INFO      main  [Tamasha] Found 0 channels
2026-06-13 01:38:19  INFO      main  Total unique channels after merge: 0
2026-06-13 01:38:19  INFO      main  Validating 0 channels…
2026-06-13 01:38:19  INFO      main  Validation complete: 0 live, 0 dead (removed)
2026-06-13 01:38:19  INFO      main  Diff → +0 new, -0 removed
2026-06-13 01:38:19  INFO      main  Saved 0 channels → output/
2026-06-13 01:38:19  INFO      main  Scrape cycle complete.
2026-06-13 06:19:43  INFO      main  ============================================================
2026-06-13 06:19:43  INFO      main  Scrape cycle started at 2026-06-13 06:19:43
2026-06-13 06:19:43  INFO      main  [Tamasha] Starting scrape…
2026-06-13 06:19:43  INFO      main  [Tapmad] Starting scrape…
2026-06-13 06:19:43  INFO      main  [MyCo] Starting scrape…
2026-06-13 06:19:43  INFO      main  [ShoqPK] Starting scrape…
2026-06-13 06:19:43  INFO      main  [Tapmad] Found 0 channels
2026-06-13 06:19:43  INFO      main  [MyCo] Found 0 channels
2026-06-13 06:19:43  INFO      main  [Tamasha] Found 0 channels
2026-06-13 06:19:43  INFO      main  [ShoqPK] Found 0 channels
2026-06-13 06:19:43  INFO      main  Total unique channels after merge: 0
2026-06-13 06:19:43  INFO      main  Validating 0 channels…
2026-06-13 06:19:43  INFO      main  Validation complete: 0 live, 0 dead (removed)
2026-06-13 06:19:43  INFO      main  Diff → +0 new, -0 removed
2026-06-13 06:19:43  INFO      main  Saved 0 channels → output/
2026-06-13 06:19:43  INFO      main  Scrape cycle complete.
2026-06-13 09:43:18  INFO      main  ============================================================
2026-06-13 09:43:18  INFO      main  Scrape cycle started at 2026-06-13 09:43:18
2026-06-13 09:43:18  INFO      main  [Tamasha] Starting scrape…
2026-06-13 09:43:18  INFO      main  [Tapmad] Starting scrape…
2026-06-13 09:43:18  INFO      main  [MyCo] Starting scrape…
2026-06-13 09:43:18  INFO      main  [ShoqPK] Starting scrape…
2026-06-13 09:43:18  INFO      main  [MyCo] Found 0 channels
2026-06-13 09:43:19  INFO      main  [Tapmad] Found 0 channels
2026-06-13 09:43:19  INFO      main  [ShoqPK] Found 0 channels
2026-06-13 09:43:19  INFO      main  [Tamasha] Found 0 channels
2026-06-13 09:43:19  INFO      main  Total unique channels after merge: 0
2026-06-13 09:43:19  INFO      main  Validating 0 channels…
2026-06-13 09:43:19  INFO      main  Validation complete: 0 live, 0 dead (removed)
2026-06-13 09:43:19  INFO      main  Diff → +0 new, -0 removed
2026-06-13 09:43:19  INFO      main  Saved 0 channels → output/
2026-06-13 09:43:19  INFO      main  Scrape cycle complete.
2026-06-13 11:55:07  INFO      main  ============================================================
2026-06-13 11:55:07  INFO      main  Scrape cycle started at 2026-06-13 11:55:07
2026-06-13 11:55:07  INFO      main  [Tamasha] Starting scrape…
2026-06-13 11:55:07  INFO      main  [Tapmad] Starting scrape…
2026-06-13 11:55:07  INFO      main  [MyCo] Starting scrape…
2026-06-13 11:55:07  INFO      main  [ShoqPK] Starting scrape…
2026-06-13 11:55:07  INFO      main  [Tapmad] Found 0 channels
2026-06-13 11:55:07  INFO      main  [ShoqPK] Found 0 channels
2026-06-13 11:55:07  INFO      main  [MyCo] Found 0 channels
2026-06-13 11:55:07  INFO      main  [Tamasha] Found 0 channels
2026-06-13 11:55:07  INFO      main  Total unique channels after merge: 0
2026-06-13 11:55:07  INFO      main  Validating 0 channels…
2026-06-13 11:55:07  INFO      main  Validation complete: 0 live, 0 dead (removed)
2026-06-13 11:55:07  INFO      main  Diff → +0 new, -0 removed
2026-06-13 11:55:07  INFO      main  Saved 0 channels → output/
2026-06-13 11:55:07  INFO      main  Scrape cycle complete.
2026-06-13 14:04:54  INFO      main  ============================================================
2026-06-13 14:04:54  INFO      main  Scrape cycle started at 2026-06-13 14:04:54
2026-06-13 14:04:54  INFO      main  [Tamasha] Starting scrape…
2026-06-13 14:04:54  INFO      main  [Tapmad] Starting scrape…
2026-06-13 14:04:54  INFO      main  [MyCo] Starting scrape…
2026-06-13 14:04:54  INFO      main  [ShoqPK] Starting scrape…
2026-06-13 14:04:54  INFO      main  [Tapmad] Found 0 channels
2026-06-13 14:04:55  INFO      main  [MyCo] Found 0 channels
2026-06-13 14:04:55  INFO      main  [ShoqPK] Found 0 channels
2026-06-13 14:04:55  INFO      main  [Tamasha] Found 0 channels
2026-06-13 14:04:55  INFO      main  Total unique channels after merge: 0
2026-06-13 14:04:55  INFO      main  Validating 0 channels…
2026-06-13 14:04:55  INFO      main  Validation complete: 0 live, 0 dead (removed)
2026-06-13 14:04:55  INFO      main  Diff → +0 new, -0 removed
2026-06-13 14:04:55  INFO      main  Saved 0 channels → output/
2026-06-13 14:04:55  INFO      main  Scrape cycle complete.
2026-06-13 15:58:36  INFO      main  ============================================================
2026-06-13 15:58:36  INFO      main  Scrape cycle started at 2026-06-13 15:58:36
2026-06-13 15:58:36  INFO      main  [Tamasha] Starting scrape…
2026-06-13 15:58:36  INFO      main  [Tapmad] Starting scrape…
2026-06-13 15:58:36  INFO      main  [MyCo] Starting scrape…
2026-06-13 15:58:36  INFO      main  [ShoqPK] Starting scrape…
2026-06-13 15:58:36  INFO      main  [MyCo] Found 0 channels
2026-06-13 15:58:36  INFO      main  [Tapmad] Found 0 channels
2026-06-13 15:58:36  INFO      main  [Tamasha] Found 0 channels
2026-06-13 15:58:37  INFO      main  [ShoqPK] Found 0 channels
2026-06-13 15:58:37  INFO      main  Total unique channels after merge: 0
2026-06-13 15:58:37  INFO      main  Validating 0 channels…
2026-06-13 15:58:37  INFO      main  Validation complete: 0 live, 0 dead (removed)
2026-06-13 15:58:37  INFO      main  Diff → +0 new, -0 removed
2026-06-13 15:58:37  INFO      main  Saved 0 channels → output/
2026-06-13 15:58:37  INFO      main  Scrape cycle complete.
2026-06-13 17:40:38  INFO      main  ============================================================
2026-06-13 17:40:38  INFO      main  Scrape cycle started at 2026-06-13 17:40:38
2026-06-13 17:40:38  INFO      main  [Tamasha] Starting scrape…
2026-06-13 17:40:38  INFO      main  [Tapmad] Starting scrape…
2026-06-13 17:40:38  INFO      main  [MyCo] Starting scrape…
2026-06-13 17:40:38  INFO      main  [ShoqPK] Starting scrape…
2026-06-13 17:40:38  INFO      main  [MyCo] Found 0 channels
2026-06-13 17:40:38  INFO      main  [Tapmad] Found 0 channels
2026-06-13 17:40:39  INFO      main  [ShoqPK] Found 0 channels
2026-06-13 17:40:39  INFO      main  [Tamasha] Found 0 channels
2026-06-13 17:40:39  INFO      main  Total unique channels after merge: 0
2026-06-13 17:40:39  INFO      main  Validating 0 channels…
2026-06-13 17:40:39  INFO      main  Validation complete: 0 live, 0 dead (removed)
2026-06-13 17:40:39  INFO      main  Diff → +0 new, -0 removed
2026-06-13 17:40:39  INFO      main  Saved 0 channels → output/
2026-06-13 17:40:39  INFO      main  Scrape cycle complete.
2026-06-13 19:40:23  INFO      main  ============================================================
2026-06-13 19:40:23  INFO      main  Scrape cycle started at 2026-06-13 19:40:23
2026-06-13 19:40:23  INFO      main  [Tamasha] Starting scrape…
2026-06-13 19:40:23  INFO      main  [Tapmad] Starting scrape…
2026-06-13 19:40:23  INFO      main  [MyCo] Starting scrape…
2026-06-13 19:40:23  INFO      main  [ShoqPK] Starting scrape…
2026-06-13 19:40:23  INFO      main  [Tapmad] Found 0 channels
2026-06-13 19:40:23  INFO      main  [MyCo] Found 0 channels
2026-06-13 19:40:23  INFO      main  [ShoqPK] Found 0 channels
2026-06-13 19:40:24  INFO      main  [Tamasha] Found 0 channels
2026-06-13 19:40:24  INFO      main  Total unique channels after merge: 0
2026-06-13 19:40:24  INFO      main  Validating 0 channels…
2026-06-13 19:40:24  INFO      main  Validation complete: 0 live, 0 dead (removed)
2026-06-13 19:40:24  INFO      main  Diff → +0 new, -0 removed
2026-06-13 19:40:24  INFO      main  Saved 0 channels → output/
2026-06-13 19:40:24  INFO      main  Scrape cycle complete.
2026-06-13 21:19:22  INFO      main  ============================================================
2026-06-13 21:19:22  INFO      main  Scrape cycle started at 2026-06-13 21:19:22
2026-06-13 21:19:22  INFO      main  [Tamasha] Starting scrape…
2026-06-13 21:19:22  INFO      main  [Tapmad] Starting scrape…
2026-06-13 21:19:22  INFO      main  [MyCo] Starting scrape…
2026-06-13 21:19:22  INFO      main  [ShoqPK] Starting scrape…
2026-06-13 21:19:22  INFO      main  [MyCo] Found 0 channels
2026-06-13 21:19:22  INFO      main  [Tapmad] Found 0 channels
2026-06-13 21:19:23  INFO      main  [Tamasha] Found 0 channels
2026-06-13 21:19:23  INFO      main  [ShoqPK] Found 0 channels
2026-06-13 21:19:23  INFO      main  Total unique channels after merge: 0
2026-06-13 21:19:23  INFO      main  Validating 0 channels…
2026-06-13 21:19:23  INFO      main  Validation complete: 0 live, 0 dead (removed)
2026-06-13 21:19:23  INFO      main  Diff → +0 new, -0 removed
2026-06-13 21:19:23  INFO      main  Saved 0 channels → output/
2026-06-13 21:19:23  INFO      main  Scrape cycle complete.
2026-06-13 22:37:14  INFO      main  ============================================================
2026-06-13 22:37:14  INFO      main  Scrape cycle started at 2026-06-13 22:37:14
2026-06-13 22:37:14  INFO      main  [Tamasha] Starting scrape…
2026-06-13 22:37:14  INFO      main  [Tapmad] Starting scrape…
2026-06-13 22:37:14  INFO      main  [MyCo] Starting scrape…
2026-06-13 22:37:14  INFO      main  [ShoqPK] Starting scrape…
2026-06-13 22:37:14  INFO      main  [MyCo] Found 0 channels
2026-06-13 22:37:14  INFO      main  [Tapmad] Found 0 channels
2026-06-13 22:37:14  INFO      main  [ShoqPK] Found 0 channels
2026-06-13 22:37:14  INFO      main  [Tamasha] Found 0 channels
2026-06-13 22:37:14  INFO      main  Total unique channels after merge: 0
2026-06-13 22:37:14  INFO      main  Validating 0 channels…
2026-06-13 22:37:14  INFO      main  Validation complete: 0 live, 0 dead (removed)
2026-06-13 22:37:14  INFO      main  Diff → +0 new, -0 removed
2026-06-13 22:37:14  INFO      main  Saved 0 channels → output/
2026-06-13 22:37:14  INFO      main  Scrape cycle complete.
2026-06-14 00:09:31  INFO      main  ============================================================
2026-06-14 00:09:31  INFO      main  Scrape cycle started at 2026-06-14 00:09:31
2026-06-14 00:09:31  INFO      main  [Tamasha] Starting scrape…
2026-06-14 00:09:31  INFO      main  [Tapmad] Starting scrape…
2026-06-14 00:09:31  INFO      main  [MyCo] Starting scrape…
2026-06-14 00:09:31  INFO      main  [ShoqPK] Starting scrape…
2026-06-14 00:09:31  INFO      main  [Tapmad] Found 0 channels
2026-06-14 00:09:31  INFO      main  [MyCo] Found 0 channels
2026-06-14 00:09:31  INFO      main  [Tamasha] Found 0 channels
2026-06-14 00:09:31  INFO      main  [ShoqPK] Found 0 channels
2026-06-14 00:09:31  INFO      main  Total unique channels after merge: 0
2026-06-14 00:09:31  INFO      main  Validating 0 channels…
2026-06-14 00:09:31  INFO      main  Validation complete: 0 live, 0 dead (removed)
2026-06-14 00:09:31  INFO      main  Diff → +0 new, -0 removed
2026-06-14 00:09:31  INFO      main  Saved 0 channels → output/
2026-06-14 00:09:31  INFO      main  Scrape cycle complete.
2026-06-14 05:16:26  INFO      main  ============================================================
2026-06-14 05:16:26  INFO      main  Scrape cycle started at 2026-06-14 05:16:26
2026-06-14 05:16:26  INFO      main  [Tamasha] Starting scrape…
2026-06-14 05:16:26  INFO      main  [Tapmad] Starting scrape…
2026-06-14 05:16:26  INFO      main  [MyCo] Starting scrape…
2026-06-14 05:16:26  INFO      main  [ShoqPK] Starting scrape…
2026-06-14 05:16:26  INFO      main  [MyCo] Found 0 channels
2026-06-14 05:16:26  INFO      main  [Tapmad] Found 0 channels
2026-06-14 05:16:26  INFO      main  [ShoqPK] Found 0 channels
2026-06-14 05:16:27  INFO      main  [Tamasha] Found 0 channels
2026-06-14 05:16:27  INFO      main  Total unique channels after merge: 0
2026-06-14 05:16:27  INFO      main  Validating 0 channels…
2026-06-14 05:16:27  INFO      main  Validation complete: 0 live, 0 dead (removed)
2026-06-14 05:16:27  INFO      main  Diff → +0 new, -0 removed
2026-06-14 05:16:27  INFO      main  Saved 0 channels → output/
2026-06-14 05:16:27  INFO      main  Scrape cycle complete.
2026-06-14 08:54:19  INFO      main  ============================================================
2026-06-14 08:54:19  INFO      main  Scrape cycle started at 2026-06-14 08:54:19
2026-06-14 08:54:19  INFO      main  [Tamasha] Starting scrape…
2026-06-14 08:54:19  INFO      main  [Tapmad] Starting scrape…
2026-06-14 08:54:19  INFO      main  [MyCo] Starting scrape…
2026-06-14 08:54:19  INFO      main  [ShoqPK] Starting scrape…
2026-06-14 08:54:19  INFO      main  [MyCo] Found 0 channels
2026-06-14 08:54:19  INFO      main  [Tapmad] Found 0 channels
2026-06-14 08:54:19  INFO      main  [Tamasha] Found 0 channels
2026-06-14 08:54:20  INFO      main  [ShoqPK] Found 0 channels
2026-06-14 08:54:20  INFO      main  Total unique channels after merge: 0
2026-06-14 08:54:20  INFO      main  Validating 0 channels…
2026-06-14 08:54:20  INFO      main  Validation complete: 0 live, 0 dead (removed)
2026-06-14 08:54:20  INFO      main  Diff → +0 new, -0 removed
2026-06-14 08:54:20  INFO      main  Saved 0 channels → output/
2026-06-14 08:54:20  INFO      main  Scrape cycle complete.
2026-06-14 11:32:33  INFO      main  ============================================================
2026-06-14 11:32:33  INFO      main  Scrape cycle started at 2026-06-14 11:32:33
2026-06-14 11:32:33  INFO      main  [Tamasha] Starting scrape…
2026-06-14 11:32:33  INFO      main  [Tapmad] Starting scrape…
2026-06-14 11:32:33  INFO      main  [MyCo] Starting scrape…
2026-06-14 11:32:33  INFO      main  [ShoqPK] Starting scrape…
2026-06-14 11:32:33  INFO      main  [Tapmad] Found 0 channels
2026-06-14 11:32:33  INFO      main  [MyCo] Found 0 channels
2026-06-14 11:32:33  INFO      main  [ShoqPK] Found 0 channels
2026-06-14 11:32:33  INFO      main  [Tamasha] Found 0 channels
2026-06-14 11:32:33  INFO      main  Total unique channels after merge: 0
2026-06-14 11:32:33  INFO      main  Validating 0 channels…
2026-06-14 11:32:33  INFO      main  Validation complete: 0 live, 0 dead (removed)
2026-06-14 11:32:33  INFO      main  Diff → +0 new, -0 removed
2026-06-14 11:32:33  INFO      main  Saved 0 channels → output/
2026-06-14 11:32:33  INFO      main  Scrape cycle complete.
2026-06-14 14:08:39  INFO      main  ============================================================
2026-06-14 14:08:39  INFO      main  Scrape cycle started at 2026-06-14 14:08:39
2026-06-14 14:08:39  INFO      main  [Tamasha] Starting scrape…
2026-06-14 14:08:39  INFO      main  [Tapmad] Starting scrape…
2026-06-14 14:08:39  INFO      main  [MyCo] Starting scrape…
2026-06-14 14:08:39  INFO      main  [ShoqPK] Starting scrape…
2026-06-14 14:08:39  INFO      main  [Tapmad] Found 0 channels
2026-06-14 14:08:39  INFO      main  [MyCo] Found 0 channels
2026-06-14 14:08:39  INFO      main  [Tamasha] Found 0 channels
2026-06-14 14:08:40  INFO      main  [ShoqPK] Found 0 channels
2026-06-14 14:08:40  INFO      main  Total unique channels after merge: 0
2026-06-14 14:08:40  INFO      main  Validating 0 channels…
2026-06-14 14:08:40  INFO      main  Validation complete: 0 live, 0 dead (removed)
2026-06-14 14:08:40  INFO      main  Diff → +0 new, -0 removed
2026-06-14 14:08:40  INFO      main  Saved 0 channels → output/
2026-06-14 14:08:40  INFO      main  Scrape cycle complete.
2026-06-14 16:06:30  INFO      main  ============================================================
2026-06-14 16:06:30  INFO      main  Scrape cycle started at 2026-06-14 16:06:30
2026-06-14 16:06:30  INFO      main  [Tamasha] Starting scrape…
2026-06-14 16:06:30  INFO      main  [Tapmad] Starting scrape…
2026-06-14 16:06:30  INFO      main  [MyCo] Starting scrape…
2026-06-14 16:06:30  INFO      main  [ShoqPK] Starting scrape…
2026-06-14 16:06:30  INFO      main  [MyCo] Found 0 channels
2026-06-14 16:06:30  INFO      main  [Tapmad] Found 0 channels
2026-06-14 16:06:30  INFO      main  [Tamasha] Found 0 channels
2026-06-14 16:06:31  INFO      main  [ShoqPK] Found 0 channels
2026-06-14 16:06:31  INFO      main  Total unique channels after merge: 0
2026-06-14 16:06:31  INFO      main  Validating 0 channels…
2026-06-14 16:06:31  INFO      main  Validation complete: 0 live, 0 dead (removed)
2026-06-14 16:06:31  INFO      main  Diff → +0 new, -0 removed
2026-06-14 16:06:31  INFO      main  Saved 0 channels → output/
2026-06-14 16:06:31  INFO      main  Scrape cycle complete.
2026-06-14 17:57:50  INFO      main  ============================================================
2026-06-14 17:57:50  INFO      main  Scrape cycle started at 2026-06-14 17:57:50
2026-06-14 17:57:50  INFO      main  [Tamasha] Starting scrape…
2026-06-14 17:57:50  INFO      main  [Tapmad] Starting scrape…
2026-06-14 17:57:50  INFO      main  [MyCo] Starting scrape…
2026-06-14 17:57:50  INFO      main  [ShoqPK] Starting scrape…
2026-06-14 17:57:50  INFO      main  [MyCo] Found 0 channels
2026-06-14 17:57:50  INFO      main  [Tapmad] Found 0 channels
2026-06-14 17:57:50  INFO      main  [ShoqPK] Found 0 channels
2026-06-14 17:57:50  INFO      main  [Tamasha] Found 0 channels
2026-06-14 17:57:50  INFO      main  Total unique channels after merge: 0
2026-06-14 17:57:50  INFO      main  Validating 0 channels…
2026-06-14 17:57:50  INFO      main  Validation complete: 0 live, 0 dead (removed)
2026-06-14 17:57:50  INFO      main  Diff → +0 new, -0 removed
2026-06-14 17:57:50  INFO      main  Saved 0 channels → output/
2026-06-14 17:57:50  INFO      main  Scrape cycle complete.
2026-06-14 19:49:45  INFO      main  ============================================================
2026-06-14 19:49:45  INFO      main  Scrape cycle started at 2026-06-14 19:49:45
2026-06-14 19:49:45  INFO      main  [Tamasha] Starting scrape…
2026-06-14 19:49:45  INFO      main  [Tapmad] Starting scrape…
2026-06-14 19:49:45  INFO      main  [MyCo] Starting scrape…
2026-06-14 19:49:45  INFO      main  [ShoqPK] Starting scrape…
2026-06-14 19:49:45  INFO      main  [MyCo] Found 0 channels
2026-06-14 19:49:45  INFO      main  [Tapmad] Found 0 channels
2026-06-14 19:49:46  INFO      main  [ShoqPK] Found 0 channels
2026-06-14 19:49:46  INFO      main  [Tamasha] Found 0 channels
2026-06-14 19:49:46  INFO      main  Total unique channels after merge: 0
2026-06-14 19:49:46  INFO      main  Validating 0 channels…
2026-06-14 19:49:46  INFO      main  Validation complete: 0 live, 0 dead (removed)
2026-06-14 19:49:46  INFO      main  Diff → +0 new, -0 removed
2026-06-14 19:49:46  INFO      main  Saved 0 channels → output/
2026-06-14 19:49:46  INFO      main  Scrape cycle complete.
2026-06-14 21:15:25  INFO      main  ============================================================
2026-06-14 21:15:25  INFO      main  Scrape cycle started at 2026-06-14 21:15:25
2026-06-14 21:15:25  INFO      main  [Tamasha] Starting scrape…
2026-06-14 21:15:25  INFO      main  [Tapmad] Starting scrape…
2026-06-14 21:15:25  INFO      main  [MyCo] Starting scrape…
2026-06-14 21:15:25  INFO      main  [ShoqPK] Starting scrape…
2026-06-14 21:15:25  INFO      main  [MyCo] Found 0 channels
2026-06-14 21:15:25  INFO      main  [Tapmad] Found 0 channels
2026-06-14 21:15:26  INFO      main  [ShoqPK] Found 0 channels
2026-06-14 21:15:26  INFO      main  [Tamasha] Found 0 channels
2026-06-14 21:15:26  INFO      main  Total unique channels after merge: 0
2026-06-14 21:15:26  INFO      main  Validating 0 channels…
2026-06-14 21:15:26  INFO      main  Validation complete: 0 live, 0 dead (removed)
2026-06-14 21:15:26  INFO      main  Diff → +0 new, -0 removed
2026-06-14 21:15:26  INFO      main  Saved 0 channels → output/
2026-06-14 21:15:26  INFO      main  Scrape cycle complete.
2026-06-14 22:42:16  INFO      main  ============================================================
2026-06-14 22:42:16  INFO      main  Scrape cycle started at 2026-06-14 22:42:16
2026-06-14 22:42:16  INFO      main  [Tamasha] Starting scrape…
2026-06-14 22:42:16  INFO      main  [Tapmad] Starting scrape…
2026-06-14 22:42:16  INFO      main  [MyCo] Starting scrape…
2026-06-14 22:42:16  INFO      main  [ShoqPK] Starting scrape…
2026-06-14 22:42:16  INFO      main  [MyCo] Found 0 channels
2026-06-14 22:42:16  INFO      main  [Tapmad] Found 0 channels
2026-06-14 22:42:16  INFO      main  [ShoqPK] Found 0 channels
2026-06-14 22:42:16  INFO      main  [Tamasha] Found 0 channels
2026-06-14 22:42:16  INFO      main  Total unique channels after merge: 0
2026-06-14 22:42:16  INFO      main  Validating 0 channels…
2026-06-14 22:42:16  INFO      main  Validation complete: 0 live, 0 dead (removed)
2026-06-14 22:42:16  INFO      main  Diff → +0 new, -0 removed
2026-06-14 22:42:16  INFO      main  Saved 0 channels → output/
2026-06-14 22:42:16  INFO      main  Scrape cycle complete.
2026-06-15 00:13:43  INFO      main  ============================================================
2026-06-15 00:13:43  INFO      main  Scrape cycle started at 2026-06-15 00:13:43
2026-06-15 00:13:43  INFO      main  [Tamasha] Starting scrape…
2026-06-15 00:13:43  INFO      main  [Tapmad] Starting scrape…
2026-06-15 00:13:43  INFO      main  [MyCo] Starting scrape…
2026-06-15 00:13:43  INFO      main  [ShoqPK] Starting scrape…
2026-06-15 00:13:43  INFO      main  [MyCo] Found 0 channels
2026-06-15 00:13:43  INFO      main  [Tapmad] Found 0 channels
2026-06-15 00:13:43  INFO      main  [Tamasha] Found 0 channels
2026-06-15 00:13:43  INFO      main  [ShoqPK] Found 0 channels
2026-06-15 00:13:43  INFO      main  Total unique channels after merge: 0
2026-06-15 00:13:43  INFO      main  Validating 0 channels…
2026-06-15 00:13:43  INFO      main  Validation complete: 0 live, 0 dead (removed)
2026-06-15 00:13:43  INFO      main  Diff → +0 new, -0 removed
2026-06-15 00:13:43  INFO      main  Saved 0 channels → output/
2026-06-15 00:13:43  INFO      main  Scrape cycle complete.
2026-06-15 05:38:19  INFO      main  ============================================================
2026-06-15 05:38:19  INFO      main  Scrape cycle started at 2026-06-15 05:38:19
2026-06-15 05:38:19  INFO      main  [Tamasha] Starting scrape…
2026-06-15 05:38:19  INFO      main  [Tapmad] Starting scrape…
2026-06-15 05:38:19  INFO      main  [MyCo] Starting scrape…
2026-06-15 05:38:19  INFO      main  [ShoqPK] Starting scrape…
2026-06-15 05:38:19  INFO      main  [MyCo] Found 0 channels
2026-06-15 05:38:19  INFO      main  [Tapmad] Found 0 channels
2026-06-15 05:38:19  INFO      main  [ShoqPK] Found 0 channels
2026-06-15 05:38:19  INFO      main  [Tamasha] Found 0 channels
2026-06-15 05:38:19  INFO      main  Total unique channels after merge: 0
2026-06-15 05:38:19  INFO      main  Validating 0 channels…
2026-06-15 05:38:19  INFO      main  Validation complete: 0 live, 0 dead (removed)
2026-06-15 05:38:19  INFO      main  Diff → +0 new, -0 removed
2026-06-15 05:38:19  INFO      main  Saved 0 channels → output/
2026-06-15 05:38:19  INFO      main  Scrape cycle complete.
2026-06-15 12:20:28  INFO      main  ============================================================
2026-06-15 12:20:28  INFO      main  Scrape cycle started at 2026-06-15 12:20:28
2026-06-15 12:20:28  INFO      main  [Tamasha] Starting scrape…
2026-06-15 12:20:28  INFO      main  [Tapmad] Starting scrape…
2026-06-15 12:20:28  INFO      main  [MyCo] Starting scrape…
2026-06-15 12:20:28  INFO      main  [ShoqPK] Starting scrape…
2026-06-15 12:20:28  INFO      main  [Tapmad] Found 0 channels
2026-06-15 12:20:29  INFO      main  [MyCo] Found 0 channels
2026-06-15 12:20:29  INFO      main  [ShoqPK] Found 0 channels
2026-06-15 12:20:29  INFO      main  [Tamasha] Found 0 channels
2026-06-15 12:20:29  INFO      main  Total unique channels after merge: 0
2026-06-15 12:20:29  INFO      main  Validating 0 channels…
2026-06-15 12:20:29  INFO      main  Validation complete: 0 live, 0 dead (removed)
2026-06-15 12:20:29  INFO      main  Diff → +0 new, -0 removed
2026-06-15 12:20:29  INFO      main  Saved 0 channels → output/
2026-06-15 12:20:29  INFO      main  Scrape cycle complete.
2026-06-15 17:31:49  INFO      main  ============================================================
2026-06-15 17:31:49  INFO      main  Scrape cycle started at 2026-06-15 17:31:49
2026-06-15 17:31:49  INFO      main  [Tamasha] Starting scrape…
2026-06-15 17:31:49  INFO      main  [Tapmad] Starting scrape…
2026-06-15 17:31:49  INFO      main  [MyCo] Starting scrape…
2026-06-15 17:31:49  INFO      main  [ShoqPK] Starting scrape…
2026-06-15 17:31:49  INFO      main  [Tapmad] Found 0 channels
2026-06-15 17:31:49  INFO      main  [MyCo] Found 0 channels
2026-06-15 17:31:49  INFO      main  [ShoqPK] Found 0 channels
2026-06-15 17:31:49  INFO      main  [Tamasha] Found 0 channels
2026-06-15 17:31:49  INFO      main  Total unique channels after merge: 0
2026-06-15 17:31:49  INFO      main  Validating 0 channels…
2026-06-15 17:31:49  INFO      main  Validation complete: 0 live, 0 dead (removed)
2026-06-15 17:31:49  INFO      main  Diff → +0 new, -0 removed
2026-06-15 17:31:49  INFO      main  Saved 0 channels → output/
2026-06-15 17:31:49  INFO      main  Scrape cycle complete.
2026-06-15 20:57:52  INFO      main  ============================================================
2026-06-15 20:57:52  INFO      main  Scrape cycle started at 2026-06-15 20:57:52
2026-06-15 20:57:52  INFO      main  [Tamasha] Starting scrape…
2026-06-15 20:57:52  INFO      main  [Tapmad] Starting scrape…
2026-06-15 20:57:52  INFO      main  [MyCo] Starting scrape…
2026-06-15 20:57:52  INFO      main  [ShoqPK] Starting scrape…
2026-06-15 20:57:52  INFO      main  [MyCo] Found 0 channels
2026-06-15 20:57:52  INFO      main  [Tapmad] Found 0 channels
2026-06-15 20:57:52  INFO      main  [ShoqPK] Found 0 channels
2026-06-15 20:57:52  INFO      main  [Tamasha] Found 0 channels
2026-06-15 20:57:52  INFO      main  Total unique channels after merge: 0
2026-06-15 20:57:52  INFO      main  Validating 0 channels…
2026-06-15 20:57:52  INFO      main  Validation complete: 0 live, 0 dead (removed)
2026-06-15 20:57:52  INFO      main  Diff → +0 new, -0 removed
2026-06-15 20:57:52  INFO      main  Saved 0 channels → output/
2026-06-15 20:57:52  INFO      main  Scrape cycle complete.
2026-06-15 23:06:34  INFO      main  ============================================================
2026-06-15 23:06:34  INFO      main  Scrape cycle started at 2026-06-15 23:06:34
2026-06-15 23:06:34  INFO      main  [Tamasha] Starting scrape…
2026-06-15 23:06:34  INFO      main  [Tapmad] Starting scrape…
2026-06-15 23:06:34  INFO      main  [MyCo] Starting scrape…
2026-06-15 23:06:34  INFO      main  [ShoqPK] Starting scrape…
2026-06-15 23:06:34  INFO      main  [MyCo] Found 0 channels
2026-06-15 23:06:35  INFO      main  [Tapmad] Found 0 channels
2026-06-15 23:06:35  INFO      main  [Tamasha] Found 0 channels
2026-06-15 23:06:35  INFO      main  [ShoqPK] Found 0 channels
2026-06-15 23:06:35  INFO      main  Total unique channels after merge: 0
2026-06-15 23:06:35  INFO      main  Validating 0 channels…
2026-06-15 23:06:35  INFO      main  Validation complete: 0 live, 0 dead (removed)
2026-06-15 23:06:35  INFO      main  Diff → +0 new, -0 removed
2026-06-15 23:06:35  INFO      main  Saved 0 channels → output/
2026-06-15 23:06:35  INFO      main  Scrape cycle complete.
2026-06-16 02:08:49  INFO      main  ============================================================
2026-06-16 02:08:49  INFO      main  Scrape cycle started at 2026-06-16 02:08:49
2026-06-16 02:08:49  INFO      main  [Tamasha] Starting scrape…
2026-06-16 02:08:49  INFO      main  [Tapmad] Starting scrape…
2026-06-16 02:08:49  INFO      main  [MyCo] Starting scrape…
2026-06-16 02:08:49  INFO      main  [ShoqPK] Starting scrape…
2026-06-16 02:08:50  INFO      main  [Tapmad] Found 0 channels
2026-06-16 02:08:50  INFO      main  [MyCo] Found 0 channels
2026-06-16 02:08:50  INFO      main  [ShoqPK] Found 0 channels
2026-06-16 02:08:50  INFO      main  [Tamasha] Found 0 channels
2026-06-16 02:08:50  INFO      main  Total unique channels after merge: 0
2026-06-16 02:08:50  INFO      main  Validating 0 channels…
2026-06-16 02:08:50  INFO      main  Validation complete: 0 live, 0 dead (removed)
2026-06-16 02:08:50  INFO      main  Diff → +0 new, -0 removed
2026-06-16 02:08:50  INFO      main  Saved 0 channels → output/
2026-06-16 02:08:50  INFO      main  Scrape cycle complete.
2026-06-16 08:27:57  INFO      main  ============================================================
2026-06-16 08:27:57  INFO      main  Scrape cycle started at 2026-06-16 08:27:57
2026-06-16 08:27:57  INFO      main  [Tamasha] Starting scrape…
2026-06-16 08:27:57  INFO      main  [Tapmad] Starting scrape…
2026-06-16 08:27:57  INFO      main  [MyCo] Starting scrape…
2026-06-16 08:27:57  INFO      main  [ShoqPK] Starting scrape…
2026-06-16 08:27:57  INFO      main  [MyCo] Found 0 channels
2026-06-16 08:27:57  INFO      main  [Tapmad] Found 0 channels
2026-06-16 08:27:57  INFO      main  [ShoqPK] Found 0 channels
2026-06-16 08:27:57  INFO      main  [Tamasha] Found 0 channels
2026-06-16 08:27:57  INFO      main  Total unique channels after merge: 0
2026-06-16 08:27:57  INFO      main  Validating 0 channels…
2026-06-16 08:27:57  INFO      main  Validation complete: 0 live, 0 dead (removed)
2026-06-16 08:27:57  INFO      main  Diff → +0 new, -0 removed
2026-06-16 08:27:57  INFO      main  Saved 0 channels → output/
2026-06-16 08:27:57  INFO      main  Scrape cycle complete.
2026-06-16 13:14:58  INFO      main  ============================================================
2026-06-16 13:14:58  INFO      main  Scrape cycle started at 2026-06-16 13:14:58
2026-06-16 13:14:58  INFO      main  [Tamasha] Starting scrape…
2026-06-16 13:14:58  INFO      main  [Tapmad] Starting scrape…
2026-06-16 13:14:58  INFO      main  [MyCo] Starting scrape…
2026-06-16 13:14:58  INFO      main  [ShoqPK] Starting scrape…
2026-06-16 13:14:58  INFO      main  [MyCo] Found 0 channels
2026-06-16 13:14:58  INFO      main  [Tapmad] Found 0 channels
2026-06-16 13:14:58  INFO      main  [ShoqPK] Found 0 channels
2026-06-16 13:14:59  INFO      main  [Tamasha] Found 0 channels
2026-06-16 13:14:59  INFO      main  Total unique channels after merge: 0
2026-06-16 13:14:59  INFO      main  Validating 0 channels…
2026-06-16 13:14:59  INFO      main  Validation complete: 0 live, 0 dead (removed)
2026-06-16 13:14:59  INFO      main  Diff → +0 new, -0 removed
2026-06-16 13:14:59  INFO      main  Saved 0 channels → output/
2026-06-16 13:14:59  INFO      main  Scrape cycle complete.
2026-06-16 18:16:55  INFO      main  ============================================================
2026-06-16 18:16:55  INFO      main  Scrape cycle started at 2026-06-16 18:16:55
2026-06-16 18:16:55  INFO      main  [Tamasha] Starting scrape…
2026-06-16 18:16:55  INFO      main  [Tapmad] Starting scrape…
2026-06-16 18:16:55  INFO      main  [MyCo] Starting scrape…
2026-06-16 18:16:55  INFO      main  [ShoqPK] Starting scrape…
2026-06-16 18:16:55  INFO      main  [MyCo] Found 0 channels
2026-06-16 18:16:56  INFO      main  [Tapmad] Found 0 channels
2026-06-16 18:16:56  INFO      main  [ShoqPK] Found 0 channels
2026-06-16 18:16:56  INFO      main  [Tamasha] Found 0 channels
2026-06-16 18:16:56  INFO      main  Total unique channels after merge: 0
2026-06-16 18:16:56  INFO      main  Validating 0 channels…
2026-06-16 18:16:56  INFO      main  Validation complete: 0 live, 0 dead (removed)
2026-06-16 18:16:56  INFO      main  Diff → +0 new, -0 removed
2026-06-16 18:16:56  INFO      main  Saved 0 channels → output/
2026-06-16 18:16:56  INFO      main  Scrape cycle complete.
2026-06-16 21:26:33  INFO      main  ============================================================
2026-06-16 21:26:33  INFO      main  Scrape cycle started at 2026-06-16 21:26:33
2026-06-16 21:26:33  INFO      main  [Tamasha] Starting scrape…
2026-06-16 21:26:33  INFO      main  [Tapmad] Starting scrape…
2026-06-16 21:26:33  INFO      main  [MyCo] Starting scrape…
2026-06-16 21:26:33  INFO      main  [ShoqPK] Starting scrape…
2026-06-16 21:26:33  INFO      main  [MyCo] Found 0 channels
2026-06-16 21:26:33  INFO      main  [Tapmad] Found 0 channels
2026-06-16 21:26:33  INFO      main  [Tamasha] Found 0 channels
2026-06-16 21:26:33  INFO      main  [ShoqPK] Found 0 channels
2026-06-16 21:26:33  INFO      main  Total unique channels after merge: 0
2026-06-16 21:26:33  INFO      main  Validating 0 channels…
2026-06-16 21:26:33  INFO      main  Validation complete: 0 live, 0 dead (removed)
2026-06-16 21:26:33  INFO      main  Diff → +0 new, -0 removed
2026-06-16 21:26:33  INFO      main  Saved 0 channels → output/
2026-06-16 21:26:33  INFO      main  Scrape cycle complete.
2026-06-16 23:06:08  INFO      main  ============================================================
2026-06-16 23:06:08  INFO      main  Scrape cycle started at 2026-06-16 23:06:08
2026-06-16 23:06:08  INFO      main  [Tamasha] Starting scrape…
2026-06-16 23:06:08  INFO      main  [Tapmad] Starting scrape…
2026-06-16 23:06:08  INFO      main  [MyCo] Starting scrape…
2026-06-16 23:06:08  INFO      main  [ShoqPK] Starting scrape…
2026-06-16 23:06:08  INFO      main  [MyCo] Found 0 channels
2026-06-16 23:06:08  INFO      main  [Tapmad] Found 0 channels
2026-06-16 23:06:08  INFO      main  [Tamasha] Found 0 channels
2026-06-16 23:06:08  INFO      main  [ShoqPK] Found 0 channels
2026-06-16 23:06:08  INFO      main  Total unique channels after merge: 0
2026-06-16 23:06:08  INFO      main  Validating 0 channels…
2026-06-16 23:06:08  INFO      main  Validation complete: 0 live, 0 dead (removed)
2026-06-16 23:06:08  INFO      main  Diff → +0 new, -0 removed
2026-06-16 23:06:08  INFO      main  Saved 0 channels → output/
2026-06-16 23:06:08  INFO      main  Scrape cycle complete.
2026-06-17 02:02:21  INFO      main  ============================================================
2026-06-17 02:02:21  INFO      main  Scrape cycle started at 2026-06-17 02:02:21
2026-06-17 02:02:21  INFO      main  [Tamasha] Starting scrape…
2026-06-17 02:02:21  INFO      main  [Tapmad] Starting scrape…
2026-06-17 02:02:21  INFO      main  [MyCo] Starting scrape…
2026-06-17 02:02:21  INFO      main  [ShoqPK] Starting scrape…
2026-06-17 02:02:21  INFO      main  [MyCo] Found 0 channels
2026-06-17 02:02:21  INFO      main  [Tapmad] Found 0 channels
2026-06-17 02:02:21  INFO      main  [Tamasha] Found 0 channels
2026-06-17 02:02:21  INFO      main  [ShoqPK] Found 0 channels
2026-06-17 02:02:21  INFO      main  Total unique channels after merge: 0
2026-06-17 02:02:21  INFO      main  Validating 0 channels…
2026-06-17 02:02:21  INFO      main  Validation complete: 0 live, 0 dead (removed)
2026-06-17 02:02:21  INFO      main  Diff → +0 new, -0 removed
2026-06-17 02:02:21  INFO      main  Saved 0 channels → output/
2026-06-17 02:02:21  INFO      main  Scrape cycle complete.
2026-06-17 07:34:47  INFO      main  ============================================================
2026-06-17 07:34:47  INFO      main  Scrape cycle started at 2026-06-17 07:34:47
2026-06-17 07:34:47  INFO      main  [Tamasha] Starting scrape…
2026-06-17 07:34:47  INFO      main  [Tapmad] Starting scrape…
2026-06-17 07:34:47  INFO      main  [MyCo] Starting scrape…
2026-06-17 07:34:47  INFO      main  [ShoqPK] Starting scrape…
2026-06-17 07:34:47  INFO      main  [MyCo] Found 0 channels
2026-06-17 07:34:48  INFO      main  [Tapmad] Found 0 channels
2026-06-17 07:34:48  INFO      main  [Tamasha] Found 0 channels
2026-06-17 07:34:48  INFO      main  [ShoqPK] Found 0 channels
2026-06-17 07:34:48  INFO      main  Total unique channels after merge: 0
2026-06-17 07:34:48  INFO      main  Validating 0 channels…
2026-06-17 07:34:48  INFO      main  Validation complete: 0 live, 0 dead (removed)
2026-06-17 07:34:48  INFO      main  Diff → +0 new, -0 removed
2026-06-17 07:34:48  INFO      main  Saved 0 channels → output/
2026-06-17 07:34:48  INFO      main  Scrape cycle complete.
2026-06-17 12:18:59  INFO      main  ============================================================
2026-06-17 12:18:59  INFO      main  Scrape cycle started at 2026-06-17 12:18:59
2026-06-17 12:18:59  INFO      main  [Tamasha] Starting scrape…
2026-06-17 12:18:59  INFO      main  [Tapmad] Starting scrape…
2026-06-17 12:18:59  INFO      main  [MyCo] Starting scrape…
2026-06-17 12:18:59  INFO      main  [ShoqPK] Starting scrape…
2026-06-17 12:18:59  INFO      main  [Tapmad] Found 0 channels
2026-06-17 12:18:59  INFO      main  [MyCo] Found 0 channels
2026-06-17 12:18:59  INFO      main  [ShoqPK] Found 0 channels
2026-06-17 12:18:59  INFO      main  [Tamasha] Found 0 channels
2026-06-17 12:18:59  INFO      main  Total unique channels after merge: 0
2026-06-17 12:18:59  INFO      main  Validating 0 channels…
2026-06-17 12:18:59  INFO      main  Validation complete: 0 live, 0 dead (removed)
2026-06-17 12:18:59  INFO      main  Diff → +0 new, -0 removed
2026-06-17 12:18:59  INFO      main  Saved 0 channels → output/
2026-06-17 12:18:59  INFO      main  Scrape cycle complete.
2026-06-17 16:13:20  INFO      main  ============================================================
2026-06-17 16:13:20  INFO      main  Scrape cycle started at 2026-06-17 16:13:20
2026-06-17 16:13:20  INFO      main  [Tamasha] Starting scrape…
2026-06-17 16:13:20  INFO      main  [Tapmad] Starting scrape…
2026-06-17 16:13:20  INFO      main  [MyCo] Starting scrape…
2026-06-17 16:13:20  INFO      main  [ShoqPK] Starting scrape…
2026-06-17 16:13:20  INFO      main  [Tapmad] Found 0 channels
2026-06-17 16:13:20  INFO      main  [MyCo] Found 0 channels
2026-06-17 16:13:21  INFO      main  [ShoqPK] Found 0 channels
2026-06-17 16:13:21  INFO      main  [Tamasha] Found 0 channels
2026-06-17 16:13:21  INFO      main  Total unique channels after merge: 0
2026-06-17 16:13:21  INFO      main  Validating 0 channels…
2026-06-17 16:13:21  INFO      main  Validation complete: 0 live, 0 dead (removed)
2026-06-17 16:13:21  INFO      main  Diff → +0 new, -0 removed
2026-06-17 16:13:21  INFO      main  Saved 0 channels → output/
2026-06-17 16:13:21  INFO      main  Scrape cycle complete.
2026-06-17 18:42:22  INFO      main  ============================================================
2026-06-17 18:42:22  INFO      main  Scrape cycle started at 2026-06-17 18:42:22
2026-06-17 18:42:22  INFO      main  [Tamasha] Starting scrape…
2026-06-17 18:42:22  INFO      main  [Tapmad] Starting scrape…
2026-06-17 18:42:22  INFO      main  [MyCo] Starting scrape…
2026-06-17 18:42:22  INFO      main  [ShoqPK] Starting scrape…
2026-06-17 18:42:22  INFO      main  [Tapmad] Found 0 channels
2026-06-17 18:42:22  INFO      main  [MyCo] Found 0 channels
2026-06-17 18:42:22  INFO      main  [Tamasha] Found 0 channels
2026-06-17 18:42:22  INFO      main  [ShoqPK] Found 0 channels
2026-06-17 18:42:22  INFO      main  Total unique channels after merge: 0
2026-06-17 18:42:22  INFO      main  Validating 0 channels…
2026-06-17 18:42:22  INFO      main  Validation complete: 0 live, 0 dead (removed)
2026-06-17 18:42:22  INFO      main  Diff → +0 new, -0 removed
2026-06-17 18:42:22  INFO      main  Saved 0 channels → output/
2026-06-17 18:42:22  INFO      main  Scrape cycle complete.
2026-06-17 21:09:52  INFO      main  ============================================================
2026-06-17 21:09:52  INFO      main  Scrape cycle started at 2026-06-17 21:09:52
2026-06-17 21:09:52  INFO      main  [Tamasha] Starting scrape…
2026-06-17 21:09:52  INFO      main  [Tapmad] Starting scrape…
2026-06-17 21:09:52  INFO      main  [MyCo] Starting scrape…
2026-06-17 21:09:52  INFO      main  [ShoqPK] Starting scrape…
2026-06-17 21:09:52  INFO      main  [Tapmad] Found 0 channels
2026-06-17 21:09:53  INFO      main  [MyCo] Found 0 channels
2026-06-17 21:09:53  INFO      main  [ShoqPK] Found 0 channels
2026-06-17 21:09:53  INFO      main  [Tamasha] Found 0 channels
2026-06-17 21:09:53  INFO      main  Total unique channels after merge: 0
2026-06-17 21:09:53  INFO      main  Validating 0 channels…
2026-06-17 21:09:53  INFO      main  Validation complete: 0 live, 0 dead (removed)
2026-06-17 21:09:53  INFO      main  Diff → +0 new, -0 removed
2026-06-17 21:09:53  INFO      main  Saved 0 channels → output/
2026-06-17 21:09:53  INFO      main  Scrape cycle complete.
2026-06-17 22:59:07  INFO      main  ============================================================
2026-06-17 22:59:07  INFO      main  Scrape cycle started at 2026-06-17 22:59:07
2026-06-17 22:59:07  INFO      main  [Tamasha] Starting scrape…
2026-06-17 22:59:07  INFO      main  [Tapmad] Starting scrape…
2026-06-17 22:59:07  INFO      main  [MyCo] Starting scrape…
2026-06-17 22:59:07  INFO      main  [ShoqPK] Starting scrape…
2026-06-17 22:59:07  INFO      main  [Tapmad] Found 0 channels
2026-06-17 22:59:07  INFO      main  [MyCo] Found 0 channels
2026-06-17 22:59:08  INFO      main  [Tamasha] Found 0 channels
2026-06-17 22:59:08  INFO      main  [ShoqPK] Found 0 channels
2026-06-17 22:59:08  INFO      main  Total unique channels after merge: 0
2026-06-17 22:59:08  INFO      main  Validating 0 channels…
2026-06-17 22:59:08  INFO      main  Validation complete: 0 live, 0 dead (removed)
2026-06-17 22:59:08  INFO      main  Diff → +0 new, -0 removed
2026-06-17 22:59:08  INFO      main  Saved 0 channels → output/
2026-06-17 22:59:08  INFO      main  Scrape cycle complete.
2026-06-18 00:23:19  INFO      main  ============================================================
2026-06-18 00:23:19  INFO      main  Scrape cycle started at 2026-06-18 00:23:19
2026-06-18 00:23:19  INFO      main  [Tamasha] Starting scrape…
2026-06-18 00:23:19  INFO      main  [Tapmad] Starting scrape…
2026-06-18 00:23:19  INFO      main  [MyCo] Starting scrape…
2026-06-18 00:23:19  INFO      main  [ShoqPK] Starting scrape…
2026-06-18 00:23:19  INFO      main  [MyCo] Found 0 channels
2026-06-18 00:23:19  INFO      main  [Tapmad] Found 0 channels
2026-06-18 00:23:19  INFO      main  [Tamasha] Found 0 channels
2026-06-18 00:23:19  INFO      main  [ShoqPK] Found 0 channels
2026-06-18 00:23:19  INFO      main  Total unique channels after merge: 0
2026-06-18 00:23:19  INFO      main  Validating 0 channels…
2026-06-18 00:23:19  INFO      main  Validation complete: 0 live, 0 dead (removed)
2026-06-18 00:23:19  INFO      main  Diff → +0 new, -0 removed
2026-06-18 00:23:19  INFO      main  Saved 0 channels → output/
2026-06-18 00:23:19  INFO      main  Scrape cycle complete.
2026-06-18 05:18:37  INFO      main  ============================================================
2026-06-18 05:18:37  INFO      main  Scrape cycle started at 2026-06-18 05:18:37
2026-06-18 05:18:37  INFO      main  [Tamasha] Starting scrape…
2026-06-18 05:18:37  INFO      main  [Tapmad] Starting scrape…
2026-06-18 05:18:37  INFO      main  [MyCo] Starting scrape…
2026-06-18 05:18:37  INFO      main  [ShoqPK] Starting scrape…
2026-06-18 05:18:37  INFO      main  [Tapmad] Found 0 channels
2026-06-18 05:18:37  INFO      main  [MyCo] Found 0 channels
2026-06-18 05:18:37  INFO      main  [ShoqPK] Found 0 channels
2026-06-18 05:18:38  INFO      main  [Tamasha] Found 0 channels
2026-06-18 05:18:38  INFO      main  Total unique channels after merge: 0
2026-06-18 05:18:38  INFO      main  Validating 0 channels…
2026-06-18 05:18:38  INFO      main  Validation complete: 0 live, 0 dead (removed)
2026-06-18 05:18:38  INFO      main  Diff → +0 new, -0 removed
2026-06-18 05:18:38  INFO      main  Saved 0 channels → output/
2026-06-18 05:18:38  INFO      main  Scrape cycle complete.
2026-06-18 09:54:58  INFO      main  ============================================================
2026-06-18 09:54:58  INFO      main  Scrape cycle started at 2026-06-18 09:54:58
2026-06-18 09:54:58  INFO      main  [Tamasha] Starting scrape…
2026-06-18 09:54:58  INFO      main  [Tapmad] Starting scrape…
2026-06-18 09:54:58  INFO      main  [MyCo] Starting scrape…
2026-06-18 09:54:58  INFO      main  [ShoqPK] Starting scrape…
2026-06-18 09:54:59  INFO      main  [Tapmad] Found 0 channels
2026-06-18 09:54:59  INFO      main  [MyCo] Found 0 channels
2026-06-18 09:54:59  INFO      main  [Tamasha] Found 0 channels
2026-06-18 09:54:59  INFO      main  [ShoqPK] Found 0 channels
2026-06-18 09:54:59  INFO      main  Total unique channels after merge: 0
2026-06-18 09:54:59  INFO      main  Validating 0 channels…
2026-06-18 09:54:59  INFO      main  Validation complete: 0 live, 0 dead (removed)
2026-06-18 09:54:59  INFO      main  Diff → +0 new, -0 removed
2026-06-18 09:54:59  INFO      main  Saved 0 channels → output/
2026-06-18 09:54:59  INFO      main  Scrape cycle complete.
2026-06-18 12:56:29  INFO      main  ============================================================
2026-06-18 12:56:29  INFO      main  Scrape cycle started at 2026-06-18 12:56:29
2026-06-18 12:56:29  INFO      main  [Tamasha] Starting scrape…
2026-06-18 12:56:29  INFO      main  [Tapmad] Starting scrape…
2026-06-18 12:56:29  INFO      main  [MyCo] Starting scrape…
2026-06-18 12:56:29  INFO      main  [ShoqPK] Starting scrape…
2026-06-18 12:56:29  INFO      main  [Tapmad] Found 0 channels
2026-06-18 12:56:29  INFO      main  [ShoqPK] Found 0 channels
2026-06-18 12:56:29  INFO      main  [MyCo] Found 0 channels
2026-06-18 12:56:29  INFO      main  [Tamasha] Found 0 channels
2026-06-18 12:56:29  INFO      main  Total unique channels after merge: 0
2026-06-18 12:56:29  INFO      main  Validating 0 channels…
2026-06-18 12:56:29  INFO      main  Validation complete: 0 live, 0 dead (removed)
2026-06-18 12:56:29  INFO      main  Diff → +0 new, -0 removed
2026-06-18 12:56:29  INFO      main  Saved 0 channels → output/
2026-06-18 12:56:29  INFO      main  Scrape cycle complete.
2026-06-18 16:37:48  INFO      main  ============================================================
2026-06-18 16:37:48  INFO      main  Scrape cycle started at 2026-06-18 16:37:48
2026-06-18 16:37:48  INFO      main  [Tamasha] Starting scrape…
2026-06-18 16:37:48  INFO      main  [Tapmad] Starting scrape…
2026-06-18 16:37:48  INFO      main  [MyCo] Starting scrape…
2026-06-18 16:37:48  INFO      main  [ShoqPK] Starting scrape…
2026-06-18 16:37:48  INFO      main  [Tapmad] Found 0 channels
2026-06-18 16:37:48  INFO      main  [MyCo] Found 0 channels
2026-06-18 16:37:48  INFO      main  [ShoqPK] Found 0 channels
2026-06-18 16:37:49  INFO      main  [Tamasha] Found 0 channels
2026-06-18 16:37:49  INFO      main  Total unique channels after merge: 0
2026-06-18 16:37:49  INFO      main  Validating 0 channels…
2026-06-18 16:37:49  INFO      main  Validation complete: 0 live, 0 dead (removed)
2026-06-18 16:37:49  INFO      main  Diff → +0 new, -0 removed
2026-06-18 16:37:49  INFO      main  Saved 0 channels → output/
2026-06-18 16:37:49  INFO      main  Scrape cycle complete.
2026-06-18 19:31:20  INFO      main  ============================================================
2026-06-18 19:31:20  INFO      main  Scrape cycle started at 2026-06-18 19:31:20
2026-06-18 19:31:20  INFO      main  [Tamasha] Starting scrape…
2026-06-18 19:31:20  INFO      main  [Tapmad] Starting scrape…
2026-06-18 19:31:20  INFO      main  [MyCo] Starting scrape…
2026-06-18 19:31:20  INFO      main  [ShoqPK] Starting scrape…
2026-06-18 19:31:20  INFO      main  [Tapmad] Found 0 channels
2026-06-18 19:31:20  INFO      main  [MyCo] Found 0 channels
2026-06-18 19:31:21  INFO      main  [Tamasha] Found 0 channels
2026-06-18 19:31:21  INFO      main  [ShoqPK] Found 0 channels
2026-06-18 19:31:21  INFO      main  Total unique channels after merge: 0
2026-06-18 19:31:21  INFO      main  Validating 0 channels…
2026-06-18 19:31:21  INFO      main  Validation complete: 0 live, 0 dead (removed)
2026-06-18 19:31:21  INFO      main  Diff → +0 new, -0 removed
2026-06-18 19:31:21  INFO      main  Saved 0 channels → output/
2026-06-18 19:31:21  INFO      main  Scrape cycle complete.
2026-06-18 22:12:18  INFO      main  ============================================================
2026-06-18 22:12:18  INFO      main  Scrape cycle started at 2026-06-18 22:12:18
2026-06-18 22:12:18  INFO      main  [Tamasha] Starting scrape…
2026-06-18 22:12:18  INFO      main  [Tapmad] Starting scrape…
2026-06-18 22:12:18  INFO      main  [MyCo] Starting scrape…
2026-06-18 22:12:18  INFO      main  [ShoqPK] Starting scrape…
2026-06-18 22:12:18  INFO      main  [MyCo] Found 0 channels
2026-06-18 22:12:18  INFO      main  [Tapmad] Found 0 channels
2026-06-18 22:12:18  INFO      main  [ShoqPK] Found 0 channels
2026-06-18 22:12:19  INFO      main  [Tamasha] Found 0 channels
2026-06-18 22:12:19  INFO      main  Total unique channels after merge: 0
2026-06-18 22:12:19  INFO      main  Validating 0 channels…
2026-06-18 22:12:19  INFO      main  Validation complete: 0 live, 0 dead (removed)
2026-06-18 22:12:19  INFO      main  Diff → +0 new, -0 removed
2026-06-18 22:12:19  INFO      main  Saved 0 channels → output/
2026-06-18 22:12:19  INFO      main  Scrape cycle complete.
2026-06-19 00:10:03  INFO      main  ============================================================
2026-06-19 00:10:03  INFO      main  Scrape cycle started at 2026-06-19 00:10:03
2026-06-19 00:10:03  INFO      main  [Tamasha] Starting scrape…
2026-06-19 00:10:03  INFO      main  [Tapmad] Starting scrape…
2026-06-19 00:10:03  INFO      main  [MyCo] Starting scrape…
2026-06-19 00:10:03  INFO      main  [ShoqPK] Starting scrape…
2026-06-19 00:10:03  INFO      main  [MyCo] Found 0 channels
2026-06-19 00:10:03  INFO      main  [Tapmad] Found 0 channels
2026-06-19 00:10:03  INFO      main  [Tamasha] Found 0 channels
2026-06-19 00:10:03  INFO      main  [ShoqPK] Found 0 channels
2026-06-19 00:10:03  INFO      main  Total unique channels after merge: 0
2026-06-19 00:10:03  INFO      main  Validating 0 channels…
2026-06-19 00:10:03  INFO      main  Validation complete: 0 live, 0 dead (removed)
2026-06-19 00:10:03  INFO      main  Diff → +0 new, -0 removed
2026-06-19 00:10:03  INFO      main  Saved 0 channels → output/
2026-06-19 00:10:03  INFO      main  Scrape cycle complete.
2026-06-19 05:33:59  INFO      main  ============================================================
2026-06-19 05:33:59  INFO      main  Scrape cycle started at 2026-06-19 05:33:59
2026-06-19 05:33:59  INFO      main  [Tamasha] Starting scrape…
2026-06-19 05:33:59  INFO      main  [Tapmad] Starting scrape…
2026-06-19 05:33:59  INFO      main  [MyCo] Starting scrape…
2026-06-19 05:33:59  INFO      main  [ShoqPK] Starting scrape…
2026-06-19 05:33:59  INFO      main  [Tapmad] Found 0 channels
2026-06-19 05:33:59  INFO      main  [MyCo] Found 0 channels
2026-06-19 05:33:59  INFO      main  [ShoqPK] Found 0 channels
2026-06-19 05:33:59  INFO      main  [Tamasha] Found 0 channels
2026-06-19 05:33:59  INFO      main  Total unique channels after merge: 0
2026-06-19 05:33:59  INFO      main  Validating 0 channels…
2026-06-19 05:33:59  INFO      main  Validation complete: 0 live, 0 dead (removed)
2026-06-19 05:33:59  INFO      main  Diff → +0 new, -0 removed
2026-06-19 05:33:59  INFO      main  Saved 0 channels → output/
2026-06-19 05:33:59  INFO      main  Scrape cycle complete.
2026-06-19 10:41:35  INFO      main  ============================================================
2026-06-19 10:41:35  INFO      main  Scrape cycle started at 2026-06-19 10:41:35
2026-06-19 10:41:35  INFO      main  [Tamasha] Starting scrape…
2026-06-19 10:41:35  INFO      main  [Tapmad] Starting scrape…
2026-06-19 10:41:35  INFO      main  [MyCo] Starting scrape…
2026-06-19 10:41:35  INFO      main  [ShoqPK] Starting scrape…
2026-06-19 10:41:35  INFO      main  [MyCo] Found 0 channels
2026-06-19 10:41:35  INFO      main  [Tapmad] Found 0 channels
2026-06-19 10:41:35  INFO      main  [ShoqPK] Found 0 channels
2026-06-19 10:41:36  INFO      main  [Tamasha] Found 0 channels
2026-06-19 10:41:36  INFO      main  Total unique channels after merge: 0
2026-06-19 10:41:36  INFO      main  Validating 0 channels…
2026-06-19 10:41:36  INFO      main  Validation complete: 0 live, 0 dead (removed)
2026-06-19 10:41:36  INFO      main  Diff → +0 new, -0 removed
2026-06-19 10:41:36  INFO      main  Saved 0 channels → output/
2026-06-19 10:41:36  INFO      main  Scrape cycle complete.
2026-06-19 14:14:21  INFO      main  ============================================================
2026-06-19 14:14:21  INFO      main  Scrape cycle started at 2026-06-19 14:14:21
2026-06-19 14:14:21  INFO      main  [Tamasha] Starting scrape…
2026-06-19 14:14:21  INFO      main  [Tapmad] Starting scrape…
2026-06-19 14:14:21  INFO      main  [MyCo] Starting scrape…
2026-06-19 14:14:21  INFO      main  [ShoqPK] Starting scrape…
2026-06-19 14:14:21  INFO      main  [Tapmad] Found 0 channels
2026-06-19 14:14:21  INFO      main  [MyCo] Found 0 channels
2026-06-19 14:14:21  INFO      main  [ShoqPK] Found 0 channels
2026-06-19 14:14:21  INFO      main  [Tamasha] Found 0 channels
2026-06-19 14:14:21  INFO      main  Total unique channels after merge: 0
2026-06-19 14:14:21  INFO      main  Validating 0 channels…
2026-06-19 14:14:21  INFO      main  Validation complete: 0 live, 0 dead (removed)
2026-06-19 14:14:21  INFO      main  Diff → +0 new, -0 removed
2026-06-19 14:14:21  INFO      main  Saved 0 channels → output/
2026-06-19 14:14:21  INFO      main  Scrape cycle complete.
2026-06-19 16:58:37  INFO      main  ============================================================
2026-06-19 16:58:37  INFO      main  Scrape cycle started at 2026-06-19 16:58:37
2026-06-19 16:58:37  INFO      main  [Tamasha] Starting scrape…
2026-06-19 16:58:37  INFO      main  [Tapmad] Starting scrape…
2026-06-19 16:58:37  INFO      main  [MyCo] Starting scrape…
2026-06-19 16:58:37  INFO      main  [ShoqPK] Starting scrape…
2026-06-19 16:58:37  INFO      main  [MyCo] Found 0 channels
2026-06-19 16:58:37  INFO      main  [Tapmad] Found 0 channels
2026-06-19 16:58:37  INFO      main  [ShoqPK] Found 0 channels
2026-06-19 16:58:38  INFO      main  [Tamasha] Found 0 channels
2026-06-19 16:58:38  INFO      main  Total unique channels after merge: 0
2026-06-19 16:58:38  INFO      main  Validating 0 channels…
2026-06-19 16:58:38  INFO      main  Validation complete: 0 live, 0 dead (removed)
2026-06-19 16:58:38  INFO      main  Diff → +0 new, -0 removed
2026-06-19 16:58:38  INFO      main  Saved 0 channels → output/
2026-06-19 16:58:38  INFO      main  Scrape cycle complete.
2026-06-19 19:03:11  INFO      main  ============================================================
2026-06-19 19:03:11  INFO      main  Scrape cycle started at 2026-06-19 19:03:11
2026-06-19 19:03:11  INFO      main  [Tamasha] Starting scrape…
2026-06-19 19:03:11  INFO      main  [Tapmad] Starting scrape…
2026-06-19 19:03:11  INFO      main  [MyCo] Starting scrape…
2026-06-19 19:03:11  INFO      main  [ShoqPK] Starting scrape…
2026-06-19 19:03:11  INFO      main  [MyCo] Found 0 channels
2026-06-19 19:03:11  INFO      main  [Tapmad] Found 0 channels
2026-06-19 19:03:12  INFO      main  [Tamasha] Found 0 channels
2026-06-19 19:03:12  INFO      main  [ShoqPK] Found 0 channels
2026-06-19 19:03:12  INFO      main  Total unique channels after merge: 0
2026-06-19 19:03:12  INFO      main  Validating 0 channels…
2026-06-19 19:03:12  INFO      main  Validation complete: 0 live, 0 dead (removed)
2026-06-19 19:03:12  INFO      main  Diff → +0 new, -0 removed
2026-06-19 19:03:12  INFO      main  Saved 0 channels → output/
2026-06-19 19:03:12  INFO      main  Scrape cycle complete.
2026-06-19 20:52:09  INFO      main  ============================================================
2026-06-19 20:52:09  INFO      main  Scrape cycle started at 2026-06-19 20:52:09
2026-06-19 20:52:09  INFO      main  [Tamasha] Starting scrape…
2026-06-19 20:52:09  INFO      main  [Tapmad] Starting scrape…
2026-06-19 20:52:09  INFO      main  [MyCo] Starting scrape…
2026-06-19 20:52:09  INFO      main  [ShoqPK] Starting scrape…
2026-06-19 20:52:09  INFO      main  [MyCo] Found 0 channels
2026-06-19 20:52:09  INFO      main  [Tapmad] Found 0 channels
2026-06-19 20:52:09  INFO      main  [Tamasha] Found 0 channels
2026-06-19 20:52:09  INFO      main  [ShoqPK] Found 0 channels
2026-06-19 20:52:09  INFO      main  Total unique channels after merge: 0
2026-06-19 20:52:09  INFO      main  Validating 0 channels…
2026-06-19 20:52:09  INFO      main  Validation complete: 0 live, 0 dead (removed)
2026-06-19 20:52:09  INFO      main  Diff → +0 new, -0 removed
2026-06-19 20:52:09  INFO      main  Saved 0 channels → output/
2026-06-19 20:52:09  INFO      main  Scrape cycle complete.
2026-06-19 22:05:56  INFO      main  ============================================================
2026-06-19 22:05:56  INFO      main  Scrape cycle started at 2026-06-19 22:05:56
2026-06-19 22:05:56  INFO      main  [Tamasha] Starting scrape…
2026-06-19 22:05:56  INFO      main  [Tapmad] Starting scrape…
2026-06-19 22:05:56  INFO      main  [MyCo] Starting scrape…
2026-06-19 22:05:56  INFO      main  [ShoqPK] Starting scrape…
2026-06-19 22:05:56  INFO      main  [MyCo] Found 0 channels
2026-06-19 22:05:56  INFO      main  [Tapmad] Found 0 channels
2026-06-19 22:05:56  INFO      main  [Tamasha] Found 0 channels
2026-06-19 22:05:56  INFO      main  [ShoqPK] Found 0 channels
2026-06-19 22:05:56  INFO      main  Total unique channels after merge: 0
2026-06-19 22:05:56  INFO      main  Validating 0 channels…
2026-06-19 22:05:56  INFO      main  Validation complete: 0 live, 0 dead (removed)
2026-06-19 22:05:56  INFO      main  Diff → +0 new, -0 removed
2026-06-19 22:05:56  INFO      main  Saved 0 channels → output/
2026-06-19 22:05:56  INFO      main  Scrape cycle complete.
2026-06-19 23:36:59  INFO      main  ============================================================
2026-06-19 23:36:59  INFO      main  Scrape cycle started at 2026-06-19 23:36:59
2026-06-19 23:36:59  INFO      main  [Tamasha] Starting scrape…
2026-06-19 23:36:59  INFO      main  [Tapmad] Starting scrape…
2026-06-19 23:36:59  INFO      main  [MyCo] Starting scrape…
2026-06-19 23:36:59  INFO      main  [ShoqPK] Starting scrape…
2026-06-19 23:36:59  INFO      main  [MyCo] Found 0 channels
2026-06-19 23:36:59  INFO      main  [Tapmad] Found 0 channels
2026-06-19 23:36:59  INFO      main  [ShoqPK] Found 0 channels
2026-06-19 23:37:00  INFO      main  [Tamasha] Found 0 channels
2026-06-19 23:37:00  INFO      main  Total unique channels after merge: 0
2026-06-19 23:37:00  INFO      main  Validating 0 channels…
2026-06-19 23:37:00  INFO      main  Validation complete: 0 live, 0 dead (removed)
2026-06-19 23:37:00  INFO      main  Diff → +0 new, -0 removed
2026-06-19 23:37:00  INFO      main  Saved 0 channels → output/
2026-06-19 23:37:00  INFO      main  Scrape cycle complete.
2026-06-20 03:56:19  INFO      main  ============================================================
2026-06-20 03:56:19  INFO      main  Scrape cycle started at 2026-06-20 03:56:19
2026-06-20 03:56:19  INFO      main  [Tamasha] Starting scrape…
2026-06-20 03:56:19  INFO      main  [Tapmad] Starting scrape…
2026-06-20 03:56:19  INFO      main  [MyCo] Starting scrape…
2026-06-20 03:56:19  INFO      main  [ShoqPK] Starting scrape…
2026-06-20 03:56:19  INFO      main  [MyCo] Found 0 channels
2026-06-20 03:56:19  INFO      main  [Tapmad] Found 0 channels
2026-06-20 03:56:19  INFO      main  [ShoqPK] Found 0 channels
2026-06-20 03:56:20  INFO      main  [Tamasha] Found 0 channels
2026-06-20 03:56:20  INFO      main  Total unique channels after merge: 0
2026-06-20 03:56:20  INFO      main  Validating 0 channels…
2026-06-20 03:56:20  INFO      main  Validation complete: 0 live, 0 dead (removed)
2026-06-20 03:56:20  INFO      main  Diff → +0 new, -0 removed
2026-06-20 03:56:20  INFO      main  Saved 0 channels → output/
2026-06-20 03:56:20  INFO      main  Scrape cycle complete.
2026-06-20 07:54:04  INFO      main  ============================================================
2026-06-20 07:54:04  INFO      main  Scrape cycle started at 2026-06-20 07:54:04
2026-06-20 07:54:04  INFO      main  [Tamasha] Starting scrape…
2026-06-20 07:54:04  INFO      main  [Tapmad] Starting scrape…
2026-06-20 07:54:04  INFO      main  [MyCo] Starting scrape…
2026-06-20 07:54:04  INFO      main  [ShoqPK] Starting scrape…
2026-06-20 07:54:04  INFO      main  [MyCo] Found 0 channels
2026-06-20 07:54:04  INFO      main  [Tapmad] Found 0 channels
2026-06-20 07:54:05  INFO      main  [Tamasha] Found 0 channels
2026-06-20 07:54:05  INFO      main  [ShoqPK] Found 0 channels
2026-06-20 07:54:05  INFO      main  Total unique channels after merge: 0
2026-06-20 07:54:05  INFO      main  Validating 0 channels…
2026-06-20 07:54:05  INFO      main  Validation complete: 0 live, 0 dead (removed)
2026-06-20 07:54:05  INFO      main  Diff → +0 new, -0 removed
2026-06-20 07:54:05  INFO      main  Saved 0 channels → output/
2026-06-20 07:54:05  INFO      main  Scrape cycle complete.
2026-06-20 10:34:23  INFO      main  ============================================================
2026-06-20 10:34:23  INFO      main  Scrape cycle started at 2026-06-20 10:34:23
2026-06-20 10:34:23  INFO      main  [Tamasha] Starting scrape…
2026-06-20 10:34:23  INFO      main  [Tapmad] Starting scrape…
2026-06-20 10:34:23  INFO      main  [MyCo] Starting scrape…
2026-06-20 10:34:23  INFO      main  [ShoqPK] Starting scrape…
2026-06-20 10:34:23  INFO      main  [MyCo] Found 0 channels
2026-06-20 10:34:23  INFO      main  [Tapmad] Found 0 channels
2026-06-20 10:34:23  INFO      main  [Tamasha] Found 0 channels
2026-06-20 10:34:23  INFO      main  [ShoqPK] Found 0 channels
2026-06-20 10:34:23  INFO      main  Total unique channels after merge: 0
2026-06-20 10:34:23  INFO      main  Validating 0 channels…
2026-06-20 10:34:23  INFO      main  Validation complete: 0 live, 0 dead (removed)
2026-06-20 10:34:23  INFO      main  Diff → +0 new, -0 removed
2026-06-20 10:34:23  INFO      main  Saved 0 channels → output/
2026-06-20 10:34:23  INFO      main  Scrape cycle complete.
2026-06-20 12:27:30  INFO      main  ============================================================
2026-06-20 12:27:30  INFO      main  Scrape cycle started at 2026-06-20 12:27:30
2026-06-20 12:27:30  INFO      main  [Tamasha] Starting scrape…
2026-06-20 12:27:30  INFO      main  [Tapmad] Starting scrape…
2026-06-20 12:27:30  INFO      main  [MyCo] Starting scrape…
2026-06-20 12:27:30  INFO      main  [ShoqPK] Starting scrape…
2026-06-20 12:27:30  INFO      main  [MyCo] Found 0 channels
2026-06-20 12:27:30  INFO      main  [Tapmad] Found 0 channels
2026-06-20 12:27:30  INFO      main  [ShoqPK] Found 0 channels
2026-06-20 12:27:31  INFO      main  [Tamasha] Found 0 channels
2026-06-20 12:27:31  INFO      main  Total unique channels after merge: 0
2026-06-20 12:27:31  INFO      main  Validating 0 channels…
2026-06-20 12:27:31  INFO      main  Validation complete: 0 live, 0 dead (removed)
2026-06-20 12:27:31  INFO      main  Diff → +0 new, -0 removed
2026-06-20 12:27:31  INFO      main  Saved 0 channels → output/
2026-06-20 12:27:31  INFO      main  Scrape cycle complete.
2026-06-20 14:53:57  INFO      main  ============================================================
2026-06-20 14:53:57  INFO      main  Scrape cycle started at 2026-06-20 14:53:57
2026-06-20 14:53:57  INFO      main  [Tamasha] Starting scrape…
2026-06-20 14:53:57  INFO      main  [Tapmad] Starting scrape…
2026-06-20 14:53:57  INFO      main  [MyCo] Starting scrape…
2026-06-20 14:53:57  INFO      main  [ShoqPK] Starting scrape…
2026-06-20 14:53:57  INFO      main  [Tapmad] Found 0 channels
2026-06-20 14:53:57  INFO      main  [MyCo] Found 0 channels
2026-06-20 14:53:57  INFO      main  [Tamasha] Found 0 channels
2026-06-20 14:53:58  INFO      main  [ShoqPK] Found 0 channels
2026-06-20 14:53:58  INFO      main  Total unique channels after merge: 0
2026-06-20 14:53:58  INFO      main  Validating 0 channels…
2026-06-20 14:53:58  INFO      main  Validation complete: 0 live, 0 dead (removed)
2026-06-20 14:53:58  INFO      main  Diff → +0 new, -0 removed
2026-06-20 14:53:58  INFO      main  Saved 0 channels → output/
2026-06-20 14:53:58  INFO      main  Scrape cycle complete.
2026-06-20 16:21:06  INFO      main  ============================================================
2026-06-20 16:21:06  INFO      main  Scrape cycle started at 2026-06-20 16:21:06
2026-06-20 16:21:06  INFO      main  [Tamasha] Starting scrape…
2026-06-20 16:21:06  INFO      main  [Tapmad] Starting scrape…
2026-06-20 16:21:06  INFO      main  [MyCo] Starting scrape…
2026-06-20 16:21:06  INFO      main  [ShoqPK] Starting scrape…
2026-06-20 16:21:06  INFO      main  [MyCo] Found 0 channels
2026-06-20 16:21:06  INFO      main  [Tapmad] Found 0 channels
2026-06-20 16:21:07  INFO      main  [ShoqPK] Found 0 channels
2026-06-20 16:21:07  INFO      main  [Tamasha] Found 0 channels
2026-06-20 16:21:07  INFO      main  Total unique channels after merge: 0
2026-06-20 16:21:07  INFO      main  Validating 0 channels…
2026-06-20 16:21:07  INFO      main  Validation complete: 0 live, 0 dead (removed)
2026-06-20 16:21:07  INFO      main  Diff → +0 new, -0 removed
2026-06-20 16:21:07  INFO      main  Saved 0 channels → output/
2026-06-20 16:21:07  INFO      main  Scrape cycle complete.
2026-06-20 17:54:39  INFO      main  ============================================================
2026-06-20 17:54:39  INFO      main  Scrape cycle started at 2026-06-20 17:54:39
2026-06-20 17:54:39  INFO      main  [Tamasha] Starting scrape…
2026-06-20 17:54:39  INFO      main  [Tapmad] Starting scrape…
2026-06-20 17:54:39  INFO      main  [MyCo] Starting scrape…
2026-06-20 17:54:39  INFO      main  [ShoqPK] Starting scrape…
2026-06-20 17:54:40  INFO      main  [MyCo] Found 0 channels
2026-06-20 17:54:40  INFO      main  [Tapmad] Found 0 channels
2026-06-20 17:54:40  INFO      main  [ShoqPK] Found 0 channels
2026-06-20 17:54:40  INFO      main  [Tamasha] Found 0 channels
2026-06-20 17:54:40  INFO      main  Total unique channels after merge: 0
2026-06-20 17:54:40  INFO      main  Validating 0 channels…
2026-06-20 17:54:40  INFO      main  Validation complete: 0 live, 0 dead (removed)
2026-06-20 17:54:40  INFO      main  Diff → +0 new, -0 removed
2026-06-20 17:54:40  INFO      main  Saved 0 channels → output/
2026-06-20 17:54:40  INFO      main  Scrape cycle complete.
2026-06-20 19:40:29  INFO      main  ============================================================
2026-06-20 19:40:29  INFO      main  Scrape cycle started at 2026-06-20 19:40:29
2026-06-20 19:40:29  INFO      main  [Tamasha] Starting scrape…
2026-06-20 19:40:29  INFO      main  [Tapmad] Starting scrape…
2026-06-20 19:40:29  INFO      main  [MyCo] Starting scrape…
2026-06-20 19:40:29  INFO      main  [ShoqPK] Starting scrape…
2026-06-20 19:40:29  INFO      main  [MyCo] Found 0 channels
2026-06-20 19:40:29  INFO      main  [Tapmad] Found 0 channels
2026-06-20 19:40:29  INFO      main  [ShoqPK] Found 0 channels
2026-06-20 19:40:30  INFO      main  [Tamasha] Found 0 channels
2026-06-20 19:40:30  INFO      main  Total unique channels after merge: 0
2026-06-20 19:40:30  INFO      main  Validating 0 channels…
2026-06-20 19:40:30  INFO      main  Validation complete: 0 live, 0 dead (removed)
2026-06-20 19:40:30  INFO      main  Diff → +0 new, -0 removed
2026-06-20 19:40:30  INFO      main  Saved 0 channels → output/
2026-06-20 19:40:30  INFO      main  Scrape cycle complete.
2026-06-20 21:20:17  INFO      main  ============================================================
2026-06-20 21:20:17  INFO      main  Scrape cycle started at 2026-06-20 21:20:17
2026-06-20 21:20:17  INFO      main  [Tamasha] Starting scrape…
2026-06-20 21:20:17  INFO      main  [Tapmad] Starting scrape…
2026-06-20 21:20:17  INFO      main  [MyCo] Starting scrape…
2026-06-20 21:20:17  INFO      main  [ShoqPK] Starting scrape…
2026-06-20 21:20:17  INFO      main  [MyCo] Found 0 channels
2026-06-20 21:20:17  INFO      main  [Tapmad] Found 0 channels
2026-06-20 21:20:17  INFO      main  [ShoqPK] Found 0 channels
2026-06-20 21:20:18  INFO      main  [Tamasha] Found 0 channels
2026-06-20 21:20:18  INFO      main  Total unique channels after merge: 0
2026-06-20 21:20:18  INFO      main  Validating 0 channels…
2026-06-20 21:20:18  INFO      main  Validation complete: 0 live, 0 dead (removed)
2026-06-20 21:20:18  INFO      main  Diff → +0 new, -0 removed
2026-06-20 21:20:18  INFO      main  Saved 0 channels → output/
2026-06-20 21:20:18  INFO      main  Scrape cycle complete.
2026-06-20 22:42:53  INFO      main  ============================================================
2026-06-20 22:42:53  INFO      main  Scrape cycle started at 2026-06-20 22:42:53
2026-06-20 22:42:53  INFO      main  [Tamasha] Starting scrape…
2026-06-20 22:42:53  INFO      main  [Tapmad] Starting scrape…
2026-06-20 22:42:53  INFO      main  [MyCo] Starting scrape…
2026-06-20 22:42:53  INFO      main  [ShoqPK] Starting scrape…
2026-06-20 22:42:53  INFO      main  [MyCo] Found 0 channels
2026-06-20 22:42:53  INFO      main  [Tapmad] Found 0 channels
2026-06-20 22:42:53  INFO      main  [ShoqPK] Found 0 channels
2026-06-20 22:42:53  INFO      main  [Tamasha] Found 0 channels
2026-06-20 22:42:53  INFO      main  Total unique channels after merge: 0
2026-06-20 22:42:53  INFO      main  Validating 0 channels…
2026-06-20 22:42:53  INFO      main  Validation complete: 0 live, 0 dead (removed)
2026-06-20 22:42:53  INFO      main  Diff → +0 new, -0 removed
2026-06-20 22:42:53  INFO      main  Saved 0 channels → output/
2026-06-20 22:42:53  INFO      main  Scrape cycle complete.
2026-06-21 00:10:01  INFO      main  ============================================================
2026-06-21 00:10:01  INFO      main  Scrape cycle started at 2026-06-21 00:10:01
2026-06-21 00:10:01  INFO      main  [Tamasha] Starting scrape…
2026-06-21 00:10:01  INFO      main  [Tapmad] Starting scrape…
2026-06-21 00:10:01  INFO      main  [MyCo] Starting scrape…
2026-06-21 00:10:01  INFO      main  [ShoqPK] Starting scrape…
2026-06-21 00:10:01  INFO      main  [MyCo] Found 0 channels
2026-06-21 00:10:01  INFO      main  [Tapmad] Found 0 channels
2026-06-21 00:10:01  INFO      main  [ShoqPK] Found 0 channels
2026-06-21 00:10:01  INFO      main  [Tamasha] Found 0 channels
2026-06-21 00:10:01  INFO      main  Total unique channels after merge: 0
2026-06-21 00:10:01  INFO      main  Validating 0 channels…
2026-06-21 00:10:01  INFO      main  Validation complete: 0 live, 0 dead (removed)
2026-06-21 00:10:01  INFO      main  Diff → +0 new, -0 removed
2026-06-21 00:10:01  INFO      main  Saved 0 channels → output/
2026-06-21 00:10:01  INFO      main  Scrape cycle complete.
2026-06-21 05:25:59  INFO      main  ============================================================
2026-06-21 05:25:59  INFO      main  Scrape cycle started at 2026-06-21 05:25:59
2026-06-21 05:25:59  INFO      main  [Tamasha] Starting scrape…
2026-06-21 05:25:59  INFO      main  [Tapmad] Starting scrape…
2026-06-21 05:25:59  INFO      main  [MyCo] Starting scrape…
2026-06-21 05:25:59  INFO      main  [ShoqPK] Starting scrape…
2026-06-21 05:25:59  INFO      main  [Tapmad] Found 0 channels
2026-06-21 05:25:59  INFO      main  [MyCo] Found 0 channels
2026-06-21 05:25:59  INFO      main  [Tamasha] Found 0 channels
2026-06-21 05:25:59  INFO      main  [ShoqPK] Found 0 channels
2026-06-21 05:25:59  INFO      main  Total unique channels after merge: 0
2026-06-21 05:25:59  INFO      main  Validating 0 channels…
2026-06-21 05:25:59  INFO      main  Validation complete: 0 live, 0 dead (removed)
2026-06-21 05:25:59  INFO      main  Diff → +0 new, -0 removed
2026-06-21 05:25:59  INFO      main  Saved 0 channels → output/
2026-06-21 05:25:59  INFO      main  Scrape cycle complete.
2026-06-21 09:09:09  INFO      main  ============================================================
2026-06-21 09:09:09  INFO      main  Scrape cycle started at 2026-06-21 09:09:09
2026-06-21 09:09:09  INFO      main  [Tamasha] Starting scrape…
2026-06-21 09:09:09  INFO      main  [Tapmad] Starting scrape…
2026-06-21 09:09:09  INFO      main  [MyCo] Starting scrape…
2026-06-21 09:09:09  INFO      main  [ShoqPK] Starting scrape…
2026-06-21 09:09:09  INFO      main  [MyCo] Found 0 channels
2026-06-21 09:09:09  INFO      main  [Tapmad] Found 0 channels
2026-06-21 09:09:10  INFO      main  [ShoqPK] Found 0 channels
2026-06-21 09:09:10  INFO      main  [Tamasha] Found 0 channels
2026-06-21 09:09:10  INFO      main  Total unique channels after merge: 0
2026-06-21 09:09:10  INFO      main  Validating 0 channels…
2026-06-21 09:09:10  INFO      main  Validation complete: 0 live, 0 dead (removed)
2026-06-21 09:09:10  INFO      main  Diff → +0 new, -0 removed
2026-06-21 09:09:10  INFO      main  Saved 0 channels → output/
2026-06-21 09:09:10  INFO      main  Scrape cycle complete.
2026-06-21 11:59:16  INFO      main  ============================================================
2026-06-21 11:59:16  INFO      main  Scrape cycle started at 2026-06-21 11:59:16
2026-06-21 11:59:16  INFO      main  [Tamasha] Starting scrape…
2026-06-21 11:59:16  INFO      main  [Tapmad] Starting scrape…
2026-06-21 11:59:16  INFO      main  [MyCo] Starting scrape…
2026-06-21 11:59:16  INFO      main  [ShoqPK] Starting scrape…
2026-06-21 11:59:16  INFO      main  [MyCo] Found 0 channels
2026-06-21 11:59:17  INFO      main  [Tapmad] Found 0 channels
2026-06-21 11:59:17  INFO      main  [ShoqPK] Found 0 channels
2026-06-21 11:59:17  INFO      main  [Tamasha] Found 0 channels
2026-06-21 11:59:17  INFO      main  Total unique channels after merge: 0
2026-06-21 11:59:17  INFO      main  Validating 0 channels…
2026-06-21 11:59:17  INFO      main  Validation complete: 0 live, 0 dead (removed)
2026-06-21 11:59:17  INFO      main  Diff → +0 new, -0 removed
2026-06-21 11:59:17  INFO      main  Saved 0 channels → output/
2026-06-21 11:59:17  INFO      main  Scrape cycle complete.
2026-06-21 14:28:44  INFO      main  ============================================================
2026-06-21 14:28:44  INFO      main  Scrape cycle started at 2026-06-21 14:28:44
2026-06-21 14:28:44  INFO      main  [Tamasha] Starting scrape…
2026-06-21 14:28:44  INFO      main  [Tapmad] Starting scrape…
2026-06-21 14:28:44  INFO      main  [MyCo] Starting scrape…
2026-06-21 14:28:44  INFO      main  [ShoqPK] Starting scrape…
2026-06-21 14:28:44  INFO      main  [MyCo] Found 0 channels
2026-06-21 14:28:44  INFO      main  [Tapmad] Found 0 channels
2026-06-21 14:28:44  INFO      main  [ShoqPK] Found 0 channels
2026-06-21 14:28:44  INFO      main  [Tamasha] Found 0 channels
2026-06-21 14:28:44  INFO      main  Total unique channels after merge: 0
2026-06-21 14:28:44  INFO      main  Validating 0 channels…
2026-06-21 14:28:44  INFO      main  Validation complete: 0 live, 0 dead (removed)
2026-06-21 14:28:44  INFO      main  Diff → +0 new, -0 removed
2026-06-21 14:28:44  INFO      main  Saved 0 channels → output/
2026-06-21 14:28:44  INFO      main  Scrape cycle complete.
2026-06-21 16:16:01  INFO      main  ============================================================
2026-06-21 16:16:01  INFO      main  Scrape cycle started at 2026-06-21 16:16:01
2026-06-21 16:16:01  INFO      main  [Tamasha] Starting scrape…
2026-06-21 16:16:01  INFO      main  [Tapmad] Starting scrape…
2026-06-21 16:16:01  INFO      main  [MyCo] Starting scrape…
2026-06-21 16:16:01  INFO      main  [ShoqPK] Starting scrape…
2026-06-21 16:16:01  INFO      main  [MyCo] Found 0 channels
2026-06-21 16:16:01  INFO      main  [Tapmad] Found 0 channels
2026-06-21 16:16:01  INFO      main  [Tamasha] Found 0 channels
2026-06-21 16:16:01  INFO      main  [ShoqPK] Found 0 channels
2026-06-21 16:16:01  INFO      main  Total unique channels after merge: 0
2026-06-21 16:16:01  INFO      main  Validating 0 channels…
2026-06-21 16:16:01  INFO      main  Validation complete: 0 live, 0 dead (removed)
2026-06-21 16:16:01  INFO      main  Diff → +0 new, -0 removed
2026-06-21 16:16:01  INFO      main  Saved 0 channels → output/
2026-06-21 16:16:01  INFO      main  Scrape cycle complete.
2026-06-21 18:05:49  INFO      main  ============================================================
2026-06-21 18:05:49  INFO      main  Scrape cycle started at 2026-06-21 18:05:49
2026-06-21 18:05:49  INFO      main  [Tamasha] Starting scrape…
2026-06-21 18:05:49  INFO      main  [Tapmad] Starting scrape…
2026-06-21 18:05:49  INFO      main  [MyCo] Starting scrape…
2026-06-21 18:05:49  INFO      main  [ShoqPK] Starting scrape…
2026-06-21 18:05:49  INFO      main  [Tapmad] Found 0 channels
2026-06-21 18:05:49  INFO      main  [MyCo] Found 0 channels
2026-06-21 18:05:49  INFO      main  [Tamasha] Found 0 channels
2026-06-21 18:05:49  INFO      main  [ShoqPK] Found 0 channels
2026-06-21 18:05:49  INFO      main  Total unique channels after merge: 0
2026-06-21 18:05:49  INFO      main  Validating 0 channels…
2026-06-21 18:05:49  INFO      main  Validation complete: 0 live, 0 dead (removed)
2026-06-21 18:05:49  INFO      main  Diff → +0 new, -0 removed
2026-06-21 18:05:49  INFO      main  Saved 0 channels → output/
2026-06-21 18:05:49  INFO      main  Scrape cycle complete.
2026-06-21 20:12:35  INFO      main  ============================================================
2026-06-21 20:12:35  INFO      main  Scrape cycle started at 2026-06-21 20:12:35
2026-06-21 20:12:35  INFO      main  [Tamasha] Starting scrape…
2026-06-21 20:12:35  INFO      main  [Tapmad] Starting scrape…
2026-06-21 20:12:35  INFO      main  [MyCo] Starting scrape…
2026-06-21 20:12:35  INFO      main  [ShoqPK] Starting scrape…
2026-06-21 20:12:35  INFO      main  [MyCo] Found 0 channels
2026-06-21 20:12:35  INFO      main  [Tapmad] Found 0 channels
2026-06-21 20:12:35  INFO      main  [Tamasha] Found 0 channels
2026-06-21 20:12:36  INFO      main  [ShoqPK] Found 0 channels
2026-06-21 20:12:36  INFO      main  Total unique channels after merge: 0
2026-06-21 20:12:36  INFO      main  Validating 0 channels…
2026-06-21 20:12:36  INFO      main  Validation complete: 0 live, 0 dead (removed)
2026-06-21 20:12:36  INFO      main  Diff → +0 new, -0 removed
2026-06-21 20:12:36  INFO      main  Saved 0 channels → output/
2026-06-21 20:12:36  INFO      main  Scrape cycle complete.
2026-06-21 21:55:30  INFO      main  ============================================================
2026-06-21 21:55:30  INFO      main  Scrape cycle started at 2026-06-21 21:55:30
2026-06-21 21:55:30  INFO      main  [Tamasha] Starting scrape…
2026-06-21 21:55:30  INFO      main  [Tapmad] Starting scrape…
2026-06-21 21:55:30  INFO      main  [MyCo] Starting scrape…
2026-06-21 21:55:30  INFO      main  [ShoqPK] Starting scrape…
2026-06-21 21:55:30  INFO      main  [Tapmad] Found 0 channels
2026-06-21 21:55:30  INFO      main  [MyCo] Found 0 channels
2026-06-21 21:55:30  INFO      main  [ShoqPK] Found 0 channels
2026-06-21 21:55:31  INFO      main  [Tamasha] Found 0 channels
2026-06-21 21:55:31  INFO      main  Total unique channels after merge: 0
2026-06-21 21:55:31  INFO      main  Validating 0 channels…
2026-06-21 21:55:31  INFO      main  Validation complete: 0 live, 0 dead (removed)
2026-06-21 21:55:31  INFO      main  Diff → +0 new, -0 removed
2026-06-21 21:55:31  INFO      main  Saved 0 channels → output/
2026-06-21 21:55:31  INFO      main  Scrape cycle complete.
2026-06-21 23:18:25  INFO      main  ============================================================
2026-06-21 23:18:25  INFO      main  Scrape cycle started at 2026-06-21 23:18:25
2026-06-21 23:18:25  INFO      main  [Tamasha] Starting scrape…
2026-06-21 23:18:25  INFO      main  [Tapmad] Starting scrape…
2026-06-21 23:18:25  INFO      main  [MyCo] Starting scrape…
2026-06-21 23:18:25  INFO      main  [ShoqPK] Starting scrape…
2026-06-21 23:18:25  INFO      main  [MyCo] Found 0 channels
2026-06-21 23:18:25  INFO      main  [Tamasha] Found 0 channels
2026-06-21 23:18:25  INFO      main  [Tapmad] Found 0 channels
2026-06-21 23:18:25  INFO      main  [ShoqPK] Found 0 channels
2026-06-21 23:18:25  INFO      main  Total unique channels after merge: 0
2026-06-21 23:18:25  INFO      main  Validating 0 channels…
2026-06-21 23:18:25  INFO      main  Validation complete: 0 live, 0 dead (removed)
2026-06-21 23:18:25  INFO      main  Diff → +0 new, -0 removed
2026-06-21 23:18:25  INFO      main  Saved 0 channels → output/
2026-06-21 23:18:25  INFO      main  Scrape cycle complete.
2026-06-22 02:03:22  INFO      main  ============================================================
2026-06-22 02:03:22  INFO      main  Scrape cycle started at 2026-06-22 02:03:22
2026-06-22 02:03:22  INFO      main  [Tamasha] Starting scrape…
2026-06-22 02:03:22  INFO      main  [Tapmad] Starting scrape…
2026-06-22 02:03:22  INFO      main  [MyCo] Starting scrape…
2026-06-22 02:03:22  INFO      main  [ShoqPK] Starting scrape…
2026-06-22 02:03:22  INFO      main  [MyCo] Found 0 channels
2026-06-22 02:03:22  INFO      main  [Tapmad] Found 0 channels
2026-06-22 02:03:23  INFO      main  [ShoqPK] Found 0 channels
2026-06-22 02:03:23  INFO      main  [Tamasha] Found 0 channels
2026-06-22 02:03:23  INFO      main  Total unique channels after merge: 0
2026-06-22 02:03:23  INFO      main  Validating 0 channels…
2026-06-22 02:03:23  INFO      main  Validation complete: 0 live, 0 dead (removed)
2026-06-22 02:03:23  INFO      main  Diff → +0 new, -0 removed
2026-06-22 02:03:23  INFO      main  Saved 0 channels → output/
2026-06-22 02:03:23  INFO      main  Scrape cycle complete.
2026-06-22 08:39:05  INFO      main  ============================================================
2026-06-22 08:39:05  INFO      main  Scrape cycle started at 2026-06-22 08:39:05
2026-06-22 08:39:05  INFO      main  [Tamasha] Starting scrape…
2026-06-22 08:39:05  INFO      main  [Tapmad] Starting scrape…
2026-06-22 08:39:05  INFO      main  [MyCo] Starting scrape…
2026-06-22 08:39:05  INFO      main  [ShoqPK] Starting scrape…
2026-06-22 08:39:05  INFO      main  [MyCo] Found 0 channels
2026-06-22 08:39:05  INFO      main  [Tapmad] Found 0 channels
2026-06-22 08:39:06  INFO      main  [Tamasha] Found 0 channels
2026-06-22 08:39:06  INFO      main  [ShoqPK] Found 0 channels
2026-06-22 08:39:06  INFO      main  Total unique channels after merge: 0
2026-06-22 08:39:06  INFO      main  Validating 0 channels…
2026-06-22 08:39:06  INFO      main  Validation complete: 0 live, 0 dead (removed)
2026-06-22 08:39:06  INFO      main  Diff → +0 new, -0 removed
2026-06-22 08:39:06  INFO      main  Saved 0 channels → output/
2026-06-22 08:39:06  INFO      main  Scrape cycle complete.
2026-06-22 14:43:31  INFO      main  ============================================================
2026-06-22 14:43:31  INFO      main  Scrape cycle started at 2026-06-22 14:43:31
2026-06-22 14:43:31  INFO      main  [Tamasha] Starting scrape…
2026-06-22 14:43:31  INFO      main  [Tapmad] Starting scrape…
2026-06-22 14:43:31  INFO      main  [MyCo] Starting scrape…
2026-06-22 14:43:31  INFO      main  [ShoqPK] Starting scrape…
2026-06-22 14:43:31  INFO      main  [MyCo] Found 0 channels
2026-06-22 14:43:31  INFO      main  [Tapmad] Found 0 channels
2026-06-22 14:43:31  INFO      main  [ShoqPK] Found 0 channels
2026-06-22 14:43:32  INFO      main  [Tamasha] Found 0 channels
2026-06-22 14:43:32  INFO      main  Total unique channels after merge: 0
2026-06-22 14:43:32  INFO      main  Validating 0 channels…
2026-06-22 14:43:32  INFO      main  Validation complete: 0 live, 0 dead (removed)
2026-06-22 14:43:32  INFO      main  Diff → +0 new, -0 removed
2026-06-22 14:43:32  INFO      main  Saved 0 channels → output/
2026-06-22 14:43:32  INFO      main  Scrape cycle complete.
2026-06-22 18:48:19  INFO      main  ============================================================
2026-06-22 18:48:19  INFO      main  Scrape cycle started at 2026-06-22 18:48:19
2026-06-22 18:48:19  INFO      main  [Tamasha] Starting scrape…
2026-06-22 18:48:19  INFO      main  [Tapmad] Starting scrape…
2026-06-22 18:48:19  INFO      main  [MyCo] Starting scrape…
2026-06-22 18:48:19  INFO      main  [ShoqPK] Starting scrape…
2026-06-22 18:48:20  INFO      main  [Tapmad] Found 0 channels
2026-06-22 18:48:20  INFO      main  [MyCo] Found 0 channels
2026-06-22 18:48:20  INFO      main  [ShoqPK] Found 0 channels
2026-06-22 18:48:20  INFO      main  [Tamasha] Found 0 channels
2026-06-22 18:48:20  INFO      main  Total unique channels after merge: 0
2026-06-22 18:48:20  INFO      main  Validating 0 channels…
2026-06-22 18:48:20  INFO      main  Validation complete: 0 live, 0 dead (removed)
2026-06-22 18:48:20  INFO      main  Diff → +0 new, -0 removed
2026-06-22 18:48:20  INFO      main  Saved 0 channels → output/
2026-06-22 18:48:20  INFO      main  Scrape cycle complete.
2026-06-22 21:32:18  INFO      main  ============================================================
2026-06-22 21:32:18  INFO      main  Scrape cycle started at 2026-06-22 21:32:18
2026-06-22 21:32:18  INFO      main  [Tamasha] Starting scrape…
2026-06-22 21:32:18  INFO      main  [Tapmad] Starting scrape…
2026-06-22 21:32:18  INFO      main  [MyCo] Starting scrape…
2026-06-22 21:32:18  INFO      main  [ShoqPK] Starting scrape…
2026-06-22 21:32:18  INFO      main  [MyCo] Found 0 channels
2026-06-22 21:32:18  INFO      main  [Tapmad] Found 0 channels
2026-06-22 21:32:18  INFO      main  [ShoqPK] Found 0 channels
2026-06-22 21:32:18  INFO      main  [Tamasha] Found 0 channels
2026-06-22 21:32:18  INFO      main  Total unique channels after merge: 0
2026-06-22 21:32:18  INFO      main  Validating 0 channels…
2026-06-22 21:32:18  INFO      main  Validation complete: 0 live, 0 dead (removed)
2026-06-22 21:32:18  INFO      main  Diff → +0 new, -0 removed
2026-06-22 21:32:18  INFO      main  Saved 0 channels → output/
2026-06-22 21:32:18  INFO      main  Scrape cycle complete.
2026-06-22 23:22:20  INFO      main  ============================================================
2026-06-22 23:22:20  INFO      main  Scrape cycle started at 2026-06-22 23:22:20
2026-06-22 23:22:20  INFO      main  [Tamasha] Starting scrape…
2026-06-22 23:22:20  INFO      main  [Tapmad] Starting scrape…
2026-06-22 23:22:20  INFO      main  [MyCo] Starting scrape…
2026-06-22 23:22:20  INFO      main  [ShoqPK] Starting scrape…
2026-06-22 23:22:20  INFO      main  [MyCo] Found 0 channels
2026-06-22 23:22:20  INFO      main  [Tapmad] Found 0 channels
2026-06-22 23:22:20  INFO      main  [ShoqPK] Found 0 channels
2026-06-22 23:22:20  INFO      main  [Tamasha] Found 0 channels
2026-06-22 23:22:20  INFO      main  Total unique channels after merge: 0
2026-06-22 23:22:20  INFO      main  Validating 0 channels…
2026-06-22 23:22:20  INFO      main  Validation complete: 0 live, 0 dead (removed)
2026-06-22 23:22:20  INFO      main  Diff → +0 new, -0 removed
2026-06-22 23:22:20  INFO      main  Saved 0 channels → output/
2026-06-22 23:22:20  INFO      main  Scrape cycle complete.
2026-06-23 01:31:24  INFO      main  ============================================================
2026-06-23 01:31:24  INFO      main  Scrape cycle started at 2026-06-23 01:31:24
2026-06-23 01:31:24  INFO      main  [Tamasha] Starting scrape…
2026-06-23 01:31:24  INFO      main  [Tapmad] Starting scrape…
2026-06-23 01:31:24  INFO      main  [MyCo] Starting scrape…
2026-06-23 01:31:24  INFO      main  [ShoqPK] Starting scrape…
2026-06-23 01:31:24  INFO      main  [MyCo] Found 0 channels
2026-06-23 01:31:24  INFO      main  [Tapmad] Found 0 channels
2026-06-23 01:31:24  INFO      main  [Tamasha] Found 0 channels
2026-06-23 01:31:24  INFO      main  [ShoqPK] Found 0 channels
2026-06-23 01:31:24  INFO      main  Total unique channels after merge: 0
2026-06-23 01:31:24  INFO      main  Validating 0 channels…
2026-06-23 01:31:24  INFO      main  Validation complete: 0 live, 0 dead (removed)
2026-06-23 01:31:24  INFO      main  Diff → +0 new, -0 removed
2026-06-23 01:31:24  INFO      main  Saved 0 channels → output/
2026-06-23 01:31:24  INFO      main  Scrape cycle complete.
2026-06-23 06:10:04  INFO      main  ============================================================
2026-06-23 06:10:04  INFO      main  Scrape cycle started at 2026-06-23 06:10:04
2026-06-23 06:10:04  INFO      main  [Tamasha] Starting scrape…
2026-06-23 06:10:04  INFO      main  [Tapmad] Starting scrape…
2026-06-23 06:10:04  INFO      main  [MyCo] Starting scrape…
2026-06-23 06:10:04  INFO      main  [ShoqPK] Starting scrape…
2026-06-23 06:10:04  INFO      main  [Tamasha] Found 0 channels
2026-06-23 06:10:04  INFO      main  [ShoqPK] Found 0 channels
2026-06-23 06:10:04  INFO      main  [MyCo] Found 0 channels
2026-06-23 06:10:04  INFO      main  [Tapmad] Found 0 channels
2026-06-23 06:10:04  INFO      main  Total unique channels after merge: 0
2026-06-23 06:10:04  INFO      main  Validating 0 channels…
2026-06-23 06:10:04  INFO      main  Validation complete: 0 live, 0 dead (removed)
2026-06-23 06:10:04  INFO      main  Diff → +0 new, -0 removed
2026-06-23 06:10:04  INFO      main  Saved 0 channels → output/
2026-06-23 06:10:04  INFO      main  Scrape cycle complete.
2026-06-23 10:10:54  INFO      main  ============================================================
2026-06-23 10:10:54  INFO      main  Scrape cycle started at 2026-06-23 10:10:54
2026-06-23 10:10:54  INFO      main  [Tamasha] Starting scrape…
2026-06-23 10:10:54  INFO      main  [Tapmad] Starting scrape…
2026-06-23 10:10:54  INFO      main  [MyCo] Starting scrape…
2026-06-23 10:10:54  INFO      main  [ShoqPK] Starting scrape…
2026-06-23 10:10:54  INFO      main  [MyCo] Found 0 channels
2026-06-23 10:10:54  INFO      main  [Tapmad] Found 0 channels
2026-06-23 10:10:54  INFO      main  [ShoqPK] Found 0 channels
2026-06-23 10:10:54  INFO      main  [Tamasha] Found 0 channels
2026-06-23 10:10:54  INFO      main  Total unique channels after merge: 0
2026-06-23 10:10:54  INFO      main  Validating 0 channels…
2026-06-23 10:10:54  INFO      main  Validation complete: 0 live, 0 dead (removed)
2026-06-23 10:10:54  INFO      main  Diff → +0 new, -0 removed
2026-06-23 10:10:54  INFO      main  Saved 0 channels → output/
2026-06-23 10:10:54  INFO      main  Scrape cycle complete.
2026-06-23 13:22:08  INFO      main  ============================================================
2026-06-23 13:22:08  INFO      main  Scrape cycle started at 2026-06-23 13:22:08
2026-06-23 13:22:08  INFO      main  [Tamasha] Starting scrape…
2026-06-23 13:22:08  INFO      main  [Tapmad] Starting scrape…
2026-06-23 13:22:08  INFO      main  [MyCo] Starting scrape…
2026-06-23 13:22:08  INFO      main  [ShoqPK] Starting scrape…
2026-06-23 13:22:08  INFO      main  [MyCo] Found 0 channels
2026-06-23 13:22:08  INFO      main  [Tamasha] Found 0 channels
2026-06-23 13:22:08  INFO      main  [Tapmad] Found 0 channels
2026-06-23 13:22:08  INFO      main  [ShoqPK] Found 0 channels
2026-06-23 13:22:08  INFO      main  Total unique channels after merge: 0
2026-06-23 13:22:08  INFO      main  Validating 0 channels…
2026-06-23 13:22:08  INFO      main  Validation complete: 0 live, 0 dead (removed)
2026-06-23 13:22:08  INFO      main  Diff → +0 new, -0 removed
2026-06-23 13:22:08  INFO      main  Saved 0 channels → output/
2026-06-23 13:22:08  INFO      main  Scrape cycle complete.
2026-06-23 16:09:52  INFO      main  ============================================================
2026-06-23 16:09:52  INFO      main  Scrape cycle started at 2026-06-23 16:09:52
2026-06-23 16:09:52  INFO      main  [Tamasha] Starting scrape…
2026-06-23 16:09:52  INFO      main  [Tapmad] Starting scrape…
2026-06-23 16:09:52  INFO      main  [MyCo] Starting scrape…
2026-06-23 16:09:52  INFO      main  [ShoqPK] Starting scrape…
2026-06-23 16:09:52  INFO      main  [Tapmad] Found 0 channels
2026-06-23 16:09:52  INFO      main  [ShoqPK] Found 0 channels
2026-06-23 16:09:52  INFO      main  [MyCo] Found 0 channels
2026-06-23 16:09:53  INFO      main  [Tamasha] Found 0 channels
2026-06-23 16:09:53  INFO      main  Total unique channels after merge: 0
2026-06-23 16:09:53  INFO      main  Validating 0 channels…
2026-06-23 16:09:53  INFO      main  Validation complete: 0 live, 0 dead (removed)
2026-06-23 16:09:53  INFO      main  Diff → +0 new, -0 removed
2026-06-23 16:09:53  INFO      main  Saved 0 channels → output/
2026-06-23 16:09:53  INFO      main  Scrape cycle complete.
2026-06-23 18:21:08  INFO      main  ============================================================
2026-06-23 18:21:08  INFO      main  Scrape cycle started at 2026-06-23 18:21:08
2026-06-23 18:21:08  INFO      main  [Tamasha] Starting scrape…
2026-06-23 18:21:08  INFO      main  [Tapmad] Starting scrape…
2026-06-23 18:21:08  INFO      main  [MyCo] Starting scrape…
2026-06-23 18:21:08  INFO      main  [ShoqPK] Starting scrape…
2026-06-23 18:21:08  INFO      main  [Tapmad] Found 0 channels
2026-06-23 18:21:08  INFO      main  [MyCo] Found 0 channels
2026-06-23 18:21:08  INFO      main  [Tamasha] Found 0 channels
2026-06-23 18:21:08  INFO      main  [ShoqPK] Found 0 channels
2026-06-23 18:21:08  INFO      main  Total unique channels after merge: 0
2026-06-23 18:21:08  INFO      main  Validating 0 channels…
2026-06-23 18:21:08  INFO      main  Validation complete: 0 live, 0 dead (removed)
2026-06-23 18:21:08  INFO      main  Diff → +0 new, -0 removed
2026-06-23 18:21:08  INFO      main  Saved 0 channels → output/
2026-06-23 18:21:08  INFO      main  Scrape cycle complete.
2026-06-23 20:34:07  INFO      main  ============================================================
2026-06-23 20:34:07  INFO      main  Scrape cycle started at 2026-06-23 20:34:07
2026-06-23 20:34:07  INFO      main  [Tamasha] Starting scrape…
2026-06-23 20:34:07  INFO      main  [Tapmad] Starting scrape…
2026-06-23 20:34:07  INFO      main  [MyCo] Starting scrape…
2026-06-23 20:34:07  INFO      main  [ShoqPK] Starting scrape…
2026-06-23 20:34:07  INFO      main  [Tamasha] Found 0 channels
2026-06-23 20:34:07  INFO      main  [Tapmad] Found 0 channels
2026-06-23 20:34:07  INFO      main  [MyCo] Found 0 channels
2026-06-23 20:34:07  INFO      main  [ShoqPK] Found 0 channels
2026-06-23 20:34:07  INFO      main  Total unique channels after merge: 0
2026-06-23 20:34:07  INFO      main  Validating 0 channels…
2026-06-23 20:34:07  INFO      main  Validation complete: 0 live, 0 dead (removed)
2026-06-23 20:34:07  INFO      main  Diff → +0 new, -0 removed
2026-06-23 20:34:07  INFO      main  Saved 0 channels → output/
2026-06-23 20:34:07  INFO      main  Scrape cycle complete.
2026-06-23 22:16:07  INFO      main  ============================================================
2026-06-23 22:16:07  INFO      main  Scrape cycle started at 2026-06-23 22:16:07
2026-06-23 22:16:07  INFO      main  [Tamasha] Starting scrape…
2026-06-23 22:16:07  INFO      main  [Tapmad] Starting scrape…
2026-06-23 22:16:07  INFO      main  [MyCo] Starting scrape…
2026-06-23 22:16:07  INFO      main  [ShoqPK] Starting scrape…
2026-06-23 22:16:07  INFO      main  [Tapmad] Found 0 channels
2026-06-23 22:16:07  INFO      main  [MyCo] Found 0 channels
2026-06-23 22:16:07  INFO      main  [Tamasha] Found 0 channels
2026-06-23 22:16:07  INFO      main  [ShoqPK] Found 0 channels
2026-06-23 22:16:07  INFO      main  Total unique channels after merge: 0
2026-06-23 22:16:07  INFO      main  Validating 0 channels…
2026-06-23 22:16:07  INFO      main  Validation complete: 0 live, 0 dead (removed)
2026-06-23 22:16:07  INFO      main  Diff → +0 new, -0 removed
2026-06-23 22:16:07  INFO      main  Saved 0 channels → output/
2026-06-23 22:16:07  INFO      main  Scrape cycle complete.
2026-06-23 23:36:06  INFO      main  ============================================================
2026-06-23 23:36:06  INFO      main  Scrape cycle started at 2026-06-23 23:36:06
2026-06-23 23:36:06  INFO      main  [Tamasha] Starting scrape…
2026-06-23 23:36:06  INFO      main  [Tapmad] Starting scrape…
2026-06-23 23:36:06  INFO      main  [MyCo] Starting scrape…
2026-06-23 23:36:06  INFO      main  [ShoqPK] Starting scrape…
2026-06-23 23:36:06  INFO      main  [MyCo] Found 0 channels
2026-06-23 23:36:06  INFO      main  [ShoqPK] Found 0 channels
2026-06-23 23:36:06  INFO      main  [Tapmad] Found 0 channels
2026-06-23 23:36:06  INFO      main  [Tamasha] Found 0 channels
2026-06-23 23:36:06  INFO      main  Total unique channels after merge: 0
2026-06-23 23:36:06  INFO      main  Validating 0 channels…
2026-06-23 23:36:06  INFO      main  Validation complete: 0 live, 0 dead (removed)
2026-06-23 23:36:06  INFO      main  Diff → +0 new, -0 removed
2026-06-23 23:36:06  INFO      main  Saved 0 channels → output/
2026-06-23 23:36:06  INFO      main  Scrape cycle complete.
2026-06-24 03:50:16  INFO      main  ============================================================
2026-06-24 03:50:16  INFO      main  Scrape cycle started at 2026-06-24 03:50:16
2026-06-24 03:50:16  INFO      main  [Tamasha] Starting scrape…
2026-06-24 03:50:16  INFO      main  [Tapmad] Starting scrape…
2026-06-24 03:50:16  INFO      main  [MyCo] Starting scrape…
2026-06-24 03:50:16  INFO      main  [ShoqPK] Starting scrape…
2026-06-24 03:50:16  INFO      main  [Tapmad] Found 0 channels
2026-06-24 03:50:16  INFO      main  [MyCo] Found 0 channels
2026-06-24 03:50:17  INFO      main  [ShoqPK] Found 0 channels
2026-06-24 03:50:17  INFO      main  [Tamasha] Found 0 channels
2026-06-24 03:50:17  INFO      main  Total unique channels after merge: 0
2026-06-24 03:50:17  INFO      main  Validating 0 channels…
2026-06-24 03:50:17  INFO      main  Validation complete: 0 live, 0 dead (removed)
2026-06-24 03:50:17  INFO      main  Diff → +0 new, -0 removed
2026-06-24 03:50:17  INFO      main  Saved 0 channels → output/
2026-06-24 03:50:17  INFO      main  Scrape cycle complete.
2026-06-24 07:43:00  INFO      main  ============================================================
2026-06-24 07:43:00  INFO      main  Scrape cycle started at 2026-06-24 07:43:00
2026-06-24 07:43:00  INFO      main  [Tamasha] Starting scrape…
2026-06-24 07:43:00  INFO      main  [Tapmad] Starting scrape…
2026-06-24 07:43:00  INFO      main  [MyCo] Starting scrape…
2026-06-24 07:43:00  INFO      main  [ShoqPK] Starting scrape…
2026-06-24 07:43:00  INFO      main  [Tapmad] Found 0 channels
2026-06-24 07:43:00  INFO      main  [ShoqPK] Found 0 channels
2026-06-24 07:43:00  INFO      main  [MyCo] Found 0 channels
2026-06-24 07:43:00  INFO      main  [Tamasha] Found 0 channels
2026-06-24 07:43:00  INFO      main  Total unique channels after merge: 0
2026-06-24 07:43:00  INFO      main  Validating 0 channels…
2026-06-24 07:43:00  INFO      main  Validation complete: 0 live, 0 dead (removed)
2026-06-24 07:43:00  INFO      main  Diff → +0 new, -0 removed
2026-06-24 07:43:00  INFO      main  Saved 0 channels → output/
2026-06-24 07:43:00  INFO      main  Scrape cycle complete.
2026-06-24 10:52:47  INFO      main  ============================================================
2026-06-24 10:52:47  INFO      main  Scrape cycle started at 2026-06-24 10:52:47
2026-06-24 10:52:47  INFO      main  [Tamasha] Starting scrape…
2026-06-24 10:52:47  INFO      main  [Tapmad] Starting scrape…
2026-06-24 10:52:47  INFO      main  [MyCo] Starting scrape…
2026-06-24 10:52:47  INFO      main  [ShoqPK] Starting scrape…
2026-06-24 10:52:47  INFO      main  [MyCo] Found 0 channels
2026-06-24 10:52:48  INFO      main  [ShoqPK] Found 0 channels
2026-06-24 10:52:48  INFO      main  [Tapmad] Found 0 channels
2026-06-24 10:52:48  INFO      main  [Tamasha] Found 0 channels
2026-06-24 10:52:48  INFO      main  Total unique channels after merge: 0
2026-06-24 10:52:48  INFO      main  Validating 0 channels…
2026-06-24 10:52:48  INFO      main  Validation complete: 0 live, 0 dead (removed)
2026-06-24 10:52:48  INFO      main  Diff → +0 new, -0 removed
2026-06-24 10:52:48  INFO      main  Saved 0 channels → output/
2026-06-24 10:52:48  INFO      main  Scrape cycle complete.
2026-06-24 13:23:52  INFO      main  ============================================================
2026-06-24 13:23:52  INFO      main  Scrape cycle started at 2026-06-24 13:23:52
2026-06-24 13:23:52  INFO      main  [Tamasha] Starting scrape…
2026-06-24 13:23:52  INFO      main  [Tapmad] Starting scrape…
2026-06-24 13:23:52  INFO      main  [MyCo] Starting scrape…
2026-06-24 13:23:52  INFO      main  [ShoqPK] Starting scrape…
2026-06-24 13:23:52  INFO      main  [MyCo] Found 0 channels
2026-06-24 13:23:52  INFO      main  [Tapmad] Found 0 channels
2026-06-24 13:23:52  INFO      main  [ShoqPK] Found 0 channels
2026-06-24 13:23:52  INFO      main  [Tamasha] Found 0 channels
2026-06-24 13:23:52  INFO      main  Total unique channels after merge: 0
2026-06-24 13:23:52  INFO      main  Validating 0 channels…
2026-06-24 13:23:52  INFO      main  Validation complete: 0 live, 0 dead (removed)
2026-06-24 13:23:52  INFO      main  Diff → +0 new, -0 removed
2026-06-24 13:23:52  INFO      main  Saved 0 channels → output/
2026-06-24 13:23:52  INFO      main  Scrape cycle complete.
2026-06-24 15:42:22  INFO      main  ============================================================
2026-06-24 15:42:22  INFO      main  Scrape cycle started at 2026-06-24 15:42:22
2026-06-24 15:42:22  INFO      main  [Tamasha] Starting scrape…
2026-06-24 15:42:22  INFO      main  [Tapmad] Starting scrape…
2026-06-24 15:42:22  INFO      main  [MyCo] Starting scrape…
2026-06-24 15:42:22  INFO      main  [ShoqPK] Starting scrape…
2026-06-24 15:42:22  INFO      main  [MyCo] Found 0 channels
2026-06-24 15:42:22  INFO      main  [Tapmad] Found 0 channels
2026-06-24 15:42:22  INFO      main  [ShoqPK] Found 0 channels
2026-06-24 15:42:22  INFO      main  [Tamasha] Found 0 channels
2026-06-24 15:42:22  INFO      main  Total unique channels after merge: 0
2026-06-24 15:42:22  INFO      main  Validating 0 channels…
2026-06-24 15:42:22  INFO      main  Validation complete: 0 live, 0 dead (removed)
2026-06-24 15:42:22  INFO      main  Diff → +0 new, -0 removed
2026-06-24 15:42:22  INFO      main  Saved 0 channels → output/
2026-06-24 15:42:22  INFO      main  Scrape cycle complete.
2026-06-24 17:56:43  INFO      main  ============================================================
2026-06-24 17:56:43  INFO      main  Scrape cycle started at 2026-06-24 17:56:43
2026-06-24 17:56:43  INFO      main  [Tamasha] Starting scrape…
2026-06-24 17:56:43  INFO      main  [Tapmad] Starting scrape…
2026-06-24 17:56:43  INFO      main  [MyCo] Starting scrape…
2026-06-24 17:56:43  INFO      main  [ShoqPK] Starting scrape…
2026-06-24 17:56:43  INFO      main  [Tapmad] Found 0 channels
2026-06-24 17:56:43  INFO      main  [MyCo] Found 0 channels
2026-06-24 17:56:43  INFO      main  [ShoqPK] Found 0 channels
2026-06-24 17:56:44  INFO      main  [Tamasha] Found 0 channels
2026-06-24 17:56:44  INFO      main  Total unique channels after merge: 0
2026-06-24 17:56:44  INFO      main  Validating 0 channels…
2026-06-24 17:56:44  INFO      main  Validation complete: 0 live, 0 dead (removed)
2026-06-24 17:56:44  INFO      main  Diff → +0 new, -0 removed
2026-06-24 17:56:44  INFO      main  Saved 0 channels → output/
2026-06-24 17:56:44  INFO      main  Scrape cycle complete.
2026-06-24 19:55:58  INFO      main  ============================================================
2026-06-24 19:55:58  INFO      main  Scrape cycle started at 2026-06-24 19:55:58
2026-06-24 19:55:58  INFO      main  [Tamasha] Starting scrape…
2026-06-24 19:55:58  INFO      main  [Tapmad] Starting scrape…
2026-06-24 19:55:58  INFO      main  [MyCo] Starting scrape…
2026-06-24 19:55:58  INFO      main  [ShoqPK] Starting scrape…
2026-06-24 19:55:58  INFO      main  [Tapmad] Found 0 channels
2026-06-24 19:55:58  INFO      main  [MyCo] Found 0 channels
2026-06-24 19:55:58  INFO      main  [ShoqPK] Found 0 channels
2026-06-24 19:55:58  INFO      main  [Tamasha] Found 0 channels
2026-06-24 19:55:58  INFO      main  Total unique channels after merge: 0
2026-06-24 19:55:58  INFO      main  Validating 0 channels…
2026-06-24 19:55:58  INFO      main  Validation complete: 0 live, 0 dead (removed)
2026-06-24 19:55:58  INFO      main  Diff → +0 new, -0 removed
2026-06-24 19:55:58  INFO      main  Saved 0 channels → output/
2026-06-24 19:55:58  INFO      main  Scrape cycle complete.
2026-06-24 21:25:59  INFO      main  ============================================================
2026-06-24 21:25:59  INFO      main  Scrape cycle started at 2026-06-24 21:25:59
2026-06-24 21:25:59  INFO      main  [Tamasha] Starting scrape…
2026-06-24 21:25:59  INFO      main  [Tapmad] Starting scrape…
2026-06-24 21:25:59  INFO      main  [MyCo] Starting scrape…
2026-06-24 21:25:59  INFO      main  [ShoqPK] Starting scrape…
2026-06-24 21:25:59  INFO      main  [Tapmad] Found 0 channels
2026-06-24 21:25:59  INFO      main  [MyCo] Found 0 channels
2026-06-24 21:26:00  INFO      main  [ShoqPK] Found 0 channels
2026-06-24 21:26:00  INFO      main  [Tamasha] Found 0 channels
2026-06-24 21:26:00  INFO      main  Total unique channels after merge: 0
2026-06-24 21:26:00  INFO      main  Validating 0 channels…
2026-06-24 21:26:00  INFO      main  Validation complete: 0 live, 0 dead (removed)
2026-06-24 21:26:00  INFO      main  Diff → +0 new, -0 removed
2026-06-24 21:26:00  INFO      main  Saved 0 channels → output/
2026-06-24 21:26:00  INFO      main  Scrape cycle complete.
2026-06-24 22:48:36  INFO      main  ============================================================
2026-06-24 22:48:36  INFO      main  Scrape cycle started at 2026-06-24 22:48:36
2026-06-24 22:48:36  INFO      main  [Tamasha] Starting scrape…
2026-06-24 22:48:36  INFO      main  [Tapmad] Starting scrape…
2026-06-24 22:48:36  INFO      main  [MyCo] Starting scrape…
2026-06-24 22:48:36  INFO      main  [ShoqPK] Starting scrape…
2026-06-24 22:48:36  INFO      main  [MyCo] Found 0 channels
2026-06-24 22:48:36  INFO      main  [Tapmad] Found 0 channels
2026-06-24 22:48:36  INFO      main  [ShoqPK] Found 0 channels
2026-06-24 22:48:37  INFO      main  [Tamasha] Found 0 channels
2026-06-24 22:48:37  INFO      main  Total unique channels after merge: 0
2026-06-24 22:48:37  INFO      main  Validating 0 channels…
2026-06-24 22:48:37  INFO      main  Validation complete: 0 live, 0 dead (removed)
2026-06-24 22:48:37  INFO      main  Diff → +0 new, -0 removed
2026-06-24 22:48:37  INFO      main  Saved 0 channels → output/
2026-06-24 22:48:37  INFO      main  Scrape cycle complete.
2026-06-25 00:15:28  INFO      main  ============================================================
2026-06-25 00:15:28  INFO      main  Scrape cycle started at 2026-06-25 00:15:28
2026-06-25 00:15:28  INFO      main  [Tamasha] Starting scrape…
2026-06-25 00:15:28  INFO      main  [Tapmad] Starting scrape…
2026-06-25 00:15:28  INFO      main  [MyCo] Starting scrape…
2026-06-25 00:15:28  INFO      main  [ShoqPK] Starting scrape…
2026-06-25 00:15:28  INFO      main  [Tapmad] Found 0 channels
2026-06-25 00:15:28  INFO      main  [MyCo] Found 0 channels
2026-06-25 00:15:29  INFO      main  [ShoqPK] Found 0 channels
2026-06-25 00:15:29  INFO      main  [Tamasha] Found 0 channels
2026-06-25 00:15:29  INFO      main  Total unique channels after merge: 0
2026-06-25 00:15:29  INFO      main  Validating 0 channels…
2026-06-25 00:15:29  INFO      main  Validation complete: 0 live, 0 dead (removed)
2026-06-25 00:15:29  INFO      main  Diff → +0 new, -0 removed
2026-06-25 00:15:29  INFO      main  Saved 0 channels → output/
2026-06-25 00:15:29  INFO      main  Scrape cycle complete.
2026-06-25 04:46:28  INFO      main  ============================================================
2026-06-25 04:46:28  INFO      main  Scrape cycle started at 2026-06-25 04:46:28
2026-06-25 04:46:28  INFO      main  [Tamasha] Starting scrape…
2026-06-25 04:46:28  INFO      main  [Tapmad] Starting scrape…
2026-06-25 04:46:28  INFO      main  [MyCo] Starting scrape…
2026-06-25 04:46:28  INFO      main  [ShoqPK] Starting scrape…
2026-06-25 04:46:28  INFO      main  [Tapmad] Found 0 channels
2026-06-25 04:46:28  INFO      main  [MyCo] Found 0 channels
2026-06-25 04:46:28  INFO      main  [Tamasha] Found 0 channels
2026-06-25 04:46:28  INFO      main  [ShoqPK] Found 0 channels
2026-06-25 04:46:28  INFO      main  Total unique channels after merge: 0
2026-06-25 04:46:28  INFO      main  Validating 0 channels…
2026-06-25 04:46:28  INFO      main  Validation complete: 0 live, 0 dead (removed)
2026-06-25 04:46:28  INFO      main  Diff → +0 new, -0 removed
2026-06-25 04:46:28  INFO      main  Saved 0 channels → output/
2026-06-25 04:46:28  INFO      main  Scrape cycle complete.
2026-06-25 08:24:39  INFO      main  ============================================================
2026-06-25 08:24:39  INFO      main  Scrape cycle started at 2026-06-25 08:24:39
2026-06-25 08:24:39  INFO      main  [Tamasha] Starting scrape…
2026-06-25 08:24:39  INFO      main  [Tapmad] Starting scrape…
2026-06-25 08:24:39  INFO      main  [MyCo] Starting scrape…
2026-06-25 08:24:39  INFO      main  [ShoqPK] Starting scrape…
2026-06-25 08:24:39  INFO      main  [Tapmad] Found 0 channels
2026-06-25 08:24:39  INFO      main  [Tamasha] Found 0 channels
2026-06-25 08:24:39  INFO      main  [ShoqPK] Found 0 channels
2026-06-25 08:24:39  INFO      main  [MyCo] Found 0 channels
2026-06-25 08:24:39  INFO      main  Total unique channels after merge: 0
2026-06-25 08:24:39  INFO      main  Validating 0 channels…
2026-06-25 08:24:39  INFO      main  Validation complete: 0 live, 0 dead (removed)
2026-06-25 08:24:39  INFO      main  Diff → +0 new, -0 removed
2026-06-25 08:24:39  INFO      main  Saved 0 channels → output/
2026-06-25 08:24:39  INFO      main  Scrape cycle complete.
2026-06-25 11:15:55  INFO      main  ============================================================
2026-06-25 11:15:55  INFO      main  Scrape cycle started at 2026-06-25 11:15:55
2026-06-25 11:15:55  INFO      main  [Tamasha] Starting scrape…
2026-06-25 11:15:55  INFO      main  [Tapmad] Starting scrape…
2026-06-25 11:15:55  INFO      main  [MyCo] Starting scrape…
2026-06-25 11:15:55  INFO      main  [ShoqPK] Starting scrape…
2026-06-25 11:15:55  INFO      main  [Tapmad] Found 0 channels
2026-06-25 11:15:55  INFO      main  [MyCo] Found 0 channels
2026-06-25 11:15:55  INFO      main  [ShoqPK] Found 0 channels
2026-06-25 11:15:56  INFO      main  [Tamasha] Found 0 channels
2026-06-25 11:15:56  INFO      main  Total unique channels after merge: 0
2026-06-25 11:15:56  INFO      main  Validating 0 channels…
2026-06-25 11:15:56  INFO      main  Validation complete: 0 live, 0 dead (removed)
2026-06-25 11:15:56  INFO      main  Diff → +0 new, -0 removed
2026-06-25 11:15:56  INFO      main  Saved 0 channels → output/
2026-06-25 11:15:56  INFO      main  Scrape cycle complete.
2026-06-25 13:36:55  INFO      main  ============================================================
2026-06-25 13:36:55  INFO      main  Scrape cycle started at 2026-06-25 13:36:55
2026-06-25 13:36:55  INFO      main  [Tamasha] Starting scrape…
2026-06-25 13:36:55  INFO      main  [Tapmad] Starting scrape…
2026-06-25 13:36:55  INFO      main  [MyCo] Starting scrape…
2026-06-25 13:36:55  INFO      main  [ShoqPK] Starting scrape…
2026-06-25 13:36:55  INFO      main  [MyCo] Found 0 channels
2026-06-25 13:36:55  INFO      main  [Tapmad] Found 0 channels
2026-06-25 13:36:56  INFO      main  [Tamasha] Found 0 channels
2026-06-25 13:36:56  INFO      main  [ShoqPK] Found 0 channels
2026-06-25 13:36:56  INFO      main  Total unique channels after merge: 0
2026-06-25 13:36:56  INFO      main  Validating 0 channels…
2026-06-25 13:36:56  INFO      main  Validation complete: 0 live, 0 dead (removed)
2026-06-25 13:36:56  INFO      main  Diff → +0 new, -0 removed
2026-06-25 13:36:56  INFO      main  Saved 0 channels → output/
2026-06-25 13:36:56  INFO      main  Scrape cycle complete.
2026-06-25 16:27:43  INFO      main  ============================================================
2026-06-25 16:27:43  INFO      main  Scrape cycle started at 2026-06-25 16:27:43
2026-06-25 16:27:43  INFO      main  [Tamasha] Starting scrape…
2026-06-25 16:27:43  INFO      main  [Tapmad] Starting scrape…
2026-06-25 16:27:43  INFO      main  [MyCo] Starting scrape…
2026-06-25 16:27:43  INFO      main  [ShoqPK] Starting scrape…
2026-06-25 16:27:43  INFO      main  [Tamasha] Found 0 channels
2026-06-25 16:27:43  INFO      main  [Tapmad] Found 0 channels
2026-06-25 16:27:43  INFO      main  [ShoqPK] Found 0 channels
2026-06-25 16:27:43  INFO      main  [MyCo] Found 0 channels
2026-06-25 16:27:43  INFO      main  Total unique channels after merge: 0
2026-06-25 16:27:43  INFO      main  Validating 0 channels…
2026-06-25 16:27:43  INFO      main  Validation complete: 0 live, 0 dead (removed)
2026-06-25 16:27:43  INFO      main  Diff → +0 new, -0 removed
2026-06-25 16:27:43  INFO      main  Saved 0 channels → output/
2026-06-25 16:27:43  INFO      main  Scrape cycle complete.
2026-06-25 18:35:06  INFO      main  ============================================================
2026-06-25 18:35:06  INFO      main  Scrape cycle started at 2026-06-25 18:35:06
2026-06-25 18:35:06  INFO      main  [Tamasha] Starting scrape…
2026-06-25 18:35:06  INFO      main  [Tapmad] Starting scrape…
2026-06-25 18:35:06  INFO      main  [MyCo] Starting scrape…
2026-06-25 18:35:06  INFO      main  [ShoqPK] Starting scrape…
2026-06-25 18:35:06  INFO      main  [Tapmad] Found 0 channels
2026-06-25 18:35:06  INFO      main  [Tamasha] Found 0 channels
2026-06-25 18:35:06  INFO      main  [MyCo] Found 0 channels
2026-06-25 18:35:06  INFO      main  [ShoqPK] Found 0 channels
2026-06-25 18:35:06  INFO      main  Total unique channels after merge: 0
2026-06-25 18:35:06  INFO      main  Validating 0 channels…
2026-06-25 18:35:06  INFO      main  Validation complete: 0 live, 0 dead (removed)
2026-06-25 18:35:06  INFO      main  Diff → +0 new, -0 removed
2026-06-25 18:35:06  INFO      main  Saved 0 channels → output/
2026-06-25 18:35:06  INFO      main  Scrape cycle complete.
2026-06-25 20:58:58  INFO      main  ============================================================
2026-06-25 20:58:58  INFO      main  Scrape cycle started at 2026-06-25 20:58:58
2026-06-25 20:58:58  INFO      main  [Tamasha] Starting scrape…
2026-06-25 20:58:58  INFO      main  [Tapmad] Starting scrape…
2026-06-25 20:58:58  INFO      main  [MyCo] Starting scrape…
2026-06-25 20:58:58  INFO      main  [ShoqPK] Starting scrape…
2026-06-25 20:58:58  INFO      main  [MyCo] Found 0 channels
2026-06-25 20:58:58  INFO      main  [Tapmad] Found 0 channels
2026-06-25 20:58:59  INFO      main  [Tamasha] Found 0 channels
2026-06-25 20:58:59  INFO      main  [ShoqPK] Found 0 channels
2026-06-25 20:58:59  INFO      main  Total unique channels after merge: 0
2026-06-25 20:58:59  INFO      main  Validating 0 channels…
2026-06-25 20:58:59  INFO      main  Validation complete: 0 live, 0 dead (removed)
2026-06-25 20:58:59  INFO      main  Diff → +0 new, -0 removed
2026-06-25 20:58:59  INFO      main  Saved 0 channels → output/
2026-06-25 20:58:59  INFO      main  Scrape cycle complete.
2026-06-25 22:39:52  INFO      main  ============================================================
2026-06-25 22:39:52  INFO      main  Scrape cycle started at 2026-06-25 22:39:52
2026-06-25 22:39:52  INFO      main  [Tamasha] Starting scrape…
2026-06-25 22:39:52  INFO      main  [Tapmad] Starting scrape…
2026-06-25 22:39:52  INFO      main  [MyCo] Starting scrape…
2026-06-25 22:39:52  INFO      main  [ShoqPK] Starting scrape…
2026-06-25 22:39:52  INFO      main  [Tapmad] Found 0 channels
2026-06-25 22:39:52  INFO      main  [MyCo] Found 0 channels
2026-06-25 22:39:52  INFO      main  [Tamasha] Found 0 channels
2026-06-25 22:39:53  INFO      main  [ShoqPK] Found 0 channels
2026-06-25 22:39:53  INFO      main  Total unique channels after merge: 0
2026-06-25 22:39:53  INFO      main  Validating 0 channels…
2026-06-25 22:39:53  INFO      main  Validation complete: 0 live, 0 dead (removed)
2026-06-25 22:39:53  INFO      main  Diff → +0 new, -0 removed
2026-06-25 22:39:53  INFO      main  Saved 0 channels → output/
2026-06-25 22:39:53  INFO      main  Scrape cycle complete.
2026-06-26 00:12:05  INFO      main  ============================================================
2026-06-26 00:12:05  INFO      main  Scrape cycle started at 2026-06-26 00:12:05
2026-06-26 00:12:05  INFO      main  [Tamasha] Starting scrape…
2026-06-26 00:12:05  INFO      main  [Tapmad] Starting scrape…
2026-06-26 00:12:05  INFO      main  [MyCo] Starting scrape…
2026-06-26 00:12:05  INFO      main  [ShoqPK] Starting scrape…
2026-06-26 00:12:05  INFO      main  [MyCo] Found 0 channels
2026-06-26 00:12:05  INFO      main  [Tapmad] Found 0 channels
2026-06-26 00:12:05  INFO      main  [ShoqPK] Found 0 channels
2026-06-26 00:12:05  INFO      main  [Tamasha] Found 0 channels
2026-06-26 00:12:05  INFO      main  Total unique channels after merge: 0
2026-06-26 00:12:05  INFO      main  Validating 0 channels…
2026-06-26 00:12:05  INFO      main  Validation complete: 0 live, 0 dead (removed)
2026-06-26 00:12:05  INFO      main  Diff → +0 new, -0 removed
2026-06-26 00:12:05  INFO      main  Saved 0 channels → output/
2026-06-26 00:12:05  INFO      main  Scrape cycle complete.
2026-06-26 04:50:02  INFO      main  ============================================================
2026-06-26 04:50:02  INFO      main  Scrape cycle started at 2026-06-26 04:50:02
2026-06-26 04:50:02  INFO      main  [Tamasha] Starting scrape…
2026-06-26 04:50:02  INFO      main  [Tapmad] Starting scrape…
2026-06-26 04:50:02  INFO      main  [MyCo] Starting scrape…
2026-06-26 04:50:02  INFO      main  [ShoqPK] Starting scrape…
2026-06-26 04:50:02  INFO      main  [MyCo] Found 0 channels
2026-06-26 04:50:02  INFO      main  [Tapmad] Found 0 channels
2026-06-26 04:50:02  INFO      main  [ShoqPK] Found 0 channels
2026-06-26 04:50:02  INFO      main  [Tamasha] Found 0 channels
2026-06-26 04:50:02  INFO      main  Total unique channels after merge: 0
2026-06-26 04:50:02  INFO      main  Validating 0 channels…
2026-06-26 04:50:02  INFO      main  Validation complete: 0 live, 0 dead (removed)
2026-06-26 04:50:02  INFO      main  Diff → +0 new, -0 removed
2026-06-26 04:50:02  INFO      main  Saved 0 channels → output/
2026-06-26 04:50:02  INFO      main  Scrape cycle complete.
2026-06-26 08:30:43  INFO      main  ============================================================
2026-06-26 08:30:43  INFO      main  Scrape cycle started at 2026-06-26 08:30:43
2026-06-26 08:30:43  INFO      main  [Tamasha] Starting scrape…
2026-06-26 08:30:43  INFO      main  [Tapmad] Starting scrape…
2026-06-26 08:30:43  INFO      main  [MyCo] Starting scrape…
2026-06-26 08:30:43  INFO      main  [ShoqPK] Starting scrape…
2026-06-26 08:30:43  INFO      main  [Tapmad] Found 0 channels
2026-06-26 08:30:43  INFO      main  [MyCo] Found 0 channels
2026-06-26 08:30:43  INFO      main  [Tamasha] Found 0 channels
2026-06-26 08:30:43  INFO      main  [ShoqPK] Found 0 channels
2026-06-26 08:30:43  INFO      main  Total unique channels after merge: 0
2026-06-26 08:30:43  INFO      main  Validating 0 channels…
2026-06-26 08:30:43  INFO      main  Validation complete: 0 live, 0 dead (removed)
2026-06-26 08:30:43  INFO      main  Diff → +0 new, -0 removed
2026-06-26 08:30:43  INFO      main  Saved 0 channels → output/
2026-06-26 08:30:43  INFO      main  Scrape cycle complete.
2026-06-26 11:45:38  INFO      main  ============================================================
2026-06-26 11:45:38  INFO      main  Scrape cycle started at 2026-06-26 11:45:38
2026-06-26 11:45:38  INFO      main  [Tamasha] Starting scrape…
2026-06-26 11:45:38  INFO      main  [Tapmad] Starting scrape…
2026-06-26 11:45:38  INFO      main  [MyCo] Starting scrape…
2026-06-26 11:45:38  INFO      main  [ShoqPK] Starting scrape…
2026-06-26 11:45:39  INFO      main  [MyCo] Found 0 channels
2026-06-26 11:45:39  INFO      main  [Tapmad] Found 0 channels
2026-06-26 11:45:39  INFO      main  [ShoqPK] Found 0 channels
2026-06-26 11:45:39  INFO      main  [Tamasha] Found 0 channels
2026-06-26 11:45:39  INFO      main  Total unique channels after merge: 0
2026-06-26 11:45:39  INFO      main  Validating 0 channels…
2026-06-26 11:45:39  INFO      main  Validation complete: 0 live, 0 dead (removed)
2026-06-26 11:45:39  INFO      main  Diff → +0 new, -0 removed
2026-06-26 11:45:39  INFO      main  Saved 0 channels → output/
2026-06-26 11:45:39  INFO      main  Scrape cycle complete.
2026-06-26 14:29:30  INFO      main  ============================================================
2026-06-26 14:29:30  INFO      main  Scrape cycle started at 2026-06-26 14:29:30
2026-06-26 14:29:30  INFO      main  [Tamasha] Starting scrape…
2026-06-26 14:29:30  INFO      main  [Tapmad] Starting scrape…
2026-06-26 14:29:30  INFO      main  [MyCo] Starting scrape…
2026-06-26 14:29:30  INFO      main  [ShoqPK] Starting scrape…
2026-06-26 14:29:30  INFO      main  [MyCo] Found 0 channels
2026-06-26 14:29:30  INFO      main  [Tapmad] Found 0 channels
2026-06-26 14:29:30  INFO      main  [ShoqPK] Found 0 channels
2026-06-26 14:29:31  INFO      main  [Tamasha] Found 0 channels
2026-06-26 14:29:31  INFO      main  Total unique channels after merge: 0
2026-06-26 14:29:31  INFO      main  Validating 0 channels…
2026-06-26 14:29:31  INFO      main  Validation complete: 0 live, 0 dead (removed)
2026-06-26 14:29:31  INFO      main  Diff → +0 new, -0 removed
2026-06-26 14:29:31  INFO      main  Saved 0 channels → output/
2026-06-26 14:29:31  INFO      main  Scrape cycle complete.
2026-06-26 16:33:01  INFO      main  ============================================================
2026-06-26 16:33:01  INFO      main  Scrape cycle started at 2026-06-26 16:33:01
2026-06-26 16:33:01  INFO      main  [Tamasha] Starting scrape…
2026-06-26 16:33:01  INFO      main  [Tapmad] Starting scrape…
2026-06-26 16:33:01  INFO      main  [MyCo] Starting scrape…
2026-06-26 16:33:01  INFO      main  [ShoqPK] Starting scrape…
2026-06-26 16:33:01  INFO      main  [Tapmad] Found 0 channels
2026-06-26 16:33:01  INFO      main  [MyCo] Found 0 channels
2026-06-26 16:33:01  INFO      main  [ShoqPK] Found 0 channels
2026-06-26 16:33:01  INFO      main  [Tamasha] Found 0 channels
2026-06-26 16:33:01  INFO      main  Total unique channels after merge: 0
2026-06-26 16:33:01  INFO      main  Validating 0 channels…
2026-06-26 16:33:01  INFO      main  Validation complete: 0 live, 0 dead (removed)
2026-06-26 16:33:01  INFO      main  Diff → +0 new, -0 removed
2026-06-26 16:33:01  INFO      main  Saved 0 channels → output/
2026-06-26 16:33:01  INFO      main  Scrape cycle complete.
2026-06-26 18:54:08  INFO      main  ============================================================
2026-06-26 18:54:08  INFO      main  Scrape cycle started at 2026-06-26 18:54:08
2026-06-26 18:54:08  INFO      main  [Tamasha] Starting scrape…
2026-06-26 18:54:08  INFO      main  [Tapmad] Starting scrape…
2026-06-26 18:54:08  INFO      main  [MyCo] Starting scrape…
2026-06-26 18:54:08  INFO      main  [ShoqPK] Starting scrape…
2026-06-26 18:54:08  INFO      main  [Tapmad] Found 0 channels
2026-06-26 18:54:08  INFO      main  [MyCo] Found 0 channels
2026-06-26 18:54:08  INFO      main  [ShoqPK] Found 0 channels
2026-06-26 18:54:08  INFO      main  [Tamasha] Found 0 channels
2026-06-26 18:54:08  INFO      main  Total unique channels after merge: 0
2026-06-26 18:54:08  INFO      main  Validating 0 channels…
2026-06-26 18:54:08  INFO      main  Validation complete: 0 live, 0 dead (removed)
2026-06-26 18:54:08  INFO      main  Diff → +0 new, -0 removed
2026-06-26 18:54:08  INFO      main  Saved 0 channels → output/
2026-06-26 18:54:08  INFO      main  Scrape cycle complete.
2026-06-26 20:51:19  INFO      main  ============================================================
2026-06-26 20:51:19  INFO      main  Scrape cycle started at 2026-06-26 20:51:19
2026-06-26 20:51:19  INFO      main  [Tamasha] Starting scrape…
2026-06-26 20:51:19  INFO      main  [Tapmad] Starting scrape…
2026-06-26 20:51:19  INFO      main  [MyCo] Starting scrape…
2026-06-26 20:51:19  INFO      main  [ShoqPK] Starting scrape…
2026-06-26 20:51:19  INFO      main  [MyCo] Found 0 channels
2026-06-26 20:51:19  INFO      main  [Tapmad] Found 0 channels
2026-06-26 20:51:19  INFO      main  [Tamasha] Found 0 channels
2026-06-26 20:51:20  INFO      main  [ShoqPK] Found 0 channels
2026-06-26 20:51:20  INFO      main  Total unique channels after merge: 0
2026-06-26 20:51:20  INFO      main  Validating 0 channels…
2026-06-26 20:51:20  INFO      main  Validation complete: 0 live, 0 dead (removed)
2026-06-26 20:51:20  INFO      main  Diff → +0 new, -0 removed
2026-06-26 20:51:20  INFO      main  Saved 0 channels → output/
2026-06-26 20:51:20  INFO      main  Scrape cycle complete.
2026-06-26 22:16:24  INFO      main  ============================================================
2026-06-26 22:16:24  INFO      main  Scrape cycle started at 2026-06-26 22:16:24
2026-06-26 22:16:24  INFO      main  [Tamasha] Starting scrape…
2026-06-26 22:16:24  INFO      main  [Tapmad] Starting scrape…
2026-06-26 22:16:24  INFO      main  [MyCo] Starting scrape…
2026-06-26 22:16:24  INFO      main  [ShoqPK] Starting scrape…
2026-06-26 22:16:24  INFO      main  [Tapmad] Found 0 channels
2026-06-26 22:16:24  INFO      main  [MyCo] Found 0 channels
2026-06-26 22:16:25  INFO      main  [ShoqPK] Found 0 channels
2026-06-26 22:16:25  INFO      main  [Tamasha] Found 0 channels
2026-06-26 22:16:25  INFO      main  Total unique channels after merge: 0
2026-06-26 22:16:25  INFO      main  Validating 0 channels…
2026-06-26 22:16:25  INFO      main  Validation complete: 0 live, 0 dead (removed)
2026-06-26 22:16:25  INFO      main  Diff → +0 new, -0 removed
2026-06-26 22:16:25  INFO      main  Saved 0 channels → output/
2026-06-26 22:16:25  INFO      main  Scrape cycle complete.
2026-06-26 23:43:40  INFO      main  ============================================================
2026-06-26 23:43:40  INFO      main  Scrape cycle started at 2026-06-26 23:43:40
2026-06-26 23:43:40  INFO      main  [Tamasha] Starting scrape…
2026-06-26 23:43:40  INFO      main  [Tapmad] Starting scrape…
2026-06-26 23:43:40  INFO      main  [MyCo] Starting scrape…
2026-06-26 23:43:40  INFO      main  [ShoqPK] Starting scrape…
2026-06-26 23:43:40  INFO      main  [MyCo] Found 0 channels
2026-06-26 23:43:40  INFO      main  [Tapmad] Found 0 channels
2026-06-26 23:43:41  INFO      main  [Tamasha] Found 0 channels
2026-06-26 23:43:41  INFO      main  [ShoqPK] Found 0 channels
2026-06-26 23:43:41  INFO      main  Total unique channels after merge: 0
2026-06-26 23:43:41  INFO      main  Validating 0 channels…
2026-06-26 23:43:41  INFO      main  Validation complete: 0 live, 0 dead (removed)
2026-06-26 23:43:41  INFO      main  Diff → +0 new, -0 removed
2026-06-26 23:43:41  INFO      main  Saved 0 channels → output/
2026-06-26 23:43:41  INFO      main  Scrape cycle complete.
2026-06-27 03:40:03  INFO      main  ============================================================
2026-06-27 03:40:03  INFO      main  Scrape cycle started at 2026-06-27 03:40:03
2026-06-27 03:40:03  INFO      main  [Tamasha] Starting scrape…
2026-06-27 03:40:03  INFO      main  [Tapmad] Starting scrape…
2026-06-27 03:40:03  INFO      main  [MyCo] Starting scrape…
2026-06-27 03:40:03  INFO      main  [ShoqPK] Starting scrape…
2026-06-27 03:40:03  INFO      main  [Tapmad] Found 0 channels
2026-06-27 03:40:03  INFO      main  [MyCo] Found 0 channels
2026-06-27 03:40:03  INFO      main  [ShoqPK] Found 0 channels
2026-06-27 03:40:03  INFO      main  [Tamasha] Found 0 channels
2026-06-27 03:40:03  INFO      main  Total unique channels after merge: 0
2026-06-27 03:40:03  INFO      main  Validating 0 channels…
2026-06-27 03:40:03  INFO      main  Validation complete: 0 live, 0 dead (removed)
2026-06-27 03:40:03  INFO      main  Diff → +0 new, -0 removed
2026-06-27 03:40:03  INFO      main  Saved 0 channels → output/
2026-06-27 03:40:03  INFO      main  Scrape cycle complete.
2026-06-27 06:54:13  INFO      main  ============================================================
2026-06-27 06:54:13  INFO      main  Scrape cycle started at 2026-06-27 06:54:13
2026-06-27 06:54:13  INFO      main  [Tamasha] Starting scrape…
2026-06-27 06:54:13  INFO      main  [Tapmad] Starting scrape…
2026-06-27 06:54:13  INFO      main  [MyCo] Starting scrape…
2026-06-27 06:54:13  INFO      main  [ShoqPK] Starting scrape…
2026-06-27 06:54:13  INFO      main  [MyCo] Found 0 channels
2026-06-27 06:54:13  INFO      main  [Tapmad] Found 0 channels
2026-06-27 06:54:13  INFO      main  [ShoqPK] Found 0 channels
2026-06-27 06:54:14  INFO      main  [Tamasha] Found 0 channels
2026-06-27 06:54:14  INFO      main  Total unique channels after merge: 0
2026-06-27 06:54:14  INFO      main  Validating 0 channels…
2026-06-27 06:54:14  INFO      main  Validation complete: 0 live, 0 dead (removed)
2026-06-27 06:54:14  INFO      main  Diff → +0 new, -0 removed
2026-06-27 06:54:14  INFO      main  Saved 0 channels → output/
2026-06-27 06:54:14  INFO      main  Scrape cycle complete.
2026-06-27 09:29:47  INFO      main  ============================================================
2026-06-27 09:29:47  INFO      main  Scrape cycle started at 2026-06-27 09:29:47
2026-06-27 09:29:47  INFO      main  [Tamasha] Starting scrape…
2026-06-27 09:29:47  INFO      main  [Tapmad] Starting scrape…
2026-06-27 09:29:47  INFO      main  [MyCo] Starting scrape…
2026-06-27 09:29:47  INFO      main  [ShoqPK] Starting scrape…
2026-06-27 09:29:47  INFO      main  [Tapmad] Found 0 channels
2026-06-27 09:29:47  INFO      main  [MyCo] Found 0 channels
2026-06-27 09:29:47  INFO      main  [ShoqPK] Found 0 channels
2026-06-27 09:29:48  INFO      main  [Tamasha] Found 0 channels
2026-06-27 09:29:48  INFO      main  Total unique channels after merge: 0
2026-06-27 09:29:48  INFO      main  Validating 0 channels…
2026-06-27 09:29:48  INFO      main  Validation complete: 0 live, 0 dead (removed)
2026-06-27 09:29:48  INFO      main  Diff → +0 new, -0 removed
2026-06-27 09:29:48  INFO      main  Saved 0 channels → output/
2026-06-27 09:29:48  INFO      main  Scrape cycle complete.
2026-06-27 11:12:21  INFO      main  ============================================================
2026-06-27 11:12:21  INFO      main  Scrape cycle started at 2026-06-27 11:12:21
2026-06-27 11:12:21  INFO      main  [Tamasha] Starting scrape…
2026-06-27 11:12:21  INFO      main  [Tapmad] Starting scrape…
2026-06-27 11:12:21  INFO      main  [MyCo] Starting scrape…
2026-06-27 11:12:21  INFO      main  [ShoqPK] Starting scrape…
2026-06-27 11:12:21  INFO      main  [Tapmad] Found 0 channels
2026-06-27 11:12:21  INFO      main  [ShoqPK] Found 0 channels
2026-06-27 11:12:21  INFO      main  [Tamasha] Found 0 channels
2026-06-27 11:12:21  INFO      main  [MyCo] Found 0 channels
2026-06-27 11:12:21  INFO      main  Total unique channels after merge: 0
2026-06-27 11:12:21  INFO      main  Validating 0 channels…
2026-06-27 11:12:21  INFO      main  Validation complete: 0 live, 0 dead (removed)
2026-06-27 11:12:21  INFO      main  Diff → +0 new, -0 removed
2026-06-27 11:12:21  INFO      main  Saved 0 channels → output/
2026-06-27 11:12:21  INFO      main  Scrape cycle complete.
2026-06-27 12:52:03  INFO      main  ============================================================
2026-06-27 12:52:03  INFO      main  Scrape cycle started at 2026-06-27 12:52:03
2026-06-27 12:52:03  INFO      main  [Tamasha] Starting scrape…
2026-06-27 12:52:03  INFO      main  [Tapmad] Starting scrape…
2026-06-27 12:52:03  INFO      main  [MyCo] Starting scrape…
2026-06-27 12:52:03  INFO      main  [ShoqPK] Starting scrape…
2026-06-27 12:52:03  INFO      main  [MyCo] Found 0 channels
2026-06-27 12:52:03  INFO      main  [Tapmad] Found 0 channels
2026-06-27 12:52:03  INFO      main  [ShoqPK] Found 0 channels
2026-06-27 12:52:03  INFO      main  [Tamasha] Found 0 channels
2026-06-27 12:52:03  INFO      main  Total unique channels after merge: 0
2026-06-27 12:52:03  INFO      main  Validating 0 channels…
2026-06-27 12:52:03  INFO      main  Validation complete: 0 live, 0 dead (removed)
2026-06-27 12:52:03  INFO      main  Diff → +0 new, -0 removed
2026-06-27 12:52:03  INFO      main  Saved 0 channels → output/
2026-06-27 12:52:03  INFO      main  Scrape cycle complete.
2026-06-27 14:44:26  INFO      main  ============================================================
2026-06-27 14:44:26  INFO      main  Scrape cycle started at 2026-06-27 14:44:26
2026-06-27 14:44:26  INFO      main  [Tamasha] Starting scrape…
2026-06-27 14:44:26  INFO      main  [Tapmad] Starting scrape…
2026-06-27 14:44:26  INFO      main  [MyCo] Starting scrape…
2026-06-27 14:44:26  INFO      main  [ShoqPK] Starting scrape…
2026-06-27 14:44:26  INFO      main  [MyCo] Found 0 channels
2026-06-27 14:44:26  INFO      main  [Tapmad] Found 0 channels
2026-06-27 14:44:26  INFO      main  [Tamasha] Found 0 channels
2026-06-27 14:44:26  INFO      main  [ShoqPK] Found 0 channels
2026-06-27 14:44:26  INFO      main  Total unique channels after merge: 0
2026-06-27 14:44:26  INFO      main  Validating 0 channels…
2026-06-27 14:44:26  INFO      main  Validation complete: 0 live, 0 dead (removed)
2026-06-27 14:44:26  INFO      main  Diff → +0 new, -0 removed
2026-06-27 14:44:26  INFO      main  Saved 0 channels → output/
2026-06-27 14:44:26  INFO      main  Scrape cycle complete.
2026-06-27 16:07:09  INFO      main  ============================================================
2026-06-27 16:07:09  INFO      main  Scrape cycle started at 2026-06-27 16:07:09
2026-06-27 16:07:09  INFO      main  [Tamasha] Starting scrape…
2026-06-27 16:07:09  INFO      main  [Tapmad] Starting scrape…
2026-06-27 16:07:09  INFO      main  [MyCo] Starting scrape…
2026-06-27 16:07:09  INFO      main  [ShoqPK] Starting scrape…
2026-06-27 16:07:09  INFO      main  [Tapmad] Found 0 channels
2026-06-27 16:07:09  INFO      main  [MyCo] Found 0 channels
2026-06-27 16:07:09  INFO      main  [ShoqPK] Found 0 channels
2026-06-27 16:07:09  INFO      main  [Tamasha] Found 0 channels
2026-06-27 16:07:09  INFO      main  Total unique channels after merge: 0
2026-06-27 16:07:09  INFO      main  Validating 0 channels…
2026-06-27 16:07:09  INFO      main  Validation complete: 0 live, 0 dead (removed)
2026-06-27 16:07:09  INFO      main  Diff → +0 new, -0 removed
2026-06-27 16:07:09  INFO      main  Saved 0 channels → output/
2026-06-27 16:07:09  INFO      main  Scrape cycle complete.
2026-06-27 17:37:48  INFO      main  ============================================================
2026-06-27 17:37:48  INFO      main  Scrape cycle started at 2026-06-27 17:37:48
2026-06-27 17:37:48  INFO      main  [Tamasha] Starting scrape…
2026-06-27 17:37:48  INFO      main  [Tapmad] Starting scrape…
2026-06-27 17:37:48  INFO      main  [MyCo] Starting scrape…
2026-06-27 17:37:48  INFO      main  [ShoqPK] Starting scrape…
2026-06-27 17:37:48  INFO      main  [Tapmad] Found 0 channels
2026-06-27 17:37:48  INFO      main  [MyCo] Found 0 channels
2026-06-27 17:37:49  INFO      main  [Tamasha] Found 0 channels
2026-06-27 17:37:49  INFO      main  [ShoqPK] Found 0 channels
2026-06-27 17:37:49  INFO      main  Total unique channels after merge: 0
2026-06-27 17:37:49  INFO      main  Validating 0 channels…
2026-06-27 17:37:49  INFO      main  Validation complete: 0 live, 0 dead (removed)
2026-06-27 17:37:49  INFO      main  Diff → +0 new, -0 removed
2026-06-27 17:37:49  INFO      main  Saved 0 channels → output/
2026-06-27 17:37:49  INFO      main  Scrape cycle complete.
2026-06-27 19:23:50  INFO      main  ============================================================
2026-06-27 19:23:50  INFO      main  Scrape cycle started at 2026-06-27 19:23:50
2026-06-27 19:23:50  INFO      main  [Tamasha] Starting scrape…
2026-06-27 19:23:50  INFO      main  [Tapmad] Starting scrape…
2026-06-27 19:23:50  INFO      main  [MyCo] Starting scrape…
2026-06-27 19:23:50  INFO      main  [ShoqPK] Starting scrape…
2026-06-27 19:23:50  INFO      main  [Tapmad] Found 0 channels
2026-06-27 19:23:50  INFO      main  [MyCo] Found 0 channels
2026-06-27 19:23:50  INFO      main  [Tamasha] Found 0 channels
2026-06-27 19:23:51  INFO      main  [ShoqPK] Found 0 channels
2026-06-27 19:23:51  INFO      main  Total unique channels after merge: 0
2026-06-27 19:23:51  INFO      main  Validating 0 channels…
2026-06-27 19:23:51  INFO      main  Validation complete: 0 live, 0 dead (removed)
2026-06-27 19:23:51  INFO      main  Diff → +0 new, -0 removed
2026-06-27 19:23:51  INFO      main  Saved 0 channels → output/
2026-06-27 19:23:51  INFO      main  Scrape cycle complete.
2026-06-27 20:38:23  INFO      main  ============================================================
2026-06-27 20:38:23  INFO      main  Scrape cycle started at 2026-06-27 20:38:23
2026-06-27 20:38:23  INFO      main  [Tamasha] Starting scrape…
2026-06-27 20:38:23  INFO      main  [Tapmad] Starting scrape…
2026-06-27 20:38:23  INFO      main  [MyCo] Starting scrape…
2026-06-27 20:38:23  INFO      main  [ShoqPK] Starting scrape…
2026-06-27 20:38:23  INFO      main  [Tapmad] Found 0 channels
2026-06-27 20:38:23  INFO      main  [ShoqPK] Found 0 channels
2026-06-27 20:38:23  INFO      main  [MyCo] Found 0 channels
2026-06-27 20:38:24  INFO      main  [Tamasha] Found 0 channels
2026-06-27 20:38:24  INFO      main  Total unique channels after merge: 0
2026-06-27 20:38:24  INFO      main  Validating 0 channels…
2026-06-27 20:38:24  INFO      main  Validation complete: 0 live, 0 dead (removed)
2026-06-27 20:38:24  INFO      main  Diff → +0 new, -0 removed
2026-06-27 20:38:24  INFO      main  Saved 0 channels → output/
2026-06-27 20:38:24  INFO      main  Scrape cycle complete.
2026-06-27 22:05:01  INFO      main  ============================================================
2026-06-27 22:05:01  INFO      main  Scrape cycle started at 2026-06-27 22:05:01
2026-06-27 22:05:01  INFO      main  [Tamasha] Starting scrape…
2026-06-27 22:05:01  INFO      main  [Tapmad] Starting scrape…
2026-06-27 22:05:01  INFO      main  [MyCo] Starting scrape…
2026-06-27 22:05:01  INFO      main  [ShoqPK] Starting scrape…
2026-06-27 22:05:01  INFO      main  [Tapmad] Found 0 channels
2026-06-27 22:05:01  INFO      main  [MyCo] Found 0 channels
2026-06-27 22:05:02  INFO      main  [ShoqPK] Found 0 channels
2026-06-27 22:05:02  INFO      main  [Tamasha] Found 0 channels
2026-06-27 22:05:02  INFO      main  Total unique channels after merge: 0
2026-06-27 22:05:02  INFO      main  Validating 0 channels…
2026-06-27 22:05:02  INFO      main  Validation complete: 0 live, 0 dead (removed)
2026-06-27 22:05:02  INFO      main  Diff → +0 new, -0 removed
2026-06-27 22:05:02  INFO      main  Saved 0 channels → output/
2026-06-27 22:05:02  INFO      main  Scrape cycle complete.
2026-06-27 23:34:29  INFO      main  ============================================================
2026-06-27 23:34:29  INFO      main  Scrape cycle started at 2026-06-27 23:34:29
2026-06-27 23:34:29  INFO      main  [Tamasha] Starting scrape…
2026-06-27 23:34:29  INFO      main  [Tapmad] Starting scrape…
2026-06-27 23:34:29  INFO      main  [MyCo] Starting scrape…
2026-06-27 23:34:29  INFO      main  [ShoqPK] Starting scrape…
2026-06-27 23:34:29  INFO      main  [Tapmad] Found 0 channels
2026-06-27 23:34:29  INFO      main  [MyCo] Found 0 channels
2026-06-27 23:34:29  INFO      main  [Tamasha] Found 0 channels
2026-06-27 23:34:29  INFO      main  [ShoqPK] Found 0 channels
2026-06-27 23:34:29  INFO      main  Total unique channels after merge: 0
2026-06-27 23:34:29  INFO      main  Validating 0 channels…
2026-06-27 23:34:29  INFO      main  Validation complete: 0 live, 0 dead (removed)
2026-06-27 23:34:29  INFO      main  Diff → +0 new, -0 removed
2026-06-27 23:34:29  INFO      main  Saved 0 channels → output/
2026-06-27 23:34:29  INFO      main  Scrape cycle complete.
2026-06-28 04:03:44  INFO      main  ============================================================
2026-06-28 04:03:44  INFO      main  Scrape cycle started at 2026-06-28 04:03:44
2026-06-28 04:03:44  INFO      main  [Tamasha] Starting scrape…
2026-06-28 04:03:44  INFO      main  [Tapmad] Starting scrape…
2026-06-28 04:03:44  INFO      main  [MyCo] Starting scrape…
2026-06-28 04:03:44  INFO      main  [ShoqPK] Starting scrape…
2026-06-28 04:03:44  INFO      main  [Tapmad] Found 0 channels
2026-06-28 04:03:44  INFO      main  [MyCo] Found 0 channels
2026-06-28 04:03:44  INFO      main  [ShoqPK] Found 0 channels
2026-06-28 04:03:44  INFO      main  [Tamasha] Found 0 channels
2026-06-28 04:03:44  INFO      main  Total unique channels after merge: 0
2026-06-28 04:03:44  INFO      main  Validating 0 channels…
2026-06-28 04:03:44  INFO      main  Validation complete: 0 live, 0 dead (removed)
2026-06-28 04:03:44  INFO      main  Diff → +0 new, -0 removed
2026-06-28 04:03:44  INFO      main  Saved 0 channels → output/
2026-06-28 04:03:44  INFO      main  Scrape cycle complete.
2026-06-28 08:02:55  INFO      main  ============================================================
2026-06-28 08:02:55  INFO      main  Scrape cycle started at 2026-06-28 08:02:55
2026-06-28 08:02:55  INFO      main  [Tamasha] Starting scrape…
2026-06-28 08:02:55  INFO      main  [Tapmad] Starting scrape…
2026-06-28 08:02:55  INFO      main  [MyCo] Starting scrape…
2026-06-28 08:02:55  INFO      main  [ShoqPK] Starting scrape…
2026-06-28 08:02:55  INFO      main  [Tapmad] Found 0 channels
2026-06-28 08:02:55  INFO      main  [Tamasha] Found 0 channels
2026-06-28 08:02:55  INFO      main  [MyCo] Found 0 channels
2026-06-28 08:02:55  INFO      main  [ShoqPK] Found 0 channels
2026-06-28 08:02:55  INFO      main  Total unique channels after merge: 0
2026-06-28 08:02:55  INFO      main  Validating 0 channels…
2026-06-28 08:02:55  INFO      main  Validation complete: 0 live, 0 dead (removed)
2026-06-28 08:02:55  INFO      main  Diff → +0 new, -0 removed
2026-06-28 08:02:55  INFO      main  Saved 0 channels → output/
2026-06-28 08:02:55  INFO      main  Scrape cycle complete.
2026-06-28 10:40:28  INFO      main  ============================================================
2026-06-28 10:40:28  INFO      main  Scrape cycle started at 2026-06-28 10:40:28
2026-06-28 10:40:28  INFO      main  [Tamasha] Starting scrape…
2026-06-28 10:40:28  INFO      main  [Tapmad] Starting scrape…
2026-06-28 10:40:28  INFO      main  [MyCo] Starting scrape…
2026-06-28 10:40:28  INFO      main  [ShoqPK] Starting scrape…
2026-06-28 10:40:28  INFO      main  [MyCo] Found 0 channels
2026-06-28 10:40:28  INFO      main  [Tapmad] Found 0 channels
2026-06-28 10:40:28  INFO      main  [ShoqPK] Found 0 channels
2026-06-28 10:40:28  INFO      main  [Tamasha] Found 0 channels
2026-06-28 10:40:28  INFO      main  Total unique channels after merge: 0
2026-06-28 10:40:28  INFO      main  Validating 0 channels…
2026-06-28 10:40:28  INFO      main  Validation complete: 0 live, 0 dead (removed)
2026-06-28 10:40:28  INFO      main  Diff → +0 new, -0 removed
2026-06-28 10:40:28  INFO      main  Saved 0 channels → output/
2026-06-28 10:40:28  INFO      main  Scrape cycle complete.
2026-06-28 12:17:21  INFO      main  ============================================================
2026-06-28 12:17:21  INFO      main  Scrape cycle started at 2026-06-28 12:17:21
2026-06-28 12:17:21  INFO      main  [Tamasha] Starting scrape…
2026-06-28 12:17:21  INFO      main  [Tapmad] Starting scrape…
2026-06-28 12:17:21  INFO      main  [MyCo] Starting scrape…
2026-06-28 12:17:21  INFO      main  [ShoqPK] Starting scrape…
2026-06-28 12:17:21  INFO      main  [Tapmad] Found 0 channels
2026-06-28 12:17:21  INFO      main  [MyCo] Found 0 channels
2026-06-28 12:17:21  INFO      main  [Tamasha] Found 0 channels
2026-06-28 12:17:21  INFO      main  [ShoqPK] Found 0 channels
2026-06-28 12:17:21  INFO      main  Total unique channels after merge: 0
2026-06-28 12:17:21  INFO      main  Validating 0 channels…
2026-06-28 12:17:21  INFO      main  Validation complete: 0 live, 0 dead (removed)
2026-06-28 12:17:21  INFO      main  Diff → +0 new, -0 removed
2026-06-28 12:17:21  INFO      main  Saved 0 channels → output/
2026-06-28 12:17:21  INFO      main  Scrape cycle complete.
2026-06-28 14:23:10  INFO      main  ============================================================
2026-06-28 14:23:10  INFO      main  Scrape cycle started at 2026-06-28 14:23:10
2026-06-28 14:23:10  INFO      main  [Tamasha] Starting scrape…
2026-06-28 14:23:10  INFO      main  [Tapmad] Starting scrape…
2026-06-28 14:23:10  INFO      main  [MyCo] Starting scrape…
2026-06-28 14:23:10  INFO      main  [ShoqPK] Starting scrape…
2026-06-28 14:23:10  INFO      main  [Tapmad] Found 0 channels
2026-06-28 14:23:10  INFO      main  [Tamasha] Found 0 channels
2026-06-28 14:23:10  INFO      main  [MyCo] Found 0 channels
2026-06-28 14:23:10  INFO      main  [ShoqPK] Found 0 channels
2026-06-28 14:23:10  INFO      main  Total unique channels after merge: 0
2026-06-28 14:23:10  INFO      main  Validating 0 channels…
2026-06-28 14:23:10  INFO      main  Validation complete: 0 live, 0 dead (removed)
2026-06-28 14:23:10  INFO      main  Diff → +0 new, -0 removed
2026-06-28 14:23:10  INFO      main  Saved 0 channels → output/
2026-06-28 14:23:10  INFO      main  Scrape cycle complete.
2026-06-28 15:50:56  INFO      main  ============================================================
2026-06-28 15:50:56  INFO      main  Scrape cycle started at 2026-06-28 15:50:56
2026-06-28 15:50:56  INFO      main  [Tamasha] Starting scrape…
2026-06-28 15:50:56  INFO      main  [Tapmad] Starting scrape…
2026-06-28 15:50:56  INFO      main  [MyCo] Starting scrape…
2026-06-28 15:50:56  INFO      main  [ShoqPK] Starting scrape…
2026-06-28 15:50:56  INFO      main  [MyCo] Found 0 channels
2026-06-28 15:50:56  INFO      main  [Tapmad] Found 0 channels
2026-06-28 15:50:56  INFO      main  [Tamasha] Found 0 channels
2026-06-28 15:50:56  INFO      main  [ShoqPK] Found 0 channels
2026-06-28 15:50:56  INFO      main  Total unique channels after merge: 0
2026-06-28 15:50:56  INFO      main  Validating 0 channels…
2026-06-28 15:50:56  INFO      main  Validation complete: 0 live, 0 dead (removed)
2026-06-28 15:50:56  INFO      main  Diff → +0 new, -0 removed
2026-06-28 15:50:56  INFO      main  Saved 0 channels → output/
2026-06-28 15:50:56  INFO      main  Scrape cycle complete.
2026-06-28 17:15:36  INFO      main  ============================================================
2026-06-28 17:15:36  INFO      main  Scrape cycle started at 2026-06-28 17:15:36
2026-06-28 17:15:36  INFO      main  [Tamasha] Starting scrape…
2026-06-28 17:15:36  INFO      main  [Tapmad] Starting scrape…
2026-06-28 17:15:36  INFO      main  [MyCo] Starting scrape…
2026-06-28 17:15:36  INFO      main  [ShoqPK] Starting scrape…
2026-06-28 17:15:36  INFO      main  [MyCo] Found 0 channels
2026-06-28 17:15:36  INFO      main  [Tapmad] Found 0 channels
2026-06-28 17:15:37  INFO      main  [ShoqPK] Found 0 channels
2026-06-28 17:15:37  INFO      main  [Tamasha] Found 0 channels
2026-06-28 17:15:37  INFO      main  Total unique channels after merge: 0
2026-06-28 17:15:37  INFO      main  Validating 0 channels…
2026-06-28 17:15:37  INFO      main  Validation complete: 0 live, 0 dead (removed)
2026-06-28 17:15:37  INFO      main  Diff → +0 new, -0 removed
2026-06-28 17:15:37  INFO      main  Saved 0 channels → output/
2026-06-28 17:15:37  INFO      main  Scrape cycle complete.
2026-06-28 18:45:32  INFO      main  ============================================================
2026-06-28 18:45:32  INFO      main  Scrape cycle started at 2026-06-28 18:45:32
2026-06-28 18:45:32  INFO      main  [Tamasha] Starting scrape…
2026-06-28 18:45:32  INFO      main  [Tapmad] Starting scrape…
2026-06-28 18:45:32  INFO      main  [MyCo] Starting scrape…
2026-06-28 18:45:32  INFO      main  [ShoqPK] Starting scrape…
2026-06-28 18:45:32  INFO      main  [MyCo] Found 0 channels
2026-06-28 18:45:32  INFO      main  [Tapmad] Found 0 channels
2026-06-28 18:45:32  INFO      main  [ShoqPK] Found 0 channels
2026-06-28 18:45:32  INFO      main  [Tamasha] Found 0 channels
2026-06-28 18:45:32  INFO      main  Total unique channels after merge: 0
2026-06-28 18:45:32  INFO      main  Validating 0 channels…
2026-06-28 18:45:32  INFO      main  Validation complete: 0 live, 0 dead (removed)
2026-06-28 18:45:32  INFO      main  Diff → +0 new, -0 removed
2026-06-28 18:45:32  INFO      main  Saved 0 channels → output/
2026-06-28 18:45:32  INFO      main  Scrape cycle complete.
2026-06-28 20:15:21  INFO      main  ============================================================
2026-06-28 20:15:21  INFO      main  Scrape cycle started at 2026-06-28 20:15:21
2026-06-28 20:15:21  INFO      main  [Tamasha] Starting scrape…
2026-06-28 20:15:21  INFO      main  [Tapmad] Starting scrape…
2026-06-28 20:15:21  INFO      main  [MyCo] Starting scrape…
2026-06-28 20:15:21  INFO      main  [ShoqPK] Starting scrape…
2026-06-28 20:15:21  INFO      main  [Tapmad] Found 0 channels
2026-06-28 20:15:21  INFO      main  [Tamasha] Found 0 channels
2026-06-28 20:15:21  INFO      main  [MyCo] Found 0 channels
2026-06-28 20:15:21  INFO      main  [ShoqPK] Found 0 channels
2026-06-28 20:15:21  INFO      main  Total unique channels after merge: 0
2026-06-28 20:15:21  INFO      main  Validating 0 channels…
2026-06-28 20:15:21  INFO      main  Validation complete: 0 live, 0 dead (removed)
2026-06-28 20:15:21  INFO      main  Diff → +0 new, -0 removed
2026-06-28 20:15:21  INFO      main  Saved 0 channels → output/
2026-06-28 20:15:21  INFO      main  Scrape cycle complete.
2026-06-28 21:38:21  INFO      main  ============================================================
2026-06-28 21:38:21  INFO      main  Scrape cycle started at 2026-06-28 21:38:21
2026-06-28 21:38:21  INFO      main  [Tamasha] Starting scrape…
2026-06-28 21:38:21  INFO      main  [Tapmad] Starting scrape…
2026-06-28 21:38:21  INFO      main  [MyCo] Starting scrape…
2026-06-28 21:38:21  INFO      main  [ShoqPK] Starting scrape…
2026-06-28 21:38:21  INFO      main  [Tapmad] Found 0 channels
2026-06-28 21:38:21  INFO      main  [MyCo] Found 0 channels
2026-06-28 21:38:22  INFO      main  [ShoqPK] Found 0 channels
2026-06-28 21:38:22  INFO      main  [Tamasha] Found 0 channels
2026-06-28 21:38:22  INFO      main  Total unique channels after merge: 0
2026-06-28 21:38:22  INFO      main  Validating 0 channels…
2026-06-28 21:38:22  INFO      main  Validation complete: 0 live, 0 dead (removed)
2026-06-28 21:38:22  INFO      main  Diff → +0 new, -0 removed
2026-06-28 21:38:22  INFO      main  Saved 0 channels → output/
2026-06-28 21:38:22  INFO      main  Scrape cycle complete.
2026-06-28 23:04:56  INFO      main  ============================================================
2026-06-28 23:04:56  INFO      main  Scrape cycle started at 2026-06-28 23:04:56
2026-06-28 23:04:56  INFO      main  [Tamasha] Starting scrape…
2026-06-28 23:04:56  INFO      main  [Tapmad] Starting scrape…
2026-06-28 23:04:56  INFO      main  [MyCo] Starting scrape…
2026-06-28 23:04:56  INFO      main  [ShoqPK] Starting scrape…
2026-06-28 23:04:56  INFO      main  [Tamasha] Found 0 channels
2026-06-28 23:04:56  INFO      main  [Tapmad] Found 0 channels
2026-06-28 23:04:56  INFO      main  [ShoqPK] Found 0 channels
2026-06-28 23:04:56  INFO      main  [MyCo] Found 0 channels
2026-06-28 23:04:56  INFO      main  Total unique channels after merge: 0
2026-06-28 23:04:56  INFO      main  Validating 0 channels…
2026-06-28 23:04:56  INFO      main  Validation complete: 0 live, 0 dead (removed)
2026-06-28 23:04:56  INFO      main  Diff → +0 new, -0 removed
2026-06-28 23:04:56  INFO      main  Saved 0 channels → output/
2026-06-28 23:04:56  INFO      main  Scrape cycle complete.
2026-06-29 01:37:02  INFO      main  ============================================================
2026-06-29 01:37:02  INFO      main  Scrape cycle started at 2026-06-29 01:37:02
2026-06-29 01:37:02  INFO      main  [Tamasha] Starting scrape…
2026-06-29 01:37:02  INFO      main  [Tapmad] Starting scrape…
2026-06-29 01:37:02  INFO      main  [MyCo] Starting scrape…
2026-06-29 01:37:02  INFO      main  [ShoqPK] Starting scrape…
2026-06-29 01:37:02  INFO      main  [MyCo] Found 0 channels
2026-06-29 01:37:02  INFO      main  [Tapmad] Found 0 channels
2026-06-29 01:37:02  INFO      main  [Tamasha] Found 0 channels
2026-06-29 01:37:02  INFO      main  [ShoqPK] Found 0 channels
2026-06-29 01:37:02  INFO      main  Total unique channels after merge: 0
2026-06-29 01:37:02  INFO      main  Validating 0 channels…
2026-06-29 01:37:02  INFO      main  Validation complete: 0 live, 0 dead (removed)
2026-06-29 01:37:02  INFO      main  Diff → +0 new, -0 removed
2026-06-29 01:37:02  INFO      main  Saved 0 channels → output/
2026-06-29 01:37:02  INFO      main  Scrape cycle complete.
2026-06-29 06:51:31  INFO      main  ============================================================
2026-06-29 06:51:31  INFO      main  Scrape cycle started at 2026-06-29 06:51:31
2026-06-29 06:51:31  INFO      main  [Tamasha] Starting scrape…
2026-06-29 06:51:31  INFO      main  [Tapmad] Starting scrape…
2026-06-29 06:51:31  INFO      main  [MyCo] Starting scrape…
2026-06-29 06:51:31  INFO      main  [ShoqPK] Starting scrape…
2026-06-29 06:51:32  INFO      main  [MyCo] Found 0 channels
2026-06-29 06:51:32  INFO      main  [Tapmad] Found 0 channels
2026-06-29 06:51:32  INFO      main  [ShoqPK] Found 0 channels
2026-06-29 06:51:32  INFO      main  [Tamasha] Found 0 channels
2026-06-29 06:51:32  INFO      main  Total unique channels after merge: 0
2026-06-29 06:51:32  INFO      main  Validating 0 channels…
2026-06-29 06:51:32  INFO      main  Validation complete: 0 live, 0 dead (removed)
2026-06-29 06:51:32  INFO      main  Diff → +0 new, -0 removed
2026-06-29 06:51:32  INFO      main  Saved 0 channels → output/
2026-06-29 06:51:32  INFO      main  Scrape cycle complete.
2026-06-29 12:01:06  INFO      main  ============================================================
2026-06-29 12:01:06  INFO      main  Scrape cycle started at 2026-06-29 12:01:06
2026-06-29 12:01:06  INFO      main  [Tamasha] Starting scrape…
2026-06-29 12:01:06  INFO      main  [Tapmad] Starting scrape…
2026-06-29 12:01:06  INFO      main  [MyCo] Starting scrape…
2026-06-29 12:01:06  INFO      main  [ShoqPK] Starting scrape…
2026-06-29 12:01:06  INFO      main  [Tapmad] Found 0 channels
2026-06-29 12:01:06  INFO      main  [MyCo] Found 0 channels
2026-06-29 12:01:06  INFO      main  [Tamasha] Found 0 channels
2026-06-29 12:01:06  INFO      main  [ShoqPK] Found 0 channels
2026-06-29 12:01:06  INFO      main  Total unique channels after merge: 0
2026-06-29 12:01:06  INFO      main  Validating 0 channels…
2026-06-29 12:01:06  INFO      main  Validation complete: 0 live, 0 dead (removed)
2026-06-29 12:01:06  INFO      main  Diff → +0 new, -0 removed
2026-06-29 12:01:06  INFO      main  Saved 0 channels → output/
2026-06-29 12:01:06  INFO      main  Scrape cycle complete.
2026-06-29 16:24:00  INFO      main  ============================================================
2026-06-29 16:24:00  INFO      main  Scrape cycle started at 2026-06-29 16:24:00
2026-06-29 16:24:00  INFO      main  [Tamasha] Starting scrape…
2026-06-29 16:24:00  INFO      main  [Tapmad] Starting scrape…
2026-06-29 16:24:00  INFO      main  [MyCo] Starting scrape…
2026-06-29 16:24:00  INFO      main  [ShoqPK] Starting scrape…
2026-06-29 16:24:01  INFO      main  [Tapmad] Found 0 channels
2026-06-29 16:24:01  INFO      main  [MyCo] Found 0 channels
2026-06-29 16:24:01  INFO      main  [ShoqPK] Found 0 channels
2026-06-29 16:24:01  INFO      main  [Tamasha] Found 0 channels
2026-06-29 16:24:01  INFO      main  Total unique channels after merge: 0
2026-06-29 16:24:01  INFO      main  Validating 0 channels…
2026-06-29 16:24:01  INFO      main  Validation complete: 0 live, 0 dead (removed)
2026-06-29 16:24:01  INFO      main  Diff → +0 new, -0 removed
2026-06-29 16:24:01  INFO      main  Saved 0 channels → output/
2026-06-29 16:24:01  INFO      main  Scrape cycle complete.
2026-06-29 18:29:18  INFO      main  ============================================================
2026-06-29 18:29:18  INFO      main  Scrape cycle started at 2026-06-29 18:29:18
2026-06-29 18:29:18  INFO      main  [Tamasha] Starting scrape…
2026-06-29 18:29:18  INFO      main  [Tapmad] Starting scrape…
2026-06-29 18:29:18  INFO      main  [MyCo] Starting scrape…
2026-06-29 18:29:18  INFO      main  [ShoqPK] Starting scrape…
2026-06-29 18:29:18  INFO      main  [Tapmad] Found 0 channels
2026-06-29 18:29:18  INFO      main  [MyCo] Found 0 channels
2026-06-29 18:29:18  INFO      main  [ShoqPK] Found 0 channels
2026-06-29 18:29:18  INFO      main  [Tamasha] Found 0 channels
2026-06-29 18:29:18  INFO      main  Total unique channels after merge: 0
2026-06-29 18:29:18  INFO      main  Validating 0 channels…
2026-06-29 18:29:18  INFO      main  Validation complete: 0 live, 0 dead (removed)
2026-06-29 18:29:18  INFO      main  Diff → +0 new, -0 removed
2026-06-29 18:29:18  INFO      main  Saved 0 channels → output/
2026-06-29 18:29:18  INFO      main  Scrape cycle complete.
2026-06-29 20:28:28  INFO      main  ============================================================
2026-06-29 20:28:28  INFO      main  Scrape cycle started at 2026-06-29 20:28:28
2026-06-29 20:28:28  INFO      main  [Tamasha] Starting scrape…
2026-06-29 20:28:28  INFO      main  [Tapmad] Starting scrape…
2026-06-29 20:28:28  INFO      main  [MyCo] Starting scrape…
2026-06-29 20:28:28  INFO      main  [ShoqPK] Starting scrape…
2026-06-29 20:28:28  INFO      main  [Tapmad] Found 0 channels
2026-06-29 20:28:28  INFO      main  [MyCo] Found 0 channels
2026-06-29 20:28:28  INFO      main  [ShoqPK] Found 0 channels
2026-06-29 20:28:29  INFO      main  [Tamasha] Found 0 channels
2026-06-29 20:28:29  INFO      main  Total unique channels after merge: 0
2026-06-29 20:28:29  INFO      main  Validating 0 channels…
2026-06-29 20:28:29  INFO      main  Validation complete: 0 live, 0 dead (removed)
2026-06-29 20:28:29  INFO      main  Diff → +0 new, -0 removed
2026-06-29 20:28:29  INFO      main  Saved 0 channels → output/
2026-06-29 20:28:29  INFO      main  Scrape cycle complete.
2026-06-29 21:55:01  INFO      main  ============================================================
2026-06-29 21:55:01  INFO      main  Scrape cycle started at 2026-06-29 21:55:01
2026-06-29 21:55:01  INFO      main  [Tamasha] Starting scrape…
2026-06-29 21:55:01  INFO      main  [Tapmad] Starting scrape…
2026-06-29 21:55:01  INFO      main  [MyCo] Starting scrape…
2026-06-29 21:55:01  INFO      main  [ShoqPK] Starting scrape…
2026-06-29 21:55:01  INFO      main  [MyCo] Found 0 channels
2026-06-29 21:55:01  INFO      main  [Tapmad] Found 0 channels
2026-06-29 21:55:01  INFO      main  [Tamasha] Found 0 channels
2026-06-29 21:55:01  INFO      main  [ShoqPK] Found 0 channels
2026-06-29 21:55:01  INFO      main  Total unique channels after merge: 0
2026-06-29 21:55:01  INFO      main  Validating 0 channels…
2026-06-29 21:55:01  INFO      main  Validation complete: 0 live, 0 dead (removed)
2026-06-29 21:55:01  INFO      main  Diff → +0 new, -0 removed
2026-06-29 21:55:01  INFO      main  Saved 0 channels → output/
2026-06-29 21:55:01  INFO      main  Scrape cycle complete.
2026-06-29 23:01:03  INFO      main  ============================================================
2026-06-29 23:01:03  INFO      main  Scrape cycle started at 2026-06-29 23:01:03
2026-06-29 23:01:03  INFO      main  [Tamasha] Starting scrape…
2026-06-29 23:01:03  INFO      main  [Tapmad] Starting scrape…
2026-06-29 23:01:03  INFO      main  [MyCo] Starting scrape…
2026-06-29 23:01:03  INFO      main  [ShoqPK] Starting scrape…
2026-06-29 23:01:03  INFO      main  [Tapmad] Found 0 channels
2026-06-29 23:01:03  INFO      main  [MyCo] Found 0 channels
2026-06-29 23:01:03  INFO      main  [ShoqPK] Found 0 channels
2026-06-29 23:01:03  INFO      main  [Tamasha] Found 0 channels
2026-06-29 23:01:03  INFO      main  Total unique channels after merge: 0
2026-06-29 23:01:03  INFO      main  Validating 0 channels…
2026-06-29 23:01:03  INFO      main  Validation complete: 0 live, 0 dead (removed)
2026-06-29 23:01:03  INFO      main  Diff → +0 new, -0 removed
2026-06-29 23:01:03  INFO      main  Saved 0 channels → output/
2026-06-29 23:01:03  INFO      main  Scrape cycle complete.
2026-06-30 01:30:32  INFO      main  ============================================================
2026-06-30 01:30:32  INFO      main  Scrape cycle started at 2026-06-30 01:30:32
2026-06-30 01:30:32  INFO      main  [Tamasha] Starting scrape…
2026-06-30 01:30:32  INFO      main  [Tapmad] Starting scrape…
2026-06-30 01:30:32  INFO      main  [MyCo] Starting scrape…
2026-06-30 01:30:32  INFO      main  [ShoqPK] Starting scrape…
2026-06-30 01:30:32  INFO      main  [Tapmad] Found 0 channels
2026-06-30 01:30:33  INFO      main  [MyCo] Found 0 channels
2026-06-30 01:30:33  INFO      main  [Tamasha] Found 0 channels
2026-06-30 01:30:33  INFO      main  [ShoqPK] Found 0 channels
2026-06-30 01:30:33  INFO      main  Total unique channels after merge: 0
2026-06-30 01:30:33  INFO      main  Validating 0 channels…
2026-06-30 01:30:33  INFO      main  Validation complete: 0 live, 0 dead (removed)
2026-06-30 01:30:33  INFO      main  Diff → +0 new, -0 removed
2026-06-30 01:30:33  INFO      main  Saved 0 channels → output/
2026-06-30 01:30:33  INFO      main  Scrape cycle complete.
2026-06-30 06:14:46  INFO      main  ============================================================
2026-06-30 06:14:46  INFO      main  Scrape cycle started at 2026-06-30 06:14:46
2026-06-30 06:14:46  INFO      main  [Tamasha] Starting scrape…
2026-06-30 06:14:46  INFO      main  [Tapmad] Starting scrape…
2026-06-30 06:14:46  INFO      main  [MyCo] Starting scrape…
2026-06-30 06:14:46  INFO      main  [ShoqPK] Starting scrape…
2026-06-30 06:14:46  INFO      main  [Tapmad] Found 0 channels
2026-06-30 06:14:46  INFO      main  [Tamasha] Found 0 channels
2026-06-30 06:14:46  INFO      main  [MyCo] Found 0 channels
2026-06-30 06:14:47  INFO      main  [ShoqPK] Found 0 channels
2026-06-30 06:14:47  INFO      main  Total unique channels after merge: 0
2026-06-30 06:14:47  INFO      main  Validating 0 channels…
2026-06-30 06:14:47  INFO      main  Validation complete: 0 live, 0 dead (removed)
2026-06-30 06:14:47  INFO      main  Diff → +0 new, -0 removed
2026-06-30 06:14:47  INFO      main  Saved 0 channels → output/
2026-06-30 06:14:47  INFO      main  Scrape cycle complete.
2026-06-30 10:07:12  INFO      main  ============================================================
2026-06-30 10:07:12  INFO      main  Scrape cycle started at 2026-06-30 10:07:12
2026-06-30 10:07:12  INFO      main  [Tamasha] Starting scrape…
2026-06-30 10:07:12  INFO      main  [Tapmad] Starting scrape…
2026-06-30 10:07:12  INFO      main  [MyCo] Starting scrape…
2026-06-30 10:07:12  INFO      main  [ShoqPK] Starting scrape…
2026-06-30 10:07:12  INFO      main  [Tapmad] Found 0 channels
2026-06-30 10:07:12  INFO      main  [MyCo] Found 0 channels
2026-06-30 10:07:12  INFO      main  [ShoqPK] Found 0 channels
2026-06-30 10:07:12  INFO      main  [Tamasha] Found 0 channels
2026-06-30 10:07:12  INFO      main  Total unique channels after merge: 0
2026-06-30 10:07:12  INFO      main  Validating 0 channels…
2026-06-30 10:07:12  INFO      main  Validation complete: 0 live, 0 dead (removed)
2026-06-30 10:07:12  INFO      main  Diff → +0 new, -0 removed
2026-06-30 10:07:12  INFO      main  Saved 0 channels → output/
2026-06-30 10:07:12  INFO      main  Scrape cycle complete.
2026-06-30 12:29:06  INFO      main  ============================================================
2026-06-30 12:29:06  INFO      main  Scrape cycle started at 2026-06-30 12:29:06
2026-06-30 12:29:06  INFO      main  [Tamasha] Starting scrape…
2026-06-30 12:29:06  INFO      main  [Tapmad] Starting scrape…
2026-06-30 12:29:06  INFO      main  [MyCo] Starting scrape…
2026-06-30 12:29:06  INFO      main  [ShoqPK] Starting scrape…
2026-06-30 12:29:06  INFO      main  [MyCo] Found 0 channels
2026-06-30 12:29:06  INFO      main  [Tapmad] Found 0 channels
2026-06-30 12:29:06  INFO      main  [ShoqPK] Found 0 channels
2026-06-30 12:29:07  INFO      main  [Tamasha] Found 0 channels
2026-06-30 12:29:07  INFO      main  Total unique channels after merge: 0
2026-06-30 12:29:07  INFO      main  Validating 0 channels…
2026-06-30 12:29:07  INFO      main  Validation complete: 0 live, 0 dead (removed)
2026-06-30 12:29:07  INFO      main  Diff → +0 new, -0 removed
2026-06-30 12:29:07  INFO      main  Saved 0 channels → output/
2026-06-30 12:29:07  INFO      main  Scrape cycle complete.
2026-06-30 15:14:51  INFO      main  ============================================================
2026-06-30 15:14:51  INFO      main  Scrape cycle started at 2026-06-30 15:14:51
2026-06-30 15:14:51  INFO      main  [Tamasha] Starting scrape…
2026-06-30 15:14:51  INFO      main  [Tapmad] Starting scrape…
2026-06-30 15:14:51  INFO      main  [MyCo] Starting scrape…
2026-06-30 15:14:51  INFO      main  [ShoqPK] Starting scrape…
2026-06-30 15:14:51  INFO      main  [Tapmad] Found 0 channels
2026-06-30 15:14:51  INFO      main  [Tamasha] Found 0 channels
2026-06-30 15:14:51  INFO      main  [MyCo] Found 0 channels
2026-06-30 15:14:51  INFO      main  [ShoqPK] Found 0 channels
2026-06-30 15:14:51  INFO      main  Total unique channels after merge: 0
2026-06-30 15:14:51  INFO      main  Validating 0 channels…
2026-06-30 15:14:51  INFO      main  Validation complete: 0 live, 0 dead (removed)
2026-06-30 15:14:51  INFO      main  Diff → +0 new, -0 removed
2026-06-30 15:14:51  INFO      main  Saved 0 channels → output/
2026-06-30 15:14:51  INFO      main  Scrape cycle complete.
2026-06-30 17:23:42  INFO      main  ============================================================
2026-06-30 17:23:42  INFO      main  Scrape cycle started at 2026-06-30 17:23:42
2026-06-30 17:23:42  INFO      main  [Tamasha] Starting scrape…
2026-06-30 17:23:42  INFO      main  [Tapmad] Starting scrape…
2026-06-30 17:23:42  INFO      main  [MyCo] Starting scrape…
2026-06-30 17:23:42  INFO      main  [ShoqPK] Starting scrape…
2026-06-30 17:23:42  INFO      main  [Tapmad] Found 0 channels
2026-06-30 17:23:42  INFO      main  [MyCo] Found 0 channels
2026-06-30 17:23:42  INFO      main  [ShoqPK] Found 0 channels
2026-06-30 17:23:42  INFO      main  [Tamasha] Found 0 channels
2026-06-30 17:23:42  INFO      main  Total unique channels after merge: 0
2026-06-30 17:23:42  INFO      main  Validating 0 channels…
2026-06-30 17:23:42  INFO      main  Validation complete: 0 live, 0 dead (removed)
2026-06-30 17:23:42  INFO      main  Diff → +0 new, -0 removed
2026-06-30 17:23:42  INFO      main  Saved 0 channels → output/
2026-06-30 17:23:42  INFO      main  Scrape cycle complete.
2026-06-30 19:19:24  INFO      main  ============================================================
2026-06-30 19:19:24  INFO      main  Scrape cycle started at 2026-06-30 19:19:24
2026-06-30 19:19:24  INFO      main  [Tamasha] Starting scrape…
2026-06-30 19:19:24  INFO      main  [Tapmad] Starting scrape…
2026-06-30 19:19:24  INFO      main  [MyCo] Starting scrape…
2026-06-30 19:19:24  INFO      main  [ShoqPK] Starting scrape…
2026-06-30 19:19:25  INFO      main  [Tapmad] Found 0 channels
2026-06-30 19:19:25  INFO      main  [MyCo] Found 0 channels
2026-06-30 19:19:25  INFO      main  [ShoqPK] Found 0 channels
2026-06-30 19:19:25  INFO      main  [Tamasha] Found 0 channels
2026-06-30 19:19:25  INFO      main  Total unique channels after merge: 0
2026-06-30 19:19:25  INFO      main  Validating 0 channels…
2026-06-30 19:19:25  INFO      main  Validation complete: 0 live, 0 dead (removed)
2026-06-30 19:19:25  INFO      main  Diff → +0 new, -0 removed
2026-06-30 19:19:25  INFO      main  Saved 0 channels → output/
2026-06-30 19:19:25  INFO      main  Scrape cycle complete.
2026-06-30 21:14:41  INFO      main  ============================================================
2026-06-30 21:14:41  INFO      main  Scrape cycle started at 2026-06-30 21:14:41
2026-06-30 21:14:41  INFO      main  [Tamasha] Starting scrape…
2026-06-30 21:14:41  INFO      main  [Tapmad] Starting scrape…
2026-06-30 21:14:41  INFO      main  [MyCo] Starting scrape…
2026-06-30 21:14:41  INFO      main  [ShoqPK] Starting scrape…
2026-06-30 21:14:41  INFO      main  [Tapmad] Found 0 channels
2026-06-30 21:14:41  INFO      main  [Tamasha] Found 0 channels
2026-06-30 21:14:41  INFO      main  [MyCo] Found 0 channels
2026-06-30 21:14:41  INFO      main  [ShoqPK] Found 0 channels
2026-06-30 21:14:41  INFO      main  Total unique channels after merge: 0
2026-06-30 21:14:41  INFO      main  Validating 0 channels…
2026-06-30 21:14:41  INFO      main  Validation complete: 0 live, 0 dead (removed)
2026-06-30 21:14:41  INFO      main  Diff → +0 new, -0 removed
2026-06-30 21:14:41  INFO      main  Saved 0 channels → output/
2026-06-30 21:14:41  INFO      main  Scrape cycle complete.
2026-06-30 22:50:21  INFO      main  ============================================================
2026-06-30 22:50:21  INFO      main  Scrape cycle started at 2026-06-30 22:50:21
2026-06-30 22:50:21  INFO      main  [Tamasha] Starting scrape…
2026-06-30 22:50:21  INFO      main  [Tapmad] Starting scrape…
2026-06-30 22:50:21  INFO      main  [MyCo] Starting scrape…
2026-06-30 22:50:21  INFO      main  [ShoqPK] Starting scrape…
2026-06-30 22:50:21  INFO      main  [Tapmad] Found 0 channels
2026-06-30 22:50:21  INFO      main  [MyCo] Found 0 channels
2026-06-30 22:50:21  INFO      main  [Tamasha] Found 0 channels
2026-06-30 22:50:21  INFO      main  [ShoqPK] Found 0 channels
2026-06-30 22:50:21  INFO      main  Total unique channels after merge: 0
2026-06-30 22:50:21  INFO      main  Validating 0 channels…
2026-06-30 22:50:21  INFO      main  Validation complete: 0 live, 0 dead (removed)
2026-06-30 22:50:21  INFO      main  Diff → +0 new, -0 removed
2026-06-30 22:50:21  INFO      main  Saved 0 channels → output/
2026-06-30 22:50:21  INFO      main  Scrape cycle complete.
2026-07-01 00:07:12  INFO      main  ============================================================
2026-07-01 00:07:12  INFO      main  Scrape cycle started at 2026-07-01 00:07:12
2026-07-01 00:07:12  INFO      main  [Tamasha] Starting scrape…
2026-07-01 00:07:12  INFO      main  [Tapmad] Starting scrape…
2026-07-01 00:07:12  INFO      main  [MyCo] Starting scrape…
2026-07-01 00:07:12  INFO      main  [ShoqPK] Starting scrape…
2026-07-01 00:07:12  INFO      main  [MyCo] Found 0 channels
2026-07-01 00:07:12  INFO      main  [Tapmad] Found 0 channels
2026-07-01 00:07:12  INFO      main  [ShoqPK] Found 0 channels
2026-07-01 00:07:12  INFO      main  [Tamasha] Found 0 channels
2026-07-01 00:07:12  INFO      main  Total unique channels after merge: 0
2026-07-01 00:07:12  INFO      main  Validating 0 channels…
2026-07-01 00:07:12  INFO      main  Validation complete: 0 live, 0 dead (removed)
2026-07-01 00:07:12  INFO      main  Diff → +0 new, -0 removed
2026-07-01 00:07:12  INFO      main  Saved 0 channels → output/
2026-07-01 00:07:12  INFO      main  Scrape cycle complete.
2026-07-01 05:06:29  INFO      main  ============================================================
2026-07-01 05:06:29  INFO      main  Scrape cycle started at 2026-07-01 05:06:29
2026-07-01 05:06:29  INFO      main  [Tamasha] Starting scrape…
2026-07-01 05:06:29  INFO      main  [Tapmad] Starting scrape…
2026-07-01 05:06:29  INFO      main  [MyCo] Starting scrape…
2026-07-01 05:06:29  INFO      main  [ShoqPK] Starting scrape…
2026-07-01 05:06:29  INFO      main  [MyCo] Found 0 channels
2026-07-01 05:06:29  INFO      main  [Tapmad] Found 0 channels
2026-07-01 05:06:30  INFO      main  [ShoqPK] Found 0 channels
2026-07-01 05:06:30  INFO      main  [Tamasha] Found 0 channels
2026-07-01 05:06:30  INFO      main  Total unique channels after merge: 0
2026-07-01 05:06:30  INFO      main  Validating 0 channels…
2026-07-01 05:06:30  INFO      main  Validation complete: 0 live, 0 dead (removed)
2026-07-01 05:06:30  INFO      main  Diff → +0 new, -0 removed
2026-07-01 05:06:30  INFO      main  Saved 0 channels → output/
2026-07-01 05:06:30  INFO      main  Scrape cycle complete.
2026-07-01 08:58:49  INFO      main  ============================================================
2026-07-01 08:58:49  INFO      main  Scrape cycle started at 2026-07-01 08:58:49
2026-07-01 08:58:49  INFO      main  [Tamasha] Starting scrape…
2026-07-01 08:58:49  INFO      main  [Tapmad] Starting scrape…
2026-07-01 08:58:49  INFO      main  [MyCo] Starting scrape…
2026-07-01 08:58:49  INFO      main  [ShoqPK] Starting scrape…
2026-07-01 08:58:49  INFO      main  [Tapmad] Found 0 channels
2026-07-01 08:58:49  INFO      main  [MyCo] Found 0 channels
2026-07-01 08:58:49  INFO      main  [ShoqPK] Found 0 channels
2026-07-01 08:58:49  INFO      main  [Tamasha] Found 0 channels
2026-07-01 08:58:49  INFO      main  Total unique channels after merge: 0
2026-07-01 08:58:49  INFO      main  Validating 0 channels…
2026-07-01 08:58:49  INFO      main  Validation complete: 0 live, 0 dead (removed)
2026-07-01 08:58:49  INFO      main  Diff → +0 new, -0 removed
2026-07-01 08:58:49  INFO      main  Saved 0 channels → output/
2026-07-01 08:58:49  INFO      main  Scrape cycle complete.
2026-07-01 12:14:39  INFO      main  ============================================================
2026-07-01 12:14:39  INFO      main  Scrape cycle started at 2026-07-01 12:14:39
2026-07-01 12:14:39  INFO      main  [Tamasha] Starting scrape…
2026-07-01 12:14:39  INFO      main  [Tapmad] Starting scrape…
2026-07-01 12:14:39  INFO      main  [MyCo] Starting scrape…
2026-07-01 12:14:39  INFO      main  [ShoqPK] Starting scrape…
2026-07-01 12:14:39  INFO      main  [Tapmad] Found 0 channels
2026-07-01 12:14:39  INFO      main  [MyCo] Found 0 channels
2026-07-01 12:14:40  INFO      main  [ShoqPK] Found 0 channels
2026-07-01 12:14:40  INFO      main  [Tamasha] Found 0 channels
2026-07-01 12:14:40  INFO      main  Total unique channels after merge: 0
2026-07-01 12:14:40  INFO      main  Validating 0 channels…
2026-07-01 12:14:40  INFO      main  Validation complete: 0 live, 0 dead (removed)
2026-07-01 12:14:40  INFO      main  Diff → +0 new, -0 removed
2026-07-01 12:14:40  INFO      main  Saved 0 channels → output/
2026-07-01 12:14:40  INFO      main  Scrape cycle complete.
2026-07-01 15:19:46  INFO      main  ============================================================
2026-07-01 15:19:46  INFO      main  Scrape cycle started at 2026-07-01 15:19:46
2026-07-01 15:19:46  INFO      main  [Tamasha] Starting scrape…
2026-07-01 15:19:46  INFO      main  [Tapmad] Starting scrape…
2026-07-01 15:19:46  INFO      main  [MyCo] Starting scrape…
2026-07-01 15:19:46  INFO      main  [ShoqPK] Starting scrape…
2026-07-01 15:19:46  INFO      main  [Tapmad] Found 0 channels
2026-07-01 15:19:46  INFO      main  [MyCo] Found 0 channels
2026-07-01 15:19:46  INFO      main  [ShoqPK] Found 0 channels
2026-07-01 15:19:46  INFO      main  [Tamasha] Found 0 channels
2026-07-01 15:19:46  INFO      main  Total unique channels after merge: 0
2026-07-01 15:19:46  INFO      main  Validating 0 channels…
2026-07-01 15:19:46  INFO      main  Validation complete: 0 live, 0 dead (removed)
2026-07-01 15:19:46  INFO      main  Diff → +0 new, -0 removed
2026-07-01 15:19:46  INFO      main  Saved 0 channels → output/
2026-07-01 15:19:46  INFO      main  Scrape cycle complete.
2026-07-01 17:28:45  INFO      main  ============================================================
2026-07-01 17:28:45  INFO      main  Scrape cycle started at 2026-07-01 17:28:45
2026-07-01 17:28:45  INFO      main  [Tamasha] Starting scrape…
2026-07-01 17:28:45  INFO      main  [Tapmad] Starting scrape…
2026-07-01 17:28:45  INFO      main  [MyCo] Starting scrape…
2026-07-01 17:28:45  INFO      main  [ShoqPK] Starting scrape…
2026-07-01 17:28:45  INFO      main  [Tapmad] Found 0 channels
2026-07-01 17:28:46  INFO      main  [MyCo] Found 0 channels
2026-07-01 17:28:46  INFO      main  [ShoqPK] Found 0 channels
2026-07-01 17:28:46  INFO      main  [Tamasha] Found 0 channels
2026-07-01 17:28:46  INFO      main  Total unique channels after merge: 0
2026-07-01 17:28:46  INFO      main  Validating 0 channels…
2026-07-01 17:28:46  INFO      main  Validation complete: 0 live, 0 dead (removed)
2026-07-01 17:28:46  INFO      main  Diff → +0 new, -0 removed
2026-07-01 17:28:46  INFO      main  Saved 0 channels → output/
2026-07-01 17:28:46  INFO      main  Scrape cycle complete.
2026-07-01 19:20:12  INFO      main  ============================================================
2026-07-01 19:20:12  INFO      main  Scrape cycle started at 2026-07-01 19:20:12
2026-07-01 19:20:12  INFO      main  [Tamasha] Starting scrape…
2026-07-01 19:20:12  INFO      main  [Tapmad] Starting scrape…
2026-07-01 19:20:12  INFO      main  [MyCo] Starting scrape…
2026-07-01 19:20:12  INFO      main  [ShoqPK] Starting scrape…
2026-07-01 19:20:12  INFO      main  [MyCo] Found 0 channels
2026-07-01 19:20:12  INFO      main  [Tapmad] Found 0 channels
2026-07-01 19:20:12  INFO      main  [ShoqPK] Found 0 channels
2026-07-01 19:20:13  INFO      main  [Tamasha] Found 0 channels
2026-07-01 19:20:13  INFO      main  Total unique channels after merge: 0
2026-07-01 19:20:13  INFO      main  Validating 0 channels…
2026-07-01 19:20:13  INFO      main  Validation complete: 0 live, 0 dead (removed)
2026-07-01 19:20:13  INFO      main  Diff → +0 new, -0 removed
2026-07-01 19:20:13  INFO      main  Saved 0 channels → output/
2026-07-01 19:20:13  INFO      main  Scrape cycle complete.
2026-07-01 21:07:09  INFO      main  ============================================================
2026-07-01 21:07:09  INFO      main  Scrape cycle started at 2026-07-01 21:07:09
2026-07-01 21:07:09  INFO      main  [Tamasha] Starting scrape…
2026-07-01 21:07:09  INFO      main  [Tapmad] Starting scrape…
2026-07-01 21:07:09  INFO      main  [MyCo] Starting scrape…
2026-07-01 21:07:09  INFO      main  [ShoqPK] Starting scrape…
2026-07-01 21:07:09  INFO      main  [Tapmad] Found 0 channels
2026-07-01 21:07:09  INFO      main  [MyCo] Found 0 channels
2026-07-01 21:07:09  INFO      main  [ShoqPK] Found 0 channels
2026-07-01 21:07:09  INFO      main  [Tamasha] Found 0 channels
2026-07-01 21:07:09  INFO      main  Total unique channels after merge: 0
2026-07-01 21:07:09  INFO      main  Validating 0 channels…
2026-07-01 21:07:09  INFO      main  Validation complete: 0 live, 0 dead (removed)
2026-07-01 21:07:09  INFO      main  Diff → +0 new, -0 removed
2026-07-01 21:07:09  INFO      main  Saved 0 channels → output/
2026-07-01 21:07:09  INFO      main  Scrape cycle complete.
2026-07-01 22:47:39  INFO      main  ============================================================
2026-07-01 22:47:39  INFO      main  Scrape cycle started at 2026-07-01 22:47:39
2026-07-01 22:47:39  INFO      main  [Tamasha] Starting scrape…
2026-07-01 22:47:39  INFO      main  [Tapmad] Starting scrape…
2026-07-01 22:47:39  INFO      main  [MyCo] Starting scrape…
2026-07-01 22:47:39  INFO      main  [ShoqPK] Starting scrape…
2026-07-01 22:47:39  INFO      main  [Tapmad] Found 0 channels
2026-07-01 22:47:39  INFO      main  [MyCo] Found 0 channels
2026-07-01 22:47:40  INFO      main  [ShoqPK] Found 0 channels
2026-07-01 22:47:40  INFO      main  [Tamasha] Found 0 channels
2026-07-01 22:47:40  INFO      main  Total unique channels after merge: 0
2026-07-01 22:47:40  INFO      main  Validating 0 channels…
2026-07-01 22:47:40  INFO      main  Validation complete: 0 live, 0 dead (removed)
2026-07-01 22:47:40  INFO      main  Diff → +0 new, -0 removed
2026-07-01 22:47:40  INFO      main  Saved 0 channels → output/
2026-07-01 22:47:40  INFO      main  Scrape cycle complete.
2026-07-02 00:10:21  INFO      main  ============================================================
2026-07-02 00:10:21  INFO      main  Scrape cycle started at 2026-07-02 00:10:21
2026-07-02 00:10:21  INFO      main  [Tamasha] Starting scrape…
2026-07-02 00:10:21  INFO      main  [Tapmad] Starting scrape…
2026-07-02 00:10:21  INFO      main  [MyCo] Starting scrape…
2026-07-02 00:10:21  INFO      main  [ShoqPK] Starting scrape…
2026-07-02 00:10:21  INFO      main  [Tapmad] Found 0 channels
2026-07-02 00:10:21  INFO      main  [MyCo] Found 0 channels
2026-07-02 00:10:21  INFO      main  [Tamasha] Found 0 channels
2026-07-02 00:10:21  INFO      main  [ShoqPK] Found 0 channels
2026-07-02 00:10:21  INFO      main  Total unique channels after merge: 0
2026-07-02 00:10:21  INFO      main  Validating 0 channels…
2026-07-02 00:10:21  INFO      main  Validation complete: 0 live, 0 dead (removed)
2026-07-02 00:10:21  INFO      main  Diff → +0 new, -0 removed
2026-07-02 00:10:21  INFO      main  Saved 0 channels → output/
2026-07-02 00:10:21  INFO      main  Scrape cycle complete.
2026-07-02 04:40:57  INFO      main  ============================================================
2026-07-02 04:40:57  INFO      main  Scrape cycle started at 2026-07-02 04:40:57
2026-07-02 04:40:57  INFO      main  [Tamasha] Starting scrape…
2026-07-02 04:40:57  INFO      main  [Tapmad] Starting scrape…
2026-07-02 04:40:57  INFO      main  [MyCo] Starting scrape…
2026-07-02 04:40:57  INFO      main  [ShoqPK] Starting scrape…
2026-07-02 04:40:57  INFO      main  [Tapmad] Found 0 channels
2026-07-02 04:40:57  INFO      main  [Tamasha] Found 0 channels
2026-07-02 04:40:57  INFO      main  [MyCo] Found 0 channels
2026-07-02 04:40:57  INFO      main  [ShoqPK] Found 0 channels
2026-07-02 04:40:57  INFO      main  Total unique channels after merge: 0
2026-07-02 04:40:57  INFO      main  Validating 0 channels…
2026-07-02 04:40:57  INFO      main  Validation complete: 0 live, 0 dead (removed)
2026-07-02 04:40:57  INFO      main  Diff → +0 new, -0 removed
2026-07-02 04:40:57  INFO      main  Saved 0 channels → output/
2026-07-02 04:40:57  INFO      main  Scrape cycle complete.
2026-07-02 08:12:36  INFO      main  ============================================================
2026-07-02 08:12:36  INFO      main  Scrape cycle started at 2026-07-02 08:12:36
2026-07-02 08:12:36  INFO      main  [Tamasha] Starting scrape…
2026-07-02 08:12:36  INFO      main  [Tapmad] Starting scrape…
2026-07-02 08:12:36  INFO      main  [MyCo] Starting scrape…
2026-07-02 08:12:36  INFO      main  [ShoqPK] Starting scrape…
2026-07-02 08:12:36  INFO      main  [MyCo] Found 0 channels
2026-07-02 08:12:36  INFO      main  [Tapmad] Found 0 channels
2026-07-02 08:12:37  INFO      main  [ShoqPK] Found 0 channels
2026-07-02 08:12:37  INFO      main  [Tamasha] Found 0 channels
2026-07-02 08:12:37  INFO      main  Total unique channels after merge: 0
2026-07-02 08:12:37  INFO      main  Validating 0 channels…
2026-07-02 08:12:37  INFO      main  Validation complete: 0 live, 0 dead (removed)
2026-07-02 08:12:37  INFO      main  Diff → +0 new, -0 removed
2026-07-02 08:12:37  INFO      main  Saved 0 channels → output/
2026-07-02 08:12:37  INFO      main  Scrape cycle complete.
2026-07-02 11:07:42  INFO      main  ============================================================
2026-07-02 11:07:42  INFO      main  Scrape cycle started at 2026-07-02 11:07:42
2026-07-02 11:07:42  INFO      main  [Tamasha] Starting scrape…
2026-07-02 11:07:42  INFO      main  [Tapmad] Starting scrape…
2026-07-02 11:07:42  INFO      main  [MyCo] Starting scrape…
2026-07-02 11:07:42  INFO      main  [ShoqPK] Starting scrape…
2026-07-02 11:07:42  INFO      main  [MyCo] Found 0 channels
2026-07-02 11:07:42  INFO      main  [Tapmad] Found 0 channels
2026-07-02 11:07:43  INFO      main  [ShoqPK] Found 0 channels
2026-07-02 11:07:43  INFO      main  [Tamasha] Found 0 channels
2026-07-02 11:07:43  INFO      main  Total unique channels after merge: 0
2026-07-02 11:07:43  INFO      main  Validating 0 channels…
2026-07-02 11:07:43  INFO      main  Validation complete: 0 live, 0 dead (removed)
2026-07-02 11:07:43  INFO      main  Diff → +0 new, -0 removed
2026-07-02 11:07:43  INFO      main  Saved 0 channels → output/
2026-07-02 11:07:43  INFO      main  Scrape cycle complete.
2026-07-02 13:17:36  INFO      main  ============================================================
2026-07-02 13:17:36  INFO      main  Scrape cycle started at 2026-07-02 13:17:36
2026-07-02 13:17:36  INFO      main  [Tamasha] Starting scrape…
2026-07-02 13:17:36  INFO      main  [Tapmad] Starting scrape…
2026-07-02 13:17:36  INFO      main  [MyCo] Starting scrape…
2026-07-02 13:17:36  INFO      main  [ShoqPK] Starting scrape…
2026-07-02 13:17:36  INFO      main  [MyCo] Found 0 channels
2026-07-02 13:17:36  INFO      main  [Tapmad] Found 0 channels
2026-07-02 13:17:36  INFO      main  [ShoqPK] Found 0 channels
2026-07-02 13:17:36  INFO      main  [Tamasha] Found 0 channels
2026-07-02 13:17:36  INFO      main  Total unique channels after merge: 0
2026-07-02 13:17:36  INFO      main  Validating 0 channels…
2026-07-02 13:17:36  INFO      main  Validation complete: 0 live, 0 dead (removed)
2026-07-02 13:17:36  INFO      main  Diff → +0 new, -0 removed
2026-07-02 13:17:36  INFO      main  Saved 0 channels → output/
2026-07-02 13:17:36  INFO      main  Scrape cycle complete.
2026-07-02 15:41:30  INFO      main  ============================================================
2026-07-02 15:41:30  INFO      main  Scrape cycle started at 2026-07-02 15:41:30
2026-07-02 15:41:30  INFO      main  [Tamasha] Starting scrape…
2026-07-02 15:41:30  INFO      main  [Tapmad] Starting scrape…
2026-07-02 15:41:30  INFO      main  [MyCo] Starting scrape…
2026-07-02 15:41:30  INFO      main  [ShoqPK] Starting scrape…
2026-07-02 15:41:30  INFO      main  [MyCo] Found 0 channels
2026-07-02 15:41:30  INFO      main  [Tapmad] Found 0 channels
2026-07-02 15:41:30  INFO      main  [ShoqPK] Found 0 channels
2026-07-02 15:41:30  INFO      main  [Tamasha] Found 0 channels
2026-07-02 15:41:30  INFO      main  Total unique channels after merge: 0
2026-07-02 15:41:30  INFO      main  Validating 0 channels…
2026-07-02 15:41:30  INFO      main  Validation complete: 0 live, 0 dead (removed)
2026-07-02 15:41:30  INFO      main  Diff → +0 new, -0 removed
2026-07-02 15:41:30  INFO      main  Saved 0 channels → output/
2026-07-02 15:41:30  INFO      main  Scrape cycle complete.
2026-07-02 17:50:46  INFO      main  ============================================================
2026-07-02 17:50:46  INFO      main  Scrape cycle started at 2026-07-02 17:50:46
2026-07-02 17:50:46  INFO      main  [Tamasha] Starting scrape…
2026-07-02 17:50:46  INFO      main  [Tapmad] Starting scrape…
2026-07-02 17:50:46  INFO      main  [MyCo] Starting scrape…
2026-07-02 17:50:46  INFO      main  [ShoqPK] Starting scrape…
2026-07-02 17:50:46  INFO      main  [MyCo] Found 0 channels
2026-07-02 17:50:46  INFO      main  [Tapmad] Found 0 channels
2026-07-02 17:50:47  INFO      main  [ShoqPK] Found 0 channels
2026-07-02 17:50:47  INFO      main  [Tamasha] Found 0 channels
2026-07-02 17:50:47  INFO      main  Total unique channels after merge: 0
2026-07-02 17:50:47  INFO      main  Validating 0 channels…
2026-07-02 17:50:47  INFO      main  Validation complete: 0 live, 0 dead (removed)
2026-07-02 17:50:47  INFO      main  Diff → +0 new, -0 removed
2026-07-02 17:50:47  INFO      main  Saved 0 channels → output/
2026-07-02 17:50:47  INFO      main  Scrape cycle complete.
2026-07-02 19:27:19  INFO      main  ============================================================
2026-07-02 19:27:19  INFO      main  Scrape cycle started at 2026-07-02 19:27:19
2026-07-02 19:27:19  INFO      main  [Tamasha] Starting scrape…
2026-07-02 19:27:19  INFO      main  [Tapmad] Starting scrape…
2026-07-02 19:27:19  INFO      main  [MyCo] Starting scrape…
2026-07-02 19:27:19  INFO      main  [ShoqPK] Starting scrape…
2026-07-02 19:27:19  INFO      main  [MyCo] Found 0 channels
2026-07-02 19:27:19  INFO      main  [Tapmad] Found 0 channels
2026-07-02 19:27:19  INFO      main  [ShoqPK] Found 0 channels
2026-07-02 19:27:19  INFO      main  [Tamasha] Found 0 channels
2026-07-02 19:27:19  INFO      main  Total unique channels after merge: 0
2026-07-02 19:27:19  INFO      main  Validating 0 channels…
2026-07-02 19:27:19  INFO      main  Validation complete: 0 live, 0 dead (removed)
2026-07-02 19:27:19  INFO      main  Diff → +0 new, -0 removed
2026-07-02 19:27:19  INFO      main  Saved 0 channels → output/
2026-07-02 19:27:19  INFO      main  Scrape cycle complete.
2026-07-02 20:42:50  INFO      main  ============================================================
2026-07-02 20:42:50  INFO      main  Scrape cycle started at 2026-07-02 20:42:50
2026-07-02 20:42:50  INFO      main  [Tamasha] Starting scrape…
2026-07-02 20:42:50  INFO      main  [Tapmad] Starting scrape…
2026-07-02 20:42:50  INFO      main  [MyCo] Starting scrape…
2026-07-02 20:42:50  INFO      main  [ShoqPK] Starting scrape…
2026-07-02 20:42:50  INFO      main  [MyCo] Found 0 channels
2026-07-02 20:42:50  INFO      main  [Tapmad] Found 0 channels
2026-07-02 20:42:51  INFO      main  [Tamasha] Found 0 channels
2026-07-02 20:42:51  INFO      main  [ShoqPK] Found 0 channels
2026-07-02 20:42:51  INFO      main  Total unique channels after merge: 0
2026-07-02 20:42:51  INFO      main  Validating 0 channels…
2026-07-02 20:42:51  INFO      main  Validation complete: 0 live, 0 dead (removed)
2026-07-02 20:42:51  INFO      main  Diff → +0 new, -0 removed
2026-07-02 20:42:51  INFO      main  Saved 0 channels → output/
2026-07-02 20:42:51  INFO      main  Scrape cycle complete.
2026-07-02 22:09:21  INFO      main  ============================================================
2026-07-02 22:09:21  INFO      main  Scrape cycle started at 2026-07-02 22:09:21
2026-07-02 22:09:21  INFO      main  [Tamasha] Starting scrape…
2026-07-02 22:09:21  INFO      main  [Tapmad] Starting scrape…
2026-07-02 22:09:21  INFO      main  [MyCo] Starting scrape…
2026-07-02 22:09:21  INFO      main  [ShoqPK] Starting scrape…
2026-07-02 22:09:21  INFO      main  [MyCo] Found 0 channels
2026-07-02 22:09:22  INFO      main  [Tapmad] Found 0 channels
2026-07-02 22:09:22  INFO      main  [ShoqPK] Found 0 channels
2026-07-02 22:09:22  INFO      main  [Tamasha] Found 0 channels
2026-07-02 22:09:22  INFO      main  Total unique channels after merge: 0
2026-07-02 22:09:22  INFO      main  Validating 0 channels…
2026-07-02 22:09:22  INFO      main  Validation complete: 0 live, 0 dead (removed)
2026-07-02 22:09:22  INFO      main  Diff → +0 new, -0 removed
2026-07-02 22:09:22  INFO      main  Saved 0 channels → output/
2026-07-02 22:09:22  INFO      main  Scrape cycle complete.
2026-07-02 23:38:49  INFO      main  ============================================================
2026-07-02 23:38:49  INFO      main  Scrape cycle started at 2026-07-02 23:38:49
2026-07-02 23:38:49  INFO      main  [Tamasha] Starting scrape…
2026-07-02 23:38:49  INFO      main  [Tapmad] Starting scrape…
2026-07-02 23:38:49  INFO      main  [MyCo] Starting scrape…
2026-07-02 23:38:49  INFO      main  [ShoqPK] Starting scrape…
2026-07-02 23:38:49  INFO      main  [MyCo] Found 0 channels
2026-07-02 23:38:49  INFO      main  [Tapmad] Found 0 channels
2026-07-02 23:38:49  INFO      main  [Tamasha] Found 0 channels
2026-07-02 23:38:49  INFO      main  [ShoqPK] Found 0 channels
2026-07-02 23:38:49  INFO      main  Total unique channels after merge: 0
2026-07-02 23:38:49  INFO      main  Validating 0 channels…
2026-07-02 23:38:49  INFO      main  Validation complete: 0 live, 0 dead (removed)
2026-07-02 23:38:49  INFO      main  Diff → +0 new, -0 removed
2026-07-02 23:38:49  INFO      main  Saved 0 channels → output/
2026-07-02 23:38:49  INFO      main  Scrape cycle complete.
2026-07-03 03:30:04  INFO      main  ============================================================
2026-07-03 03:30:04  INFO      main  Scrape cycle started at 2026-07-03 03:30:04
2026-07-03 03:30:04  INFO      main  [Tamasha] Starting scrape…
2026-07-03 03:30:04  INFO      main  [Tapmad] Starting scrape…
2026-07-03 03:30:04  INFO      main  [MyCo] Starting scrape…
2026-07-03 03:30:04  INFO      main  [ShoqPK] Starting scrape…
2026-07-03 03:30:04  INFO      main  [MyCo] Found 0 channels
2026-07-03 03:30:04  INFO      main  [Tapmad] Found 0 channels
2026-07-03 03:30:04  INFO      main  [ShoqPK] Found 0 channels
2026-07-03 03:30:04  INFO      main  [Tamasha] Found 0 channels
2026-07-03 03:30:04  INFO      main  Total unique channels after merge: 0
2026-07-03 03:30:04  INFO      main  Validating 0 channels…
2026-07-03 03:30:04  INFO      main  Validation complete: 0 live, 0 dead (removed)
2026-07-03 03:30:04  INFO      main  Diff → +0 new, -0 removed
2026-07-03 03:30:04  INFO      main  Saved 0 channels → output/
2026-07-03 03:30:04  INFO      main  Scrape cycle complete.
2026-07-03 06:49:37  INFO      main  ============================================================
2026-07-03 06:49:37  INFO      main  Scrape cycle started at 2026-07-03 06:49:37
2026-07-03 06:49:37  INFO      main  [Tamasha] Starting scrape…
2026-07-03 06:49:37  INFO      main  [Tapmad] Starting scrape…
2026-07-03 06:49:37  INFO      main  [MyCo] Starting scrape…
2026-07-03 06:49:37  INFO      main  [ShoqPK] Starting scrape…
2026-07-03 06:49:37  INFO      main  [MyCo] Found 0 channels
2026-07-03 06:49:37  INFO      main  [Tapmad] Found 0 channels
2026-07-03 06:49:37  INFO      main  [Tamasha] Found 0 channels
2026-07-03 06:49:37  INFO      main  [ShoqPK] Found 0 channels
2026-07-03 06:49:37  INFO      main  Total unique channels after merge: 0
2026-07-03 06:49:37  INFO      main  Validating 0 channels…
2026-07-03 06:49:37  INFO      main  Validation complete: 0 live, 0 dead (removed)
2026-07-03 06:49:37  INFO      main  Diff → +0 new, -0 removed
2026-07-03 06:49:37  INFO      main  Saved 0 channels → output/
2026-07-03 06:49:37  INFO      main  Scrape cycle complete.
2026-07-03 10:06:40  INFO      main  ============================================================
2026-07-03 10:06:40  INFO      main  Scrape cycle started at 2026-07-03 10:06:40
2026-07-03 10:06:40  INFO      main  [Tamasha] Starting scrape…
2026-07-03 10:06:40  INFO      main  [Tapmad] Starting scrape…
2026-07-03 10:06:40  INFO      main  [MyCo] Starting scrape…
2026-07-03 10:06:40  INFO      main  [ShoqPK] Starting scrape…
2026-07-03 10:06:41  INFO      main  [MyCo] Found 0 channels
2026-07-03 10:06:41  INFO      main  [Tapmad] Found 0 channels
2026-07-03 10:06:41  INFO      main  [ShoqPK] Found 0 channels
2026-07-03 10:06:41  INFO      main  [Tamasha] Found 0 channels
2026-07-03 10:06:41  INFO      main  Total unique channels after merge: 0
2026-07-03 10:06:41  INFO      main  Validating 0 channels…
2026-07-03 10:06:41  INFO      main  Validation complete: 0 live, 0 dead (removed)
2026-07-03 10:06:41  INFO      main  Diff → +0 new, -0 removed
2026-07-03 10:06:41  INFO      main  Saved 0 channels → output/
2026-07-03 10:06:41  INFO      main  Scrape cycle complete.
2026-07-03 12:26:47  INFO      main  ============================================================
2026-07-03 12:26:47  INFO      main  Scrape cycle started at 2026-07-03 12:26:47
2026-07-03 12:26:47  INFO      main  [Tamasha] Starting scrape…
2026-07-03 12:26:47  INFO      main  [Tapmad] Starting scrape…
2026-07-03 12:26:47  INFO      main  [MyCo] Starting scrape…
2026-07-03 12:26:47  INFO      main  [ShoqPK] Starting scrape…
2026-07-03 12:26:47  INFO      main  [MyCo] Found 0 channels
2026-07-03 12:26:47  INFO      main  [Tapmad] Found 0 channels
2026-07-03 12:26:47  INFO      main  [ShoqPK] Found 0 channels
2026-07-03 12:26:47  INFO      main  [Tamasha] Found 0 channels
2026-07-03 12:26:47  INFO      main  Total unique channels after merge: 0
2026-07-03 12:26:47  INFO      main  Validating 0 channels…
2026-07-03 12:26:47  INFO      main  Validation complete: 0 live, 0 dead (removed)
2026-07-03 12:26:47  INFO      main  Diff → +0 new, -0 removed
2026-07-03 12:26:47  INFO      main  Saved 0 channels → output/
2026-07-03 12:26:47  INFO      main  Scrape cycle complete.
2026-07-03 14:53:30  INFO      main  ============================================================
2026-07-03 14:53:30  INFO      main  Scrape cycle started at 2026-07-03 14:53:30
2026-07-03 14:53:30  INFO      main  [Tamasha] Starting scrape…
2026-07-03 14:53:30  INFO      main  [Tapmad] Starting scrape…
2026-07-03 14:53:30  INFO      main  [MyCo] Starting scrape…
2026-07-03 14:53:30  INFO      main  [ShoqPK] Starting scrape…
2026-07-03 14:53:30  INFO      main  [Tapmad] Found 0 channels
2026-07-03 14:53:30  INFO      main  [MyCo] Found 0 channels
2026-07-03 14:53:30  INFO      main  [ShoqPK] Found 0 channels
2026-07-03 14:53:31  INFO      main  [Tamasha] Found 0 channels
2026-07-03 14:53:31  INFO      main  Total unique channels after merge: 0
2026-07-03 14:53:31  INFO      main  Validating 0 channels…
2026-07-03 14:53:31  INFO      main  Validation complete: 0 live, 0 dead (removed)
2026-07-03 14:53:31  INFO      main  Diff → +0 new, -0 removed
2026-07-03 14:53:31  INFO      main  Saved 0 channels → output/
2026-07-03 14:53:31  INFO      main  Scrape cycle complete.
2026-07-03 16:26:48  INFO      main  ============================================================
2026-07-03 16:26:48  INFO      main  Scrape cycle started at 2026-07-03 16:26:48
2026-07-03 16:26:48  INFO      main  [Tamasha] Starting scrape…
2026-07-03 16:26:48  INFO      main  [Tapmad] Starting scrape…
2026-07-03 16:26:48  INFO      main  [MyCo] Starting scrape…
2026-07-03 16:26:48  INFO      main  [ShoqPK] Starting scrape…
2026-07-03 16:26:48  INFO      main  [MyCo] Found 0 channels
2026-07-03 16:26:48  INFO      main  [Tapmad] Found 0 channels
2026-07-03 16:26:49  INFO      main  [ShoqPK] Found 0 channels
2026-07-03 16:26:49  INFO      main  [Tamasha] Found 0 channels
2026-07-03 16:26:49  INFO      main  Total unique channels after merge: 0
2026-07-03 16:26:49  INFO      main  Validating 0 channels…
2026-07-03 16:26:49  INFO      main  Validation complete: 0 live, 0 dead (removed)
2026-07-03 16:26:49  INFO      main  Diff → +0 new, -0 removed
2026-07-03 16:26:49  INFO      main  Saved 0 channels → output/
2026-07-03 16:26:49  INFO      main  Scrape cycle complete.
2026-07-03 17:58:14  INFO      main  ============================================================
2026-07-03 17:58:14  INFO      main  Scrape cycle started at 2026-07-03 17:58:14
2026-07-03 17:58:14  INFO      main  [Tamasha] Starting scrape…
2026-07-03 17:58:14  INFO      main  [Tapmad] Starting scrape…
2026-07-03 17:58:14  INFO      main  [MyCo] Starting scrape…
2026-07-03 17:58:14  INFO      main  [ShoqPK] Starting scrape…
2026-07-03 17:58:14  INFO      main  [MyCo] Found 0 channels
2026-07-03 17:58:14  INFO      main  [Tapmad] Found 0 channels
2026-07-03 17:58:14  INFO      main  [ShoqPK] Found 0 channels
2026-07-03 17:58:14  INFO      main  [Tamasha] Found 0 channels
2026-07-03 17:58:14  INFO      main  Total unique channels after merge: 0
2026-07-03 17:58:14  INFO      main  Validating 0 channels…
2026-07-03 17:58:14  INFO      main  Validation complete: 0 live, 0 dead (removed)
2026-07-03 17:58:14  INFO      main  Diff → +0 new, -0 removed
2026-07-03 17:58:14  INFO      main  Saved 0 channels → output/
2026-07-03 17:58:14  INFO      main  Scrape cycle complete.
2026-07-03 19:41:43  INFO      main  ============================================================
2026-07-03 19:41:43  INFO      main  Scrape cycle started at 2026-07-03 19:41:43
2026-07-03 19:41:43  INFO      main  [Tamasha] Starting scrape…
2026-07-03 19:41:43  INFO      main  [Tapmad] Starting scrape…
2026-07-03 19:41:43  INFO      main  [MyCo] Starting scrape…
2026-07-03 19:41:43  INFO      main  [ShoqPK] Starting scrape…
2026-07-03 19:41:43  INFO      main  [Tapmad] Found 0 channels
2026-07-03 19:41:43  INFO      main  [MyCo] Found 0 channels
2026-07-03 19:41:43  INFO      main  [ShoqPK] Found 0 channels
2026-07-03 19:41:43  INFO      main  [Tamasha] Found 0 channels
2026-07-03 19:41:43  INFO      main  Total unique channels after merge: 0
2026-07-03 19:41:43  INFO      main  Validating 0 channels…
2026-07-03 19:41:43  INFO      main  Validation complete: 0 live, 0 dead (removed)
2026-07-03 19:41:43  INFO      main  Diff → +0 new, -0 removed
2026-07-03 19:41:43  INFO      main  Saved 0 channels → output/
2026-07-03 19:41:43  INFO      main  Scrape cycle complete.
2026-07-03 21:09:39  INFO      main  ============================================================
2026-07-03 21:09:39  INFO      main  Scrape cycle started at 2026-07-03 21:09:39
2026-07-03 21:09:39  INFO      main  [Tamasha] Starting scrape…
2026-07-03 21:09:39  INFO      main  [Tapmad] Starting scrape…
2026-07-03 21:09:39  INFO      main  [MyCo] Starting scrape…
2026-07-03 21:09:39  INFO      main  [ShoqPK] Starting scrape…
2026-07-03 21:09:39  INFO      main  [MyCo] Found 0 channels
2026-07-03 21:09:39  INFO      main  [Tapmad] Found 0 channels
2026-07-03 21:09:39  INFO      main  [Tamasha] Found 0 channels
2026-07-03 21:09:39  INFO      main  [ShoqPK] Found 0 channels
2026-07-03 21:09:39  INFO      main  Total unique channels after merge: 0
2026-07-03 21:09:39  INFO      main  Validating 0 channels…
2026-07-03 21:09:39  INFO      main  Validation complete: 0 live, 0 dead (removed)
2026-07-03 21:09:39  INFO      main  Diff → +0 new, -0 removed
2026-07-03 21:09:39  INFO      main  Saved 0 channels → output/
2026-07-03 21:09:39  INFO      main  Scrape cycle complete.
2026-07-03 22:34:04  INFO      main  ============================================================
2026-07-03 22:34:04  INFO      main  Scrape cycle started at 2026-07-03 22:34:04
2026-07-03 22:34:04  INFO      main  [Tamasha] Starting scrape…
2026-07-03 22:34:04  INFO      main  [Tapmad] Starting scrape…
2026-07-03 22:34:04  INFO      main  [MyCo] Starting scrape…
2026-07-03 22:34:04  INFO      main  [ShoqPK] Starting scrape…
2026-07-03 22:34:04  INFO      main  [Tapmad] Found 0 channels
2026-07-03 22:34:04  INFO      main  [MyCo] Found 0 channels
2026-07-03 22:34:05  INFO      main  [ShoqPK] Found 0 channels
2026-07-03 22:34:05  INFO      main  [Tamasha] Found 0 channels
2026-07-03 22:34:05  INFO      main  Total unique channels after merge: 0
2026-07-03 22:34:05  INFO      main  Validating 0 channels…
2026-07-03 22:34:05  INFO      main  Validation complete: 0 live, 0 dead (removed)
2026-07-03 22:34:05  INFO      main  Diff → +0 new, -0 removed
2026-07-03 22:34:05  INFO      main  Saved 0 channels → output/
2026-07-03 22:34:05  INFO      main  Scrape cycle complete.
2026-07-04 00:06:50  INFO      main  ============================================================
2026-07-04 00:06:50  INFO      main  Scrape cycle started at 2026-07-04 00:06:50
2026-07-04 00:06:50  INFO      main  [Tamasha] Starting scrape…
2026-07-04 00:06:50  INFO      main  [Tapmad] Starting scrape…
2026-07-04 00:06:50  INFO      main  [MyCo] Starting scrape…
2026-07-04 00:06:50  INFO      main  [ShoqPK] Starting scrape…
2026-07-04 00:06:50  INFO      main  [MyCo] Found 0 channels
2026-07-04 00:06:50  INFO      main  [Tapmad] Found 0 channels
2026-07-04 00:06:51  INFO      main  [Tamasha] Found 0 channels
2026-07-04 00:06:51  INFO      main  [ShoqPK] Found 0 channels
2026-07-04 00:06:51  INFO      main  Total unique channels after merge: 0
2026-07-04 00:06:51  INFO      main  Validating 0 channels…
2026-07-04 00:06:51  INFO      main  Validation complete: 0 live, 0 dead (removed)
2026-07-04 00:06:51  INFO      main  Diff → +0 new, -0 removed
2026-07-04 00:06:51  INFO      main  Saved 0 channels → output/
2026-07-04 00:06:51  INFO      main  Scrape cycle complete.
2026-07-04 04:12:16  INFO      main  ============================================================
2026-07-04 04:12:16  INFO      main  Scrape cycle started at 2026-07-04 04:12:16
2026-07-04 04:12:16  INFO      main  [Tamasha] Starting scrape…
2026-07-04 04:12:16  INFO      main  [Tapmad] Starting scrape…
2026-07-04 04:12:16  INFO      main  [MyCo] Starting scrape…
2026-07-04 04:12:16  INFO      main  [ShoqPK] Starting scrape…
2026-07-04 04:12:16  INFO      main  [MyCo] Found 0 channels
2026-07-04 04:12:16  INFO      main  [Tapmad] Found 0 channels
2026-07-04 04:12:16  INFO      main  [ShoqPK] Found 0 channels
2026-07-04 04:12:16  INFO      main  [Tamasha] Found 0 channels
2026-07-04 04:12:16  INFO      main  Total unique channels after merge: 0
2026-07-04 04:12:16  INFO      main  Validating 0 channels…
2026-07-04 04:12:16  INFO      main  Validation complete: 0 live, 0 dead (removed)
2026-07-04 04:12:16  INFO      main  Diff → +0 new, -0 removed
2026-07-04 04:12:16  INFO      main  Saved 0 channels → output/
2026-07-04 04:12:16  INFO      main  Scrape cycle complete.
2026-07-04 07:22:51  INFO      main  ============================================================
2026-07-04 07:22:51  INFO      main  Scrape cycle started at 2026-07-04 07:22:51
2026-07-04 07:22:51  INFO      main  [Tamasha] Starting scrape…
2026-07-04 07:22:51  INFO      main  [Tapmad] Starting scrape…
2026-07-04 07:22:51  INFO      main  [MyCo] Starting scrape…
2026-07-04 07:22:51  INFO      main  [ShoqPK] Starting scrape…
2026-07-04 07:22:51  INFO      main  [MyCo] Found 0 channels
2026-07-04 07:22:51  INFO      main  [Tapmad] Found 0 channels
2026-07-04 07:22:51  INFO      main  [ShoqPK] Found 0 channels
2026-07-04 07:22:52  INFO      main  [Tamasha] Found 0 channels
2026-07-04 07:22:52  INFO      main  Total unique channels after merge: 0
2026-07-04 07:22:52  INFO      main  Validating 0 channels…
2026-07-04 07:22:52  INFO      main  Validation complete: 0 live, 0 dead (removed)
2026-07-04 07:22:52  INFO      main  Diff → +0 new, -0 removed
2026-07-04 07:22:52  INFO      main  Saved 0 channels → output/
2026-07-04 07:22:52  INFO      main  Scrape cycle complete.
2026-07-04 09:36:31  INFO      main  ============================================================
2026-07-04 09:36:31  INFO      main  Scrape cycle started at 2026-07-04 09:36:31
2026-07-04 09:36:31  INFO      main  [Tamasha] Starting scrape…
2026-07-04 09:36:31  INFO      main  [Tapmad] Starting scrape…
2026-07-04 09:36:31  INFO      main  [MyCo] Starting scrape…
2026-07-04 09:36:31  INFO      main  [ShoqPK] Starting scrape…
2026-07-04 09:36:31  INFO      main  [Tapmad] Found 0 channels
2026-07-04 09:36:31  INFO      main  [MyCo] Found 0 channels
2026-07-04 09:36:31  INFO      main  [ShoqPK] Found 0 channels
2026-07-04 09:36:31  INFO      main  [Tamasha] Found 0 channels
2026-07-04 09:36:31  INFO      main  Total unique channels after merge: 0
2026-07-04 09:36:31  INFO      main  Validating 0 channels…
2026-07-04 09:36:31  INFO      main  Validation complete: 0 live, 0 dead (removed)
2026-07-04 09:36:31  INFO      main  Diff → +0 new, -0 removed
2026-07-04 09:36:31  INFO      main  Saved 0 channels → output/
2026-07-04 09:36:31  INFO      main  Scrape cycle complete.
2026-07-04 11:34:05  INFO      main  ============================================================
2026-07-04 11:34:05  INFO      main  Scrape cycle started at 2026-07-04 11:34:05
2026-07-04 11:34:05  INFO      main  [Tamasha] Starting scrape…
2026-07-04 11:34:05  INFO      main  [Tapmad] Starting scrape…
2026-07-04 11:34:05  INFO      main  [MyCo] Starting scrape…
2026-07-04 11:34:05  INFO      main  [ShoqPK] Starting scrape…
2026-07-04 11:34:05  INFO      main  [MyCo] Found 0 channels
2026-07-04 11:34:05  INFO      main  [Tapmad] Found 0 channels
2026-07-04 11:34:05  INFO      main  [ShoqPK] Found 0 channels
2026-07-04 11:34:06  INFO      main  [Tamasha] Found 0 channels
2026-07-04 11:34:06  INFO      main  Total unique channels after merge: 0
2026-07-04 11:34:06  INFO      main  Validating 0 channels…
2026-07-04 11:34:06  INFO      main  Validation complete: 0 live, 0 dead (removed)
2026-07-04 11:34:06  INFO      main  Diff → +0 new, -0 removed
2026-07-04 11:34:06  INFO      main  Saved 0 channels → output/
2026-07-04 11:34:06  INFO      main  Scrape cycle complete.
2026-07-04 13:38:18  INFO      main  ============================================================
2026-07-04 13:38:18  INFO      main  Scrape cycle started at 2026-07-04 13:38:18
2026-07-04 13:38:18  INFO      main  [Tamasha] Starting scrape…
2026-07-04 13:38:18  INFO      main  [Tapmad] Starting scrape…
2026-07-04 13:38:18  INFO      main  [MyCo] Starting scrape…
2026-07-04 13:38:18  INFO      main  [ShoqPK] Starting scrape…
2026-07-04 13:38:18  INFO      main  [Tapmad] Found 0 channels
2026-07-04 13:38:18  INFO      main  [MyCo] Found 0 channels
2026-07-04 13:38:18  INFO      main  [Tamasha] Found 0 channels
2026-07-04 13:38:19  INFO      main  [ShoqPK] Found 0 channels
2026-07-04 13:38:19  INFO      main  Total unique channels after merge: 0
2026-07-04 13:38:19  INFO      main  Validating 0 channels…
2026-07-04 13:38:19  INFO      main  Validation complete: 0 live, 0 dead (removed)
2026-07-04 13:38:19  INFO      main  Diff → +0 new, -0 removed
2026-07-04 13:38:19  INFO      main  Saved 0 channels → output/
2026-07-04 13:38:19  INFO      main  Scrape cycle complete.
2026-07-04 15:07:07  INFO      main  ============================================================
2026-07-04 15:07:07  INFO      main  Scrape cycle started at 2026-07-04 15:07:07
2026-07-04 15:07:07  INFO      main  [Tamasha] Starting scrape…
2026-07-04 15:07:07  INFO      main  [Tapmad] Starting scrape…
2026-07-04 15:07:07  INFO      main  [MyCo] Starting scrape…
2026-07-04 15:07:07  INFO      main  [ShoqPK] Starting scrape…
2026-07-04 15:07:07  INFO      main  [MyCo] Found 0 channels
2026-07-04 15:07:07  INFO      main  [Tapmad] Found 0 channels
2026-07-04 15:07:07  INFO      main  [ShoqPK] Found 0 channels
2026-07-04 15:07:08  INFO      main  [Tamasha] Found 0 channels
2026-07-04 15:07:08  INFO      main  Total unique channels after merge: 0
2026-07-04 15:07:08  INFO      main  Validating 0 channels…
2026-07-04 15:07:08  INFO      main  Validation complete: 0 live, 0 dead (removed)
2026-07-04 15:07:08  INFO      main  Diff → +0 new, -0 removed
2026-07-04 15:07:08  INFO      main  Saved 0 channels → output/
2026-07-04 15:07:08  INFO      main  Scrape cycle complete.
2026-07-04 16:31:49  INFO      main  ============================================================
2026-07-04 16:31:49  INFO      main  Scrape cycle started at 2026-07-04 16:31:49
2026-07-04 16:31:49  INFO      main  [Tamasha] Starting scrape…
2026-07-04 16:31:49  INFO      main  [Tapmad] Starting scrape…
2026-07-04 16:31:49  INFO      main  [MyCo] Starting scrape…
2026-07-04 16:31:49  INFO      main  [ShoqPK] Starting scrape…
2026-07-04 16:31:49  INFO      main  [MyCo] Found 0 channels
2026-07-04 16:31:49  INFO      main  [Tapmad] Found 0 channels
2026-07-04 16:31:50  INFO      main  [ShoqPK] Found 0 channels
2026-07-04 16:31:50  INFO      main  [Tamasha] Found 0 channels
2026-07-04 16:31:50  INFO      main  Total unique channels after merge: 0
2026-07-04 16:31:50  INFO      main  Validating 0 channels…
2026-07-04 16:31:50  INFO      main  Validation complete: 0 live, 0 dead (removed)
2026-07-04 16:31:50  INFO      main  Diff → +0 new, -0 removed
2026-07-04 16:31:50  INFO      main  Saved 0 channels → output/
2026-07-04 16:31:50  INFO      main  Scrape cycle complete.
2026-07-04 18:03:10  INFO      main  ============================================================
2026-07-04 18:03:10  INFO      main  Scrape cycle started at 2026-07-04 18:03:10
2026-07-04 18:03:10  INFO      main  [Tamasha] Starting scrape…
2026-07-04 18:03:10  INFO      main  [Tapmad] Starting scrape…
2026-07-04 18:03:10  INFO      main  [MyCo] Starting scrape…
2026-07-04 18:03:10  INFO      main  [ShoqPK] Starting scrape…
2026-07-04 18:03:10  INFO      main  [MyCo] Found 0 channels
2026-07-04 18:03:10  INFO      main  [Tapmad] Found 0 channels
2026-07-04 18:03:11  INFO      main  [Tamasha] Found 0 channels
2026-07-04 18:03:11  INFO      main  [ShoqPK] Found 0 channels
2026-07-04 18:03:11  INFO      main  Total unique channels after merge: 0
2026-07-04 18:03:11  INFO      main  Validating 0 channels…
2026-07-04 18:03:11  INFO      main  Validation complete: 0 live, 0 dead (removed)
2026-07-04 18:03:11  INFO      main  Diff → +0 new, -0 removed
2026-07-04 18:03:11  INFO      main  Saved 0 channels → output/
2026-07-04 18:03:11  INFO      main  Scrape cycle complete.
2026-07-04 19:44:47  INFO      main  ============================================================
2026-07-04 19:44:47  INFO      main  Scrape cycle started at 2026-07-04 19:44:47
2026-07-04 19:44:47  INFO      main  [Tamasha] Starting scrape…
2026-07-04 19:44:47  INFO      main  [Tapmad] Starting scrape…
2026-07-04 19:44:47  INFO      main  [MyCo] Starting scrape…
2026-07-04 19:44:47  INFO      main  [ShoqPK] Starting scrape…
2026-07-04 19:44:47  INFO      main  [MyCo] Found 0 channels
2026-07-04 19:44:47  INFO      main  [Tapmad] Found 0 channels
2026-07-04 19:44:47  INFO      main  [ShoqPK] Found 0 channels
2026-07-04 19:44:48  INFO      main  [Tamasha] Found 0 channels
2026-07-04 19:44:48  INFO      main  Total unique channels after merge: 0
2026-07-04 19:44:48  INFO      main  Validating 0 channels…
2026-07-04 19:44:48  INFO      main  Validation complete: 0 live, 0 dead (removed)
2026-07-04 19:44:48  INFO      main  Diff → +0 new, -0 removed
2026-07-04 19:44:48  INFO      main  Saved 0 channels → output/
2026-07-04 19:44:48  INFO      main  Scrape cycle complete.
2026-07-04 21:00:01  INFO      main  ============================================================
2026-07-04 21:00:01  INFO      main  Scrape cycle started at 2026-07-04 21:00:01
2026-07-04 21:00:01  INFO      main  [Tamasha] Starting scrape…
2026-07-04 21:00:01  INFO      main  [Tapmad] Starting scrape…
2026-07-04 21:00:01  INFO      main  [MyCo] Starting scrape…
2026-07-04 21:00:01  INFO      main  [ShoqPK] Starting scrape…
2026-07-04 21:00:01  INFO      main  [MyCo] Found 0 channels
2026-07-04 21:00:01  INFO      main  [Tapmad] Found 0 channels
2026-07-04 21:00:01  INFO      main  [ShoqPK] Found 0 channels
2026-07-04 21:00:02  INFO      main  [Tamasha] Found 0 channels
2026-07-04 21:00:02  INFO      main  Total unique channels after merge: 0
2026-07-04 21:00:02  INFO      main  Validating 0 channels…
2026-07-04 21:00:02  INFO      main  Validation complete: 0 live, 0 dead (removed)
2026-07-04 21:00:02  INFO      main  Diff → +0 new, -0 removed
2026-07-04 21:00:02  INFO      main  Saved 0 channels → output/
2026-07-04 21:00:02  INFO      main  Scrape cycle complete.
2026-07-04 22:06:55  INFO      main  ============================================================
2026-07-04 22:06:55  INFO      main  Scrape cycle started at 2026-07-04 22:06:55
2026-07-04 22:06:55  INFO      main  [Tamasha] Starting scrape…
2026-07-04 22:06:55  INFO      main  [Tapmad] Starting scrape…
2026-07-04 22:06:55  INFO      main  [MyCo] Starting scrape…
2026-07-04 22:06:55  INFO      main  [ShoqPK] Starting scrape…
2026-07-04 22:06:55  INFO      main  [Tapmad] Found 0 channels
2026-07-04 22:06:55  INFO      main  [MyCo] Found 0 channels
2026-07-04 22:06:55  INFO      main  [Tamasha] Found 0 channels
2026-07-04 22:06:55  INFO      main  [ShoqPK] Found 0 channels
2026-07-04 22:06:55  INFO      main  Total unique channels after merge: 0
2026-07-04 22:06:55  INFO      main  Validating 0 channels…
2026-07-04 22:06:55  INFO      main  Validation complete: 0 live, 0 dead (removed)
2026-07-04 22:06:55  INFO      main  Diff → +0 new, -0 removed
2026-07-04 22:06:55  INFO      main  Saved 0 channels → output/
2026-07-04 22:06:55  INFO      main  Scrape cycle complete.
2026-07-04 23:31:57  INFO      main  ============================================================
2026-07-04 23:31:57  INFO      main  Scrape cycle started at 2026-07-04 23:31:57
2026-07-04 23:31:57  INFO      main  [Tamasha] Starting scrape…
2026-07-04 23:31:57  INFO      main  [Tapmad] Starting scrape…
2026-07-04 23:31:57  INFO      main  [MyCo] Starting scrape…
2026-07-04 23:31:57  INFO      main  [ShoqPK] Starting scrape…
2026-07-04 23:31:57  INFO      main  [Tapmad] Found 0 channels
2026-07-04 23:31:57  INFO      main  [MyCo] Found 0 channels
2026-07-04 23:31:57  INFO      main  [Tamasha] Found 0 channels
2026-07-04 23:31:57  INFO      main  [ShoqPK] Found 0 channels
2026-07-04 23:31:57  INFO      main  Total unique channels after merge: 0
2026-07-04 23:31:57  INFO      main  Validating 0 channels…
2026-07-04 23:31:57  INFO      main  Validation complete: 0 live, 0 dead (removed)
2026-07-04 23:31:57  INFO      main  Diff → +0 new, -0 removed
2026-07-04 23:31:57  INFO      main  Saved 0 channels → output/
2026-07-04 23:31:57  INFO      main  Scrape cycle complete.
2026-07-05 03:39:19  INFO      main  ============================================================
2026-07-05 03:39:19  INFO      main  Scrape cycle started at 2026-07-05 03:39:19
2026-07-05 03:39:19  INFO      main  [Tamasha] Starting scrape…
2026-07-05 03:39:19  INFO      main  [Tapmad] Starting scrape…
2026-07-05 03:39:19  INFO      main  [MyCo] Starting scrape…
2026-07-05 03:39:19  INFO      main  [ShoqPK] Starting scrape…
2026-07-05 03:39:19  INFO      main  [Tapmad] Found 0 channels
2026-07-05 03:39:19  INFO      main  [MyCo] Found 0 channels
2026-07-05 03:39:19  INFO      main  [Tamasha] Found 0 channels
2026-07-05 03:39:19  INFO      main  [ShoqPK] Found 0 channels
2026-07-05 03:39:19  INFO      main  Total unique channels after merge: 0
2026-07-05 03:39:19  INFO      main  Validating 0 channels…
2026-07-05 03:39:19  INFO      main  Validation complete: 0 live, 0 dead (removed)
2026-07-05 03:39:19  INFO      main  Diff → +0 new, -0 removed
2026-07-05 03:39:19  INFO      main  Saved 0 channels → output/
2026-07-05 03:39:19  INFO      main  Scrape cycle complete.
2026-07-05 07:28:53  INFO      main  ============================================================
2026-07-05 07:28:53  INFO      main  Scrape cycle started at 2026-07-05 07:28:53
2026-07-05 07:28:53  INFO      main  [Tamasha] Starting scrape…
2026-07-05 07:28:53  INFO      main  [Tapmad] Starting scrape…
2026-07-05 07:28:53  INFO      main  [MyCo] Starting scrape…
2026-07-05 07:28:53  INFO      main  [ShoqPK] Starting scrape…
2026-07-05 07:28:53  INFO      main  [MyCo] Found 0 channels
2026-07-05 07:28:53  INFO      main  [Tapmad] Found 0 channels
2026-07-05 07:28:53  INFO      main  [Tamasha] Found 0 channels
2026-07-05 07:28:53  INFO      main  [ShoqPK] Found 0 channels
2026-07-05 07:28:53  INFO      main  Total unique channels after merge: 0
2026-07-05 07:28:53  INFO      main  Validating 0 channels…
2026-07-05 07:28:53  INFO      main  Validation complete: 0 live, 0 dead (removed)
2026-07-05 07:28:53  INFO      main  Diff → +0 new, -0 removed
2026-07-05 07:28:53  INFO      main  Saved 0 channels → output/
2026-07-05 07:28:53  INFO      main  Scrape cycle complete.
2026-07-05 09:54:50  INFO      main  ============================================================
2026-07-05 09:54:50  INFO      main  Scrape cycle started at 2026-07-05 09:54:50
2026-07-05 09:54:50  INFO      main  [Tamasha] Starting scrape…
2026-07-05 09:54:50  INFO      main  [Tapmad] Starting scrape…
2026-07-05 09:54:50  INFO      main  [MyCo] Starting scrape…
2026-07-05 09:54:50  INFO      main  [ShoqPK] Starting scrape…
2026-07-05 09:54:50  INFO      main  [MyCo] Found 0 channels
2026-07-05 09:54:50  INFO      main  [Tapmad] Found 0 channels
2026-07-05 09:54:51  INFO      main  [Tamasha] Found 0 channels
2026-07-05 09:54:51  INFO      main  [ShoqPK] Found 0 channels
2026-07-05 09:54:51  INFO      main  Total unique channels after merge: 0
2026-07-05 09:54:51  INFO      main  Validating 0 channels…
2026-07-05 09:54:51  INFO      main  Validation complete: 0 live, 0 dead (removed)
2026-07-05 09:54:51  INFO      main  Diff → +0 new, -0 removed
2026-07-05 09:54:51  INFO      main  Saved 0 channels → output/
2026-07-05 09:54:51  INFO      main  Scrape cycle complete.
2026-07-05 11:36:24  INFO      main  ============================================================
2026-07-05 11:36:24  INFO      main  Scrape cycle started at 2026-07-05 11:36:24
2026-07-05 11:36:24  INFO      main  [Tamasha] Starting scrape…
2026-07-05 11:36:24  INFO      main  [Tapmad] Starting scrape…
2026-07-05 11:36:24  INFO      main  [MyCo] Starting scrape…
2026-07-05 11:36:24  INFO      main  [ShoqPK] Starting scrape…
2026-07-05 11:36:24  INFO      main  [MyCo] Found 0 channels
2026-07-05 11:36:24  INFO      main  [Tapmad] Found 0 channels
2026-07-05 11:36:25  INFO      main  [ShoqPK] Found 0 channels
2026-07-05 11:36:25  INFO      main  [Tamasha] Found 0 channels
2026-07-05 11:36:25  INFO      main  Total unique channels after merge: 0
2026-07-05 11:36:25  INFO      main  Validating 0 channels…
2026-07-05 11:36:25  INFO      main  Validation complete: 0 live, 0 dead (removed)
2026-07-05 11:36:25  INFO      main  Diff → +0 new, -0 removed
2026-07-05 11:36:25  INFO      main  Saved 0 channels → output/
2026-07-05 11:36:25  INFO      main  Scrape cycle complete.
2026-07-05 13:44:39  INFO      main  ============================================================
2026-07-05 13:44:39  INFO      main  Scrape cycle started at 2026-07-05 13:44:39
2026-07-05 13:44:39  INFO      main  [Tamasha] Starting scrape…
2026-07-05 13:44:39  INFO      main  [Tapmad] Starting scrape…
2026-07-05 13:44:39  INFO      main  [MyCo] Starting scrape…
2026-07-05 13:44:39  INFO      main  [ShoqPK] Starting scrape…
2026-07-05 13:44:39  INFO      main  [MyCo] Found 0 channels
2026-07-05 13:44:39  INFO      main  [Tapmad] Found 0 channels
2026-07-05 13:44:39  INFO      main  [ShoqPK] Found 0 channels
2026-07-05 13:44:39  INFO      main  [Tamasha] Found 0 channels
2026-07-05 13:44:39  INFO      main  Total unique channels after merge: 0
2026-07-05 13:44:39  INFO      main  Validating 0 channels…
2026-07-05 13:44:39  INFO      main  Validation complete: 0 live, 0 dead (removed)
2026-07-05 13:44:39  INFO      main  Diff → +0 new, -0 removed
2026-07-05 13:44:39  INFO      main  Saved 0 channels → output/
2026-07-05 13:44:39  INFO      main  Scrape cycle complete.
2026-07-05 15:14:32  INFO      main  ============================================================
2026-07-05 15:14:32  INFO      main  Scrape cycle started at 2026-07-05 15:14:32
2026-07-05 15:14:32  INFO      main  [Tamasha] Starting scrape…
2026-07-05 15:14:32  INFO      main  [Tapmad] Starting scrape…
2026-07-05 15:14:32  INFO      main  [MyCo] Starting scrape…
2026-07-05 15:14:32  INFO      main  [ShoqPK] Starting scrape…
2026-07-05 15:14:32  INFO      main  [Tapmad] Found 0 channels
2026-07-05 15:14:32  INFO      main  [MyCo] Found 0 channels
2026-07-05 15:14:32  INFO      main  [ShoqPK] Found 0 channels
2026-07-05 15:14:32  INFO      main  [Tamasha] Found 0 channels
2026-07-05 15:14:32  INFO      main  Total unique channels after merge: 0
2026-07-05 15:14:32  INFO      main  Validating 0 channels…
2026-07-05 15:14:32  INFO      main  Validation complete: 0 live, 0 dead (removed)
2026-07-05 15:14:32  INFO      main  Diff → +0 new, -0 removed
2026-07-05 15:14:32  INFO      main  Saved 0 channels → output/
2026-07-05 15:14:32  INFO      main  Scrape cycle complete.
2026-07-05 16:34:35  INFO      main  ============================================================
2026-07-05 16:34:35  INFO      main  Scrape cycle started at 2026-07-05 16:34:35
2026-07-05 16:34:35  INFO      main  [Tamasha] Starting scrape…
2026-07-05 16:34:35  INFO      main  [Tapmad] Starting scrape…
2026-07-05 16:34:35  INFO      main  [MyCo] Starting scrape…
2026-07-05 16:34:35  INFO      main  [ShoqPK] Starting scrape…
2026-07-05 16:34:35  INFO      main  [Tapmad] Found 0 channels
2026-07-05 16:34:35  INFO      main  [MyCo] Found 0 channels
2026-07-05 16:34:35  INFO      main  [Tamasha] Found 0 channels
2026-07-05 16:34:36  INFO      main  [ShoqPK] Found 0 channels
2026-07-05 16:34:36  INFO      main  Total unique channels after merge: 0
2026-07-05 16:34:36  INFO      main  Validating 0 channels…
2026-07-05 16:34:36  INFO      main  Validation complete: 0 live, 0 dead (removed)
2026-07-05 16:34:36  INFO      main  Diff → +0 new, -0 removed
2026-07-05 16:34:36  INFO      main  Saved 0 channels → output/
2026-07-05 16:34:36  INFO      main  Scrape cycle complete.
2026-07-05 18:05:48  INFO      main  ============================================================
2026-07-05 18:05:48  INFO      main  Scrape cycle started at 2026-07-05 18:05:48
2026-07-05 18:05:48  INFO      main  [Tamasha] Starting scrape…
2026-07-05 18:05:48  INFO      main  [Tapmad] Starting scrape…
2026-07-05 18:05:48  INFO      main  [MyCo] Starting scrape…
2026-07-05 18:05:48  INFO      main  [ShoqPK] Starting scrape…
2026-07-05 18:05:48  INFO      main  [MyCo] Found 0 channels
2026-07-05 18:05:48  INFO      main  [Tapmad] Found 0 channels
2026-07-05 18:05:48  INFO      main  [ShoqPK] Found 0 channels
2026-07-05 18:05:48  INFO      main  [Tamasha] Found 0 channels
2026-07-05 18:05:48  INFO      main  Total unique channels after merge: 0
2026-07-05 18:05:48  INFO      main  Validating 0 channels…
2026-07-05 18:05:48  INFO      main  Validation complete: 0 live, 0 dead (removed)
2026-07-05 18:05:48  INFO      main  Diff → +0 new, -0 removed
2026-07-05 18:05:48  INFO      main  Saved 0 channels → output/
2026-07-05 18:05:48  INFO      main  Scrape cycle complete.
2026-07-05 19:51:25  INFO      main  ============================================================
2026-07-05 19:51:25  INFO      main  Scrape cycle started at 2026-07-05 19:51:25
2026-07-05 19:51:25  INFO      main  [Tamasha] Starting scrape…
2026-07-05 19:51:25  INFO      main  [Tapmad] Starting scrape…
2026-07-05 19:51:25  INFO      main  [MyCo] Starting scrape…
2026-07-05 19:51:25  INFO      main  [ShoqPK] Starting scrape…
2026-07-05 19:51:25  INFO      main  [MyCo] Found 0 channels
2026-07-05 19:51:25  INFO      main  [Tapmad] Found 0 channels
2026-07-05 19:51:25  INFO      main  [Tamasha] Found 0 channels
2026-07-05 19:51:26  INFO      main  [ShoqPK] Found 0 channels
2026-07-05 19:51:26  INFO      main  Total unique channels after merge: 0
2026-07-05 19:51:26  INFO      main  Validating 0 channels…
2026-07-05 19:51:26  INFO      main  Validation complete: 0 live, 0 dead (removed)
2026-07-05 19:51:26  INFO      main  Diff → +0 new, -0 removed
2026-07-05 19:51:26  INFO      main  Saved 0 channels → output/
2026-07-05 19:51:26  INFO      main  Scrape cycle complete.
2026-07-05 21:03:23  INFO      main  ============================================================
2026-07-05 21:03:23  INFO      main  Scrape cycle started at 2026-07-05 21:03:23
2026-07-05 21:03:23  INFO      main  [Tamasha] Starting scrape…
2026-07-05 21:03:23  INFO      main  [Tapmad] Starting scrape…
2026-07-05 21:03:23  INFO      main  [MyCo] Starting scrape…
2026-07-05 21:03:23  INFO      main  [ShoqPK] Starting scrape…
2026-07-05 21:03:23  INFO      main  [MyCo] Found 0 channels
2026-07-05 21:03:23  INFO      main  [Tapmad] Found 0 channels
2026-07-05 21:03:23  INFO      main  [ShoqPK] Found 0 channels
2026-07-05 21:03:24  INFO      main  [Tamasha] Found 0 channels
2026-07-05 21:03:24  INFO      main  Total unique channels after merge: 0
2026-07-05 21:03:24  INFO      main  Validating 0 channels…
2026-07-05 21:03:24  INFO      main  Validation complete: 0 live, 0 dead (removed)
2026-07-05 21:03:24  INFO      main  Diff → +0 new, -0 removed
2026-07-05 21:03:24  INFO      main  Saved 0 channels → output/
2026-07-05 21:03:24  INFO      main  Scrape cycle complete.
2026-07-05 22:30:49  INFO      main  ============================================================
2026-07-05 22:30:49  INFO      main  Scrape cycle started at 2026-07-05 22:30:49
2026-07-05 22:30:49  INFO      main  [Tamasha] Starting scrape…
2026-07-05 22:30:49  INFO      main  [Tapmad] Starting scrape…
2026-07-05 22:30:49  INFO      main  [MyCo] Starting scrape…
2026-07-05 22:30:49  INFO      main  [ShoqPK] Starting scrape…
2026-07-05 22:30:49  INFO      main  [MyCo] Found 0 channels
2026-07-05 22:30:49  INFO      main  [Tapmad] Found 0 channels
2026-07-05 22:30:49  INFO      main  [Tamasha] Found 0 channels
2026-07-05 22:30:49  INFO      main  [ShoqPK] Found 0 channels
2026-07-05 22:30:49  INFO      main  Total unique channels after merge: 0
2026-07-05 22:30:49  INFO      main  Validating 0 channels…
2026-07-05 22:30:49  INFO      main  Validation complete: 0 live, 0 dead (removed)
2026-07-05 22:30:49  INFO      main  Diff → +0 new, -0 removed
2026-07-05 22:30:49  INFO      main  Saved 0 channels → output/
2026-07-05 22:30:49  INFO      main  Scrape cycle complete.
2026-07-06 00:09:18  INFO      main  ============================================================
2026-07-06 00:09:18  INFO      main  Scrape cycle started at 2026-07-06 00:09:18
2026-07-06 00:09:18  INFO      main  [Tamasha] Starting scrape…
2026-07-06 00:09:18  INFO      main  [Tapmad] Starting scrape…
2026-07-06 00:09:18  INFO      main  [MyCo] Starting scrape…
2026-07-06 00:09:18  INFO      main  [ShoqPK] Starting scrape…
2026-07-06 00:09:18  INFO      main  [MyCo] Found 0 channels
2026-07-06 00:09:18  INFO      main  [Tapmad] Found 0 channels
2026-07-06 00:09:18  INFO      main  [ShoqPK] Found 0 channels
2026-07-06 00:09:18  INFO      main  [Tamasha] Found 0 channels
2026-07-06 00:09:18  INFO      main  Total unique channels after merge: 0
2026-07-06 00:09:18  INFO      main  Validating 0 channels…
2026-07-06 00:09:18  INFO      main  Validation complete: 0 live, 0 dead (removed)
2026-07-06 00:09:18  INFO      main  Diff → +0 new, -0 removed
2026-07-06 00:09:18  INFO      main  Saved 0 channels → output/
2026-07-06 00:09:18  INFO      main  Scrape cycle complete.
2026-07-06 04:51:55  INFO      main  ============================================================
2026-07-06 04:51:55  INFO      main  Scrape cycle started at 2026-07-06 04:51:55
2026-07-06 04:51:55  INFO      main  [Tamasha] Starting scrape…
2026-07-06 04:51:55  INFO      main  [Tapmad] Starting scrape…
2026-07-06 04:51:55  INFO      main  [MyCo] Starting scrape…
2026-07-06 04:51:55  INFO      main  [ShoqPK] Starting scrape…
2026-07-06 04:51:55  INFO      main  [MyCo] Found 0 channels
2026-07-06 04:51:55  INFO      main  [Tapmad] Found 0 channels
2026-07-06 04:51:55  INFO      main  [ShoqPK] Found 0 channels
2026-07-06 04:51:55  INFO      main  [Tamasha] Found 0 channels
2026-07-06 04:51:55  INFO      main  Total unique channels after merge: 0
2026-07-06 04:51:55  INFO      main  Validating 0 channels…
2026-07-06 04:51:55  INFO      main  Validation complete: 0 live, 0 dead (removed)
2026-07-06 04:51:55  INFO      main  Diff → +0 new, -0 removed
2026-07-06 04:51:55  INFO      main  Saved 0 channels → output/
2026-07-06 04:51:55  INFO      main  Scrape cycle complete.
2026-07-06 09:01:37  INFO      main  ============================================================
2026-07-06 09:01:37  INFO      main  Scrape cycle started at 2026-07-06 09:01:37
2026-07-06 09:01:37  INFO      main  [Tamasha] Starting scrape…
2026-07-06 09:01:37  INFO      main  [Tapmad] Starting scrape…
2026-07-06 09:01:37  INFO      main  [MyCo] Starting scrape…
2026-07-06 09:01:37  INFO      main  [ShoqPK] Starting scrape…
2026-07-06 09:01:37  INFO      main  [Tapmad] Found 0 channels
2026-07-06 09:01:37  INFO      main  [MyCo] Found 0 channels
2026-07-06 09:01:37  INFO      main  [ShoqPK] Found 0 channels
2026-07-06 09:01:37  INFO      main  [Tamasha] Found 0 channels
2026-07-06 09:01:37  INFO      main  Total unique channels after merge: 0
2026-07-06 09:01:37  INFO      main  Validating 0 channels…
2026-07-06 09:01:37  INFO      main  Validation complete: 0 live, 0 dead (removed)
2026-07-06 09:01:37  INFO      main  Diff → +0 new, -0 removed
2026-07-06 09:01:37  INFO      main  Saved 0 channels → output/
2026-07-06 09:01:37  INFO      main  Scrape cycle complete.
2026-07-06 13:04:57  INFO      main  ============================================================
2026-07-06 13:04:57  INFO      main  Scrape cycle started at 2026-07-06 13:04:57
2026-07-06 13:04:57  INFO      main  [Tamasha] Starting scrape…
2026-07-06 13:04:57  INFO      main  [Tapmad] Starting scrape…
2026-07-06 13:04:57  INFO      main  [MyCo] Starting scrape…
2026-07-06 13:04:57  INFO      main  [ShoqPK] Starting scrape…
2026-07-06 13:04:57  INFO      main  [MyCo] Found 0 channels
2026-07-06 13:04:57  INFO      main  [Tapmad] Found 0 channels
2026-07-06 13:04:58  INFO      main  [Tamasha] Found 0 channels
2026-07-06 13:04:58  INFO      main  [ShoqPK] Found 0 channels
2026-07-06 13:04:58  INFO      main  Total unique channels after merge: 0
2026-07-06 13:04:58  INFO      main  Validating 0 channels…
2026-07-06 13:04:58  INFO      main  Validation complete: 0 live, 0 dead (removed)
2026-07-06 13:04:58  INFO      main  Diff → +0 new, -0 removed
2026-07-06 13:04:58  INFO      main  Saved 0 channels → output/
2026-07-06 13:04:58  INFO      main  Scrape cycle complete.
2026-07-06 16:37:31  INFO      main  ============================================================
2026-07-06 16:37:31  INFO      main  Scrape cycle started at 2026-07-06 16:37:31
2026-07-06 16:37:31  INFO      main  [Tamasha] Starting scrape…
2026-07-06 16:37:31  INFO      main  [Tapmad] Starting scrape…
2026-07-06 16:37:31  INFO      main  [MyCo] Starting scrape…
2026-07-06 16:37:31  INFO      main  [ShoqPK] Starting scrape…
2026-07-06 16:37:31  INFO      main  [MyCo] Found 0 channels
2026-07-06 16:37:31  INFO      main  [Tapmad] Found 0 channels
2026-07-06 16:37:32  INFO      main  [ShoqPK] Found 0 channels
2026-07-06 16:37:32  INFO      main  [Tamasha] Found 0 channels
2026-07-06 16:37:32  INFO      main  Total unique channels after merge: 0
2026-07-06 16:37:32  INFO      main  Validating 0 channels…
2026-07-06 16:37:32  INFO      main  Validation complete: 0 live, 0 dead (removed)
2026-07-06 16:37:32  INFO      main  Diff → +0 new, -0 removed
2026-07-06 16:37:32  INFO      main  Saved 0 channels → output/
2026-07-06 16:37:32  INFO      main  Scrape cycle complete.
2026-07-06 18:56:04  INFO      main  ============================================================
2026-07-06 18:56:04  INFO      main  Scrape cycle started at 2026-07-06 18:56:04
2026-07-06 18:56:04  INFO      main  [Tamasha] Starting scrape…
2026-07-06 18:56:04  INFO      main  [Tapmad] Starting scrape…
2026-07-06 18:56:04  INFO      main  [MyCo] Starting scrape…
2026-07-06 18:56:04  INFO      main  [ShoqPK] Starting scrape…
2026-07-06 18:56:04  INFO      main  [MyCo] Found 0 channels
2026-07-06 18:56:04  INFO      main  [Tapmad] Found 0 channels
2026-07-06 18:56:04  INFO      main  [ShoqPK] Found 0 channels
2026-07-06 18:56:04  INFO      main  [Tamasha] Found 0 channels
2026-07-06 18:56:04  INFO      main  Total unique channels after merge: 0
2026-07-06 18:56:04  INFO      main  Validating 0 channels…
2026-07-06 18:56:04  INFO      main  Validation complete: 0 live, 0 dead (removed)
2026-07-06 18:56:04  INFO      main  Diff → +0 new, -0 removed
2026-07-06 18:56:04  INFO      main  Saved 0 channels → output/
2026-07-06 18:56:04  INFO      main  Scrape cycle complete.
2026-07-06 20:54:09  INFO      main  ============================================================
2026-07-06 20:54:09  INFO      main  Scrape cycle started at 2026-07-06 20:54:09
2026-07-06 20:54:09  INFO      main  [Tamasha] Starting scrape…
2026-07-06 20:54:09  INFO      main  [Tapmad] Starting scrape…
2026-07-06 20:54:09  INFO      main  [MyCo] Starting scrape…
2026-07-06 20:54:09  INFO      main  [ShoqPK] Starting scrape…
2026-07-06 20:54:09  INFO      main  [MyCo] Found 0 channels
2026-07-06 20:54:09  INFO      main  [Tapmad] Found 0 channels
2026-07-06 20:54:09  INFO      main  [ShoqPK] Found 0 channels
2026-07-06 20:54:09  INFO      main  [Tamasha] Found 0 channels
2026-07-06 20:54:09  INFO      main  Total unique channels after merge: 0
2026-07-06 20:54:09  INFO      main  Validating 0 channels…
2026-07-06 20:54:09  INFO      main  Validation complete: 0 live, 0 dead (removed)
2026-07-06 20:54:09  INFO      main  Diff → +0 new, -0 removed
2026-07-06 20:54:09  INFO      main  Saved 0 channels → output/
2026-07-06 20:54:09  INFO      main  Scrape cycle complete.
2026-07-06 22:14:48  INFO      main  ============================================================
2026-07-06 22:14:48  INFO      main  Scrape cycle started at 2026-07-06 22:14:48
2026-07-06 22:14:48  INFO      main  [Tamasha] Starting scrape…
2026-07-06 22:14:48  INFO      main  [Tapmad] Starting scrape…
2026-07-06 22:14:48  INFO      main  [MyCo] Starting scrape…
2026-07-06 22:14:48  INFO      main  [ShoqPK] Starting scrape…
2026-07-06 22:14:48  INFO      main  [MyCo] Found 0 channels
2026-07-06 22:14:48  INFO      main  [Tapmad] Found 0 channels
2026-07-06 22:14:48  INFO      main  [Tamasha] Found 0 channels
2026-07-06 22:14:48  INFO      main  [ShoqPK] Found 0 channels
2026-07-06 22:14:48  INFO      main  Total unique channels after merge: 0
2026-07-06 22:14:48  INFO      main  Validating 0 channels…
2026-07-06 22:14:48  INFO      main  Validation complete: 0 live, 0 dead (removed)
2026-07-06 22:14:48  INFO      main  Diff → +0 new, -0 removed
2026-07-06 22:14:48  INFO      main  Saved 0 channels → output/
2026-07-06 22:14:48  INFO      main  Scrape cycle complete.
2026-07-06 23:38:16  INFO      main  ============================================================
2026-07-06 23:38:16  INFO      main  Scrape cycle started at 2026-07-06 23:38:16
2026-07-06 23:38:16  INFO      main  [Tamasha] Starting scrape…
2026-07-06 23:38:16  INFO      main  [Tapmad] Starting scrape…
2026-07-06 23:38:16  INFO      main  [MyCo] Starting scrape…
2026-07-06 23:38:16  INFO      main  [ShoqPK] Starting scrape…
2026-07-06 23:38:16  INFO      main  [Tapmad] Found 0 channels
2026-07-06 23:38:16  INFO      main  [MyCo] Found 0 channels
2026-07-06 23:38:16  INFO      main  [ShoqPK] Found 0 channels
2026-07-06 23:38:16  INFO      main  [Tamasha] Found 0 channels
2026-07-06 23:38:16  INFO      main  Total unique channels after merge: 0
2026-07-06 23:38:16  INFO      main  Validating 0 channels…
2026-07-06 23:38:16  INFO      main  Validation complete: 0 live, 0 dead (removed)
2026-07-06 23:38:16  INFO      main  Diff → +0 new, -0 removed
2026-07-06 23:38:16  INFO      main  Saved 0 channels → output/
2026-07-06 23:38:16  INFO      main  Scrape cycle complete.
2026-07-07 03:38:03  INFO      main  ============================================================
2026-07-07 03:38:03  INFO      main  Scrape cycle started at 2026-07-07 03:38:03
2026-07-07 03:38:03  INFO      main  [Tamasha] Starting scrape…
2026-07-07 03:38:03  INFO      main  [Tapmad] Starting scrape…
2026-07-07 03:38:03  INFO      main  [MyCo] Starting scrape…
2026-07-07 03:38:03  INFO      main  [ShoqPK] Starting scrape…
2026-07-07 03:38:03  INFO      main  [MyCo] Found 0 channels
2026-07-07 03:38:03  INFO      main  [Tapmad] Found 0 channels
2026-07-07 03:38:03  INFO      main  [ShoqPK] Found 0 channels
2026-07-07 03:38:03  INFO      main  [Tamasha] Found 0 channels
2026-07-07 03:38:03  INFO      main  Total unique channels after merge: 0
2026-07-07 03:38:03  INFO      main  Validating 0 channels…
2026-07-07 03:38:03  INFO      main  Validation complete: 0 live, 0 dead (removed)
2026-07-07 03:38:03  INFO      main  Diff → +0 new, -0 removed
2026-07-07 03:38:03  INFO      main  Saved 0 channels → output/
2026-07-07 03:38:03  INFO      main  Scrape cycle complete.
2026-07-07 07:41:20  INFO      main  ============================================================
2026-07-07 07:41:20  INFO      main  Scrape cycle started at 2026-07-07 07:41:20
2026-07-07 07:41:20  INFO      main  [Tamasha] Starting scrape…
2026-07-07 07:41:20  INFO      main  [Tapmad] Starting scrape…
2026-07-07 07:41:20  INFO      main  [MyCo] Starting scrape…
2026-07-07 07:41:20  INFO      main  [ShoqPK] Starting scrape…
2026-07-07 07:41:20  INFO      main  [MyCo] Found 0 channels
2026-07-07 07:41:20  INFO      main  [Tapmad] Found 0 channels
2026-07-07 07:41:20  INFO      main  [ShoqPK] Found 0 channels
2026-07-07 07:41:20  INFO      main  [Tamasha] Found 0 channels
2026-07-07 07:41:20  INFO      main  Total unique channels after merge: 0
2026-07-07 07:41:20  INFO      main  Validating 0 channels…
2026-07-07 07:41:20  INFO      main  Validation complete: 0 live, 0 dead (removed)
2026-07-07 07:41:20  INFO      main  Diff → +0 new, -0 removed
2026-07-07 07:41:20  INFO      main  Saved 0 channels → output/
2026-07-07 07:41:20  INFO      main  Scrape cycle complete.
2026-07-07 11:09:39  INFO      main  ============================================================
2026-07-07 11:09:39  INFO      main  Scrape cycle started at 2026-07-07 11:09:39
2026-07-07 11:09:39  INFO      main  [Tamasha] Starting scrape…
2026-07-07 11:09:39  INFO      main  [Tapmad] Starting scrape…
2026-07-07 11:09:39  INFO      main  [MyCo] Starting scrape…
2026-07-07 11:09:39  INFO      main  [ShoqPK] Starting scrape…
2026-07-07 11:09:39  INFO      main  [MyCo] Found 0 channels
2026-07-07 11:09:39  INFO      main  [Tapmad] Found 0 channels
2026-07-07 11:09:39  INFO      main  [ShoqPK] Found 0 channels
2026-07-07 11:09:40  INFO      main  [Tamasha] Found 0 channels
2026-07-07 11:09:40  INFO      main  Total unique channels after merge: 0
2026-07-07 11:09:40  INFO      main  Validating 0 channels…
2026-07-07 11:09:40  INFO      main  Validation complete: 0 live, 0 dead (removed)
2026-07-07 11:09:40  INFO      main  Diff → +0 new, -0 removed
2026-07-07 11:09:40  INFO      main  Saved 0 channels → output/
2026-07-07 11:09:40  INFO      main  Scrape cycle complete.
2026-07-07 13:34:37  INFO      main  ============================================================
2026-07-07 13:34:37  INFO      main  Scrape cycle started at 2026-07-07 13:34:37
2026-07-07 13:34:37  INFO      main  [Tamasha] Starting scrape…
2026-07-07 13:34:37  INFO      main  [Tapmad] Starting scrape…
2026-07-07 13:34:37  INFO      main  [MyCo] Starting scrape…
2026-07-07 13:34:37  INFO      main  [ShoqPK] Starting scrape…
2026-07-07 13:34:37  INFO      main  [MyCo] Found 0 channels
2026-07-07 13:34:37  INFO      main  [Tapmad] Found 0 channels
2026-07-07 13:34:37  INFO      main  [ShoqPK] Found 0 channels
2026-07-07 13:34:38  INFO      main  [Tamasha] Found 0 channels
2026-07-07 13:34:38  INFO      main  Total unique channels after merge: 0
2026-07-07 13:34:38  INFO      main  Validating 0 channels…
2026-07-07 13:34:38  INFO      main  Validation complete: 0 live, 0 dead (removed)
2026-07-07 13:34:38  INFO      main  Diff → +0 new, -0 removed
2026-07-07 13:34:38  INFO      main  Saved 0 channels → output/
2026-07-07 13:34:38  INFO      main  Scrape cycle complete.
2026-07-07 16:32:58  INFO      main  ============================================================
2026-07-07 16:32:58  INFO      main  Scrape cycle started at 2026-07-07 16:32:58
2026-07-07 16:32:58  INFO      main  [Tamasha] Starting scrape…
2026-07-07 16:32:58  INFO      main  [Tapmad] Starting scrape…
2026-07-07 16:32:58  INFO      main  [MyCo] Starting scrape…
2026-07-07 16:32:58  INFO      main  [ShoqPK] Starting scrape…
2026-07-07 16:32:58  INFO      main  [MyCo] Found 0 channels
2026-07-07 16:32:58  INFO      main  [Tapmad] Found 0 channels
2026-07-07 16:32:58  INFO      main  [Tamasha] Found 0 channels
2026-07-07 16:32:58  INFO      main  [ShoqPK] Found 0 channels
2026-07-07 16:32:58  INFO      main  Total unique channels after merge: 0
2026-07-07 16:32:58  INFO      main  Validating 0 channels…
2026-07-07 16:32:58  INFO      main  Validation complete: 0 live, 0 dead (removed)
2026-07-07 16:32:58  INFO      main  Diff → +0 new, -0 removed
2026-07-07 16:32:58  INFO      main  Saved 0 channels → output/
2026-07-07 16:32:58  INFO      main  Scrape cycle complete.
2026-07-07 19:04:00  INFO      main  ============================================================
2026-07-07 19:04:00  INFO      main  Scrape cycle started at 2026-07-07 19:04:00
2026-07-07 19:04:00  INFO      main  [Tamasha] Starting scrape…
2026-07-07 19:04:00  INFO      main  [Tapmad] Starting scrape…
2026-07-07 19:04:00  INFO      main  [MyCo] Starting scrape…
2026-07-07 19:04:00  INFO      main  [ShoqPK] Starting scrape…
2026-07-07 19:04:00  INFO      main  [Tapmad] Found 0 channels
2026-07-07 19:04:00  INFO      main  [Tamasha] Found 0 channels
2026-07-07 19:04:00  INFO      main  [MyCo] Found 0 channels
2026-07-07 19:04:00  INFO      main  [ShoqPK] Found 0 channels
2026-07-07 19:04:00  INFO      main  Total unique channels after merge: 0
2026-07-07 19:04:00  INFO      main  Validating 0 channels…
2026-07-07 19:04:00  INFO      main  Validation complete: 0 live, 0 dead (removed)
2026-07-07 19:04:00  INFO      main  Diff → +0 new, -0 removed
2026-07-07 19:04:00  INFO      main  Saved 0 channels → output/
2026-07-07 19:04:00  INFO      main  Scrape cycle complete.
2026-07-07 21:06:24  INFO      main  ============================================================
2026-07-07 21:06:24  INFO      main  Scrape cycle started at 2026-07-07 21:06:24
2026-07-07 21:06:24  INFO      main  [Tamasha] Starting scrape…
2026-07-07 21:06:24  INFO      main  [Tapmad] Starting scrape…
2026-07-07 21:06:24  INFO      main  [MyCo] Starting scrape…
2026-07-07 21:06:24  INFO      main  [ShoqPK] Starting scrape…
2026-07-07 21:06:24  INFO      main  [Tapmad] Found 0 channels
2026-07-07 21:06:24  INFO      main  [MyCo] Found 0 channels
2026-07-07 21:06:24  INFO      main  [ShoqPK] Found 0 channels
2026-07-07 21:06:24  INFO      main  [Tamasha] Found 0 channels
2026-07-07 21:06:24  INFO      main  Total unique channels after merge: 0
2026-07-07 21:06:24  INFO      main  Validating 0 channels…
2026-07-07 21:06:24  INFO      main  Validation complete: 0 live, 0 dead (removed)
2026-07-07 21:06:24  INFO      main  Diff → +0 new, -0 removed
2026-07-07 21:06:24  INFO      main  Saved 0 channels → output/
2026-07-07 21:06:24  INFO      main  Scrape cycle complete.
2026-07-07 22:38:07  INFO      main  ============================================================
2026-07-07 22:38:07  INFO      main  Scrape cycle started at 2026-07-07 22:38:07
2026-07-07 22:38:07  INFO      main  [Tamasha] Starting scrape…
2026-07-07 22:38:07  INFO      main  [Tapmad] Starting scrape…
2026-07-07 22:38:07  INFO      main  [MyCo] Starting scrape…
2026-07-07 22:38:07  INFO      main  [ShoqPK] Starting scrape…
2026-07-07 22:38:07  INFO      main  [MyCo] Found 0 channels
2026-07-07 22:38:07  INFO      main  [Tapmad] Found 0 channels
2026-07-07 22:38:07  INFO      main  [Tamasha] Found 0 channels
2026-07-07 22:38:08  INFO      main  [ShoqPK] Found 0 channels
2026-07-07 22:38:08  INFO      main  Total unique channels after merge: 0
2026-07-07 22:38:08  INFO      main  Validating 0 channels…
2026-07-07 22:38:08  INFO      main  Validation complete: 0 live, 0 dead (removed)
2026-07-07 22:38:08  INFO      main  Diff → +0 new, -0 removed
2026-07-07 22:38:08  INFO      main  Saved 0 channels → output/
2026-07-07 22:38:08  INFO      main  Scrape cycle complete.
2026-07-07 23:58:58  INFO      main  ============================================================
2026-07-07 23:58:58  INFO      main  Scrape cycle started at 2026-07-07 23:58:58
2026-07-07 23:58:58  INFO      main  [Tamasha] Starting scrape…
2026-07-07 23:58:58  INFO      main  [Tapmad] Starting scrape…
2026-07-07 23:58:58  INFO      main  [MyCo] Starting scrape…
2026-07-07 23:58:58  INFO      main  [ShoqPK] Starting scrape…
2026-07-07 23:58:58  INFO      main  [MyCo] Found 0 channels
2026-07-07 23:58:58  INFO      main  [Tapmad] Found 0 channels
2026-07-07 23:58:59  INFO      main  [Tamasha] Found 0 channels
2026-07-07 23:58:59  INFO      main  [ShoqPK] Found 0 channels
2026-07-07 23:58:59  INFO      main  Total unique channels after merge: 0
2026-07-07 23:58:59  INFO      main  Validating 0 channels…
2026-07-07 23:58:59  INFO      main  Validation complete: 0 live, 0 dead (removed)
2026-07-07 23:58:59  INFO      main  Diff → +0 new, -0 removed
2026-07-07 23:58:59  INFO      main  Saved 0 channels → output/
2026-07-07 23:58:59  INFO      main  Scrape cycle complete.
2026-07-08 03:35:57  INFO      main  ============================================================
2026-07-08 03:35:57  INFO      main  Scrape cycle started at 2026-07-08 03:35:57
2026-07-08 03:35:57  INFO      main  [Tamasha] Starting scrape…
2026-07-08 03:35:57  INFO      main  [Tapmad] Starting scrape…
2026-07-08 03:35:57  INFO      main  [MyCo] Starting scrape…
2026-07-08 03:35:57  INFO      main  [ShoqPK] Starting scrape…
2026-07-08 03:35:57  INFO      main  [MyCo] Found 0 channels
2026-07-08 03:35:57  INFO      main  [Tapmad] Found 0 channels
2026-07-08 03:35:58  INFO      main  [ShoqPK] Found 0 channels
2026-07-08 03:35:58  INFO      main  [Tamasha] Found 0 channels
2026-07-08 03:35:58  INFO      main  Total unique channels after merge: 0
2026-07-08 03:35:58  INFO      main  Validating 0 channels…
2026-07-08 03:35:58  INFO      main  Validation complete: 0 live, 0 dead (removed)
2026-07-08 03:35:58  INFO      main  Diff → +0 new, -0 removed
2026-07-08 03:35:58  INFO      main  Saved 0 channels → output/
2026-07-08 03:35:58  INFO      main  Scrape cycle complete.
2026-07-08 06:29:41  INFO      main  ============================================================
2026-07-08 06:29:41  INFO      main  Scrape cycle started at 2026-07-08 06:29:41
2026-07-08 06:29:41  INFO      main  [Tamasha] Starting scrape…
2026-07-08 06:29:41  INFO      main  [Tapmad] Starting scrape…
2026-07-08 06:29:41  INFO      main  [MyCo] Starting scrape…
2026-07-08 06:29:41  INFO      main  [ShoqPK] Starting scrape…
2026-07-08 06:29:41  INFO      main  [MyCo] Found 0 channels
2026-07-08 06:29:41  INFO      main  [Tapmad] Found 0 channels
2026-07-08 06:29:41  INFO      main  [Tamasha] Found 0 channels
2026-07-08 06:29:41  INFO      main  [ShoqPK] Found 0 channels
2026-07-08 06:29:41  INFO      main  Total unique channels after merge: 0
2026-07-08 06:29:41  INFO      main  Validating 0 channels…
2026-07-08 06:29:41  INFO      main  Validation complete: 0 live, 0 dead (removed)
2026-07-08 06:29:41  INFO      main  Diff → +0 new, -0 removed
2026-07-08 06:29:41  INFO      main  Saved 0 channels → output/
2026-07-08 06:29:41  INFO      main  Scrape cycle complete.
2026-07-08 09:09:06  INFO      main  ============================================================
2026-07-08 09:09:06  INFO      main  Scrape cycle started at 2026-07-08 09:09:06
2026-07-08 09:09:06  INFO      main  [Tamasha] Starting scrape…
2026-07-08 09:09:06  INFO      main  [Tapmad] Starting scrape…
2026-07-08 09:09:06  INFO      main  [MyCo] Starting scrape…
2026-07-08 09:09:06  INFO      main  [ShoqPK] Starting scrape…
2026-07-08 09:09:06  INFO      main  [Tapmad] Found 0 channels
2026-07-08 09:09:06  INFO      main  [MyCo] Found 0 channels
2026-07-08 09:09:06  INFO      main  [ShoqPK] Found 0 channels
2026-07-08 09:09:06  INFO      main  [Tamasha] Found 0 channels
2026-07-08 09:09:06  INFO      main  Total unique channels after merge: 0
2026-07-08 09:09:06  INFO      main  Validating 0 channels…
2026-07-08 09:09:06  INFO      main  Validation complete: 0 live, 0 dead (removed)
2026-07-08 09:09:06  INFO      main  Diff → +0 new, -0 removed
2026-07-08 09:09:06  INFO      main  Saved 0 channels → output/
2026-07-08 09:09:06  INFO      main  Scrape cycle complete.
2026-07-08 11:23:04  INFO      main  ============================================================
2026-07-08 11:23:04  INFO      main  Scrape cycle started at 2026-07-08 11:23:04
2026-07-08 11:23:04  INFO      main  [Tamasha] Starting scrape…
2026-07-08 11:23:04  INFO      main  [Tapmad] Starting scrape…
2026-07-08 11:23:04  INFO      main  [MyCo] Starting scrape…
2026-07-08 11:23:04  INFO      main  [ShoqPK] Starting scrape…
2026-07-08 11:23:04  INFO      main  [MyCo] Found 0 channels
2026-07-08 11:23:04  INFO      main  [Tamasha] Found 0 channels
2026-07-08 11:23:04  INFO      main  [Tapmad] Found 0 channels
2026-07-08 11:23:05  INFO      main  [ShoqPK] Found 0 channels
2026-07-08 11:23:05  INFO      main  Total unique channels after merge: 0
2026-07-08 11:23:05  INFO      main  Validating 0 channels…
2026-07-08 11:23:05  INFO      main  Validation complete: 0 live, 0 dead (removed)
2026-07-08 11:23:05  INFO      main  Diff → +0 new, -0 removed
2026-07-08 11:23:05  INFO      main  Saved 0 channels → output/
2026-07-08 11:23:05  INFO      main  Scrape cycle complete.
2026-07-08 13:06:20  INFO      main  ============================================================
2026-07-08 13:06:20  INFO      main  Scrape cycle started at 2026-07-08 13:06:20
2026-07-08 13:06:20  INFO      main  [Tamasha] Starting scrape…
2026-07-08 13:06:20  INFO      main  [Tapmad] Starting scrape…
2026-07-08 13:06:20  INFO      main  [MyCo] Starting scrape…
2026-07-08 13:06:20  INFO      main  [ShoqPK] Starting scrape…
2026-07-08 13:06:21  INFO      main  [Tapmad] Found 0 channels
2026-07-08 13:06:21  INFO      main  [MyCo] Found 0 channels
2026-07-08 13:06:21  INFO      main  [ShoqPK] Found 0 channels
2026-07-08 13:06:21  INFO      main  [Tamasha] Found 0 channels
2026-07-08 13:06:21  INFO      main  Total unique channels after merge: 0
2026-07-08 13:06:21  INFO      main  Validating 0 channels…
2026-07-08 13:06:21  INFO      main  Validation complete: 0 live, 0 dead (removed)
2026-07-08 13:06:21  INFO      main  Diff → +0 new, -0 removed
2026-07-08 13:06:21  INFO      main  Saved 0 channels → output/
2026-07-08 13:06:21  INFO      main  Scrape cycle complete.
2026-07-08 15:41:53  INFO      main  ============================================================
2026-07-08 15:41:53  INFO      main  Scrape cycle started at 2026-07-08 15:41:53
2026-07-08 15:41:53  INFO      main  [Tamasha] Starting scrape…
2026-07-08 15:41:53  INFO      main  [Tapmad] Starting scrape…
2026-07-08 15:41:53  INFO      main  [MyCo] Starting scrape…
2026-07-08 15:41:53  INFO      main  [ShoqPK] Starting scrape…
2026-07-08 15:41:53  INFO      main  [Tapmad] Found 0 channels
2026-07-08 15:41:53  INFO      main  [MyCo] Found 0 channels
2026-07-08 15:41:54  INFO      main  [Tamasha] Found 0 channels
2026-07-08 15:41:54  INFO      main  [ShoqPK] Found 0 channels
2026-07-08 15:41:54  INFO      main  Total unique channels after merge: 0
2026-07-08 15:41:54  INFO      main  Validating 0 channels…
2026-07-08 15:41:54  INFO      main  Validation complete: 0 live, 0 dead (removed)
2026-07-08 15:41:54  INFO      main  Diff → +0 new, -0 removed
2026-07-08 15:41:54  INFO      main  Saved 0 channels → output/
2026-07-08 15:41:54  INFO      main  Scrape cycle complete.
2026-07-08 17:39:15  INFO      main  ============================================================
2026-07-08 17:39:15  INFO      main  Scrape cycle started at 2026-07-08 17:39:15
2026-07-08 17:39:15  INFO      main  [Tamasha] Starting scrape…
2026-07-08 17:39:15  INFO      main  [Tapmad] Starting scrape…
2026-07-08 17:39:15  INFO      main  [MyCo] Starting scrape…
2026-07-08 17:39:15  INFO      main  [ShoqPK] Starting scrape…
2026-07-08 17:39:15  INFO      main  [Tapmad] Found 0 channels
2026-07-08 17:39:15  INFO      main  [MyCo] Found 0 channels
2026-07-08 17:39:16  INFO      main  [ShoqPK] Found 0 channels
2026-07-08 17:39:16  INFO      main  [Tamasha] Found 0 channels
2026-07-08 17:39:16  INFO      main  Total unique channels after merge: 0
2026-07-08 17:39:16  INFO      main  Validating 0 channels…
2026-07-08 17:39:16  INFO      main  Validation complete: 0 live, 0 dead (removed)
2026-07-08 17:39:16  INFO      main  Diff → +0 new, -0 removed
2026-07-08 17:39:16  INFO      main  Saved 0 channels → output/
2026-07-08 17:39:16  INFO      main  Scrape cycle complete.
2026-07-08 19:35:40  INFO      main  ============================================================
2026-07-08 19:35:40  INFO      main  Scrape cycle started at 2026-07-08 19:35:40
2026-07-08 19:35:40  INFO      main  [Tamasha] Starting scrape…
2026-07-08 19:35:40  INFO      main  [Tapmad] Starting scrape…
2026-07-08 19:35:40  INFO      main  [MyCo] Starting scrape…
2026-07-08 19:35:40  INFO      main  [ShoqPK] Starting scrape…
2026-07-08 19:35:40  INFO      main  [Tapmad] Found 0 channels
2026-07-08 19:35:40  INFO      main  [MyCo] Found 0 channels
2026-07-08 19:35:40  INFO      main  [ShoqPK] Found 0 channels
2026-07-08 19:35:41  INFO      main  [Tamasha] Found 0 channels
2026-07-08 19:35:41  INFO      main  Total unique channels after merge: 0
2026-07-08 19:35:41  INFO      main  Validating 0 channels…
2026-07-08 19:35:41  INFO      main  Validation complete: 0 live, 0 dead (removed)
2026-07-08 19:35:41  INFO      main  Diff → +0 new, -0 removed
2026-07-08 19:35:41  INFO      main  Saved 0 channels → output/
2026-07-08 19:35:41  INFO      main  Scrape cycle complete.
2026-07-08 21:09:24  INFO      main  ============================================================
2026-07-08 21:09:24  INFO      main  Scrape cycle started at 2026-07-08 21:09:24
2026-07-08 21:09:24  INFO      main  [Tamasha] Starting scrape…
2026-07-08 21:09:24  INFO      main  [Tapmad] Starting scrape…
2026-07-08 21:09:24  INFO      main  [MyCo] Starting scrape…
2026-07-08 21:09:24  INFO      main  [ShoqPK] Starting scrape…
2026-07-08 21:09:24  INFO      main  [Tapmad] Found 0 channels
2026-07-08 21:09:24  INFO      main  [MyCo] Found 0 channels
2026-07-08 21:09:24  INFO      main  [ShoqPK] Found 0 channels
2026-07-08 21:09:24  INFO      main  [Tamasha] Found 0 channels
2026-07-08 21:09:24  INFO      main  Total unique channels after merge: 0
2026-07-08 21:09:24  INFO      main  Validating 0 channels…
2026-07-08 21:09:24  INFO      main  Validation complete: 0 live, 0 dead (removed)
2026-07-08 21:09:24  INFO      main  Diff → +0 new, -0 removed
2026-07-08 21:09:24  INFO      main  Saved 0 channels → output/
2026-07-08 21:09:24  INFO      main  Scrape cycle complete.
2026-07-08 22:32:36  INFO      main  ============================================================
2026-07-08 22:32:36  INFO      main  Scrape cycle started at 2026-07-08 22:32:36
2026-07-08 22:32:36  INFO      main  [Tamasha] Starting scrape…
2026-07-08 22:32:36  INFO      main  [Tapmad] Starting scrape…
2026-07-08 22:32:36  INFO      main  [MyCo] Starting scrape…
2026-07-08 22:32:36  INFO      main  [ShoqPK] Starting scrape…
2026-07-08 22:32:36  INFO      main  [Tapmad] Found 0 channels
2026-07-08 22:32:36  INFO      main  [MyCo] Found 0 channels
2026-07-08 22:32:36  INFO      main  [ShoqPK] Found 0 channels
2026-07-08 22:32:36  INFO      main  [Tamasha] Found 0 channels
2026-07-08 22:32:36  INFO      main  Total unique channels after merge: 0
2026-07-08 22:32:36  INFO      main  Validating 0 channels…
2026-07-08 22:32:36  INFO      main  Validation complete: 0 live, 0 dead (removed)
2026-07-08 22:32:36  INFO      main  Diff → +0 new, -0 removed
2026-07-08 22:32:36  INFO      main  Saved 0 channels → output/
2026-07-08 22:32:36  INFO      main  Scrape cycle complete.
2026-07-09 00:12:47  INFO      main  ============================================================
2026-07-09 00:12:47  INFO      main  Scrape cycle started at 2026-07-09 00:12:47
2026-07-09 00:12:47  INFO      main  [Tamasha] Starting scrape…
2026-07-09 00:12:47  INFO      main  [Tapmad] Starting scrape…
2026-07-09 00:12:47  INFO      main  [MyCo] Starting scrape…
2026-07-09 00:12:47  INFO      main  [ShoqPK] Starting scrape…
2026-07-09 00:12:48  INFO      main  [Tapmad] Found 0 channels
2026-07-09 00:12:48  INFO      main  [MyCo] Found 0 channels
2026-07-09 00:12:48  INFO      main  [ShoqPK] Found 0 channels
2026-07-09 00:12:48  INFO      main  [Tamasha] Found 0 channels
2026-07-09 00:12:48  INFO      main  Total unique channels after merge: 0
2026-07-09 00:12:48  INFO      main  Validating 0 channels…
2026-07-09 00:12:48  INFO      main  Validation complete: 0 live, 0 dead (removed)
2026-07-09 00:12:48  INFO      main  Diff → +0 new, -0 removed
2026-07-09 00:12:48  INFO      main  Saved 0 channels → output/
2026-07-09 00:12:48  INFO      main  Scrape cycle complete.
2026-07-09 04:31:04  INFO      main  ============================================================
2026-07-09 04:31:04  INFO      main  Scrape cycle started at 2026-07-09 04:31:04
2026-07-09 04:31:04  INFO      main  [Tamasha] Starting scrape…
2026-07-09 04:31:04  INFO      main  [Tapmad] Starting scrape…
2026-07-09 04:31:04  INFO      main  [MyCo] Starting scrape…
2026-07-09 04:31:04  INFO      main  [ShoqPK] Starting scrape…
2026-07-09 04:31:04  INFO      main  [Tapmad] Found 0 channels
2026-07-09 04:31:04  INFO      main  [MyCo] Found 0 channels
2026-07-09 04:31:04  INFO      main  [ShoqPK] Found 0 channels
2026-07-09 04:31:05  INFO      main  [Tamasha] Found 0 channels
2026-07-09 04:31:05  INFO      main  Total unique channels after merge: 0
2026-07-09 04:31:05  INFO      main  Validating 0 channels…
2026-07-09 04:31:05  INFO      main  Validation complete: 0 live, 0 dead (removed)
2026-07-09 04:31:05  INFO      main  Diff → +0 new, -0 removed
2026-07-09 04:31:05  INFO      main  Saved 0 channels → output/
2026-07-09 04:31:05  INFO      main  Scrape cycle complete.
2026-07-09 08:29:45  INFO      main  ============================================================
2026-07-09 08:29:45  INFO      main  Scrape cycle started at 2026-07-09 08:29:45
2026-07-09 08:29:45  INFO      main  [Tamasha] Starting scrape…
2026-07-09 08:29:45  INFO      main  [Tapmad] Starting scrape…
2026-07-09 08:29:45  INFO      main  [MyCo] Starting scrape…
2026-07-09 08:29:45  INFO      main  [ShoqPK] Starting scrape…
2026-07-09 08:29:45  INFO      main  [MyCo] Found 0 channels
2026-07-09 08:29:45  INFO      main  [Tapmad] Found 0 channels
2026-07-09 08:29:45  INFO      main  [Tamasha] Found 0 channels
2026-07-09 08:29:46  INFO      main  [ShoqPK] Found 0 channels
2026-07-09 08:29:46  INFO      main  Total unique channels after merge: 0
2026-07-09 08:29:46  INFO      main  Validating 0 channels…
2026-07-09 08:29:46  INFO      main  Validation complete: 0 live, 0 dead (removed)
2026-07-09 08:29:46  INFO      main  Diff → +0 new, -0 removed
2026-07-09 08:29:46  INFO      main  Saved 0 channels → output/
2026-07-09 08:29:46  INFO      main  Scrape cycle complete.
2026-07-09 11:28:48  INFO      main  ============================================================
2026-07-09 11:28:48  INFO      main  Scrape cycle started at 2026-07-09 11:28:48
2026-07-09 11:28:48  INFO      main  [Tamasha] Starting scrape…
2026-07-09 11:28:48  INFO      main  [Tapmad] Starting scrape…
2026-07-09 11:28:48  INFO      main  [MyCo] Starting scrape…
2026-07-09 11:28:48  INFO      main  [ShoqPK] Starting scrape…
2026-07-09 11:28:48  INFO      main  [Tapmad] Found 0 channels
2026-07-09 11:28:48  INFO      main  [MyCo] Found 0 channels
2026-07-09 11:28:48  INFO      main  [ShoqPK] Found 0 channels
2026-07-09 11:28:48  INFO      main  [Tamasha] Found 0 channels
2026-07-09 11:28:48  INFO      main  Total unique channels after merge: 0
2026-07-09 11:28:48  INFO      main  Validating 0 channels…
2026-07-09 11:28:48  INFO      main  Validation complete: 0 live, 0 dead (removed)
2026-07-09 11:28:48  INFO      main  Diff → +0 new, -0 removed
2026-07-09 11:28:48  INFO      main  Saved 0 channels → output/
2026-07-09 11:28:48  INFO      main  Scrape cycle complete.
2026-07-09 14:08:13  INFO      main  ============================================================
2026-07-09 14:08:13  INFO      main  Scrape cycle started at 2026-07-09 14:08:13
2026-07-09 14:08:13  INFO      main  [Tamasha] Starting scrape…
2026-07-09 14:08:13  INFO      main  [Tapmad] Starting scrape…
2026-07-09 14:08:13  INFO      main  [MyCo] Starting scrape…
2026-07-09 14:08:13  INFO      main  [ShoqPK] Starting scrape…
2026-07-09 14:08:14  INFO      main  [Tapmad] Found 0 channels
2026-07-09 14:08:14  INFO      main  [MyCo] Found 0 channels
2026-07-09 14:08:14  INFO      main  [ShoqPK] Found 0 channels
2026-07-09 14:08:14  INFO      main  [Tamasha] Found 0 channels
2026-07-09 14:08:14  INFO      main  Total unique channels after merge: 0
2026-07-09 14:08:14  INFO      main  Validating 0 channels…
2026-07-09 14:08:14  INFO      main  Validation complete: 0 live, 0 dead (removed)
2026-07-09 14:08:14  INFO      main  Diff → +0 new, -0 removed
2026-07-09 14:08:14  INFO      main  Saved 0 channels → output/
2026-07-09 14:08:14  INFO      main  Scrape cycle complete.
2026-07-09 17:01:33  INFO      main  ============================================================
2026-07-09 17:01:33  INFO      main  Scrape cycle started at 2026-07-09 17:01:33
2026-07-09 17:01:33  INFO      main  [Tamasha] Starting scrape…
2026-07-09 17:01:33  INFO      main  [Tapmad] Starting scrape…
2026-07-09 17:01:33  INFO      main  [MyCo] Starting scrape…
2026-07-09 17:01:33  INFO      main  [ShoqPK] Starting scrape…
2026-07-09 17:01:34  INFO      main  [Tapmad] Found 0 channels
2026-07-09 17:01:34  INFO      main  [MyCo] Found 0 channels
2026-07-09 17:01:34  INFO      main  [Tamasha] Found 0 channels
2026-07-09 17:01:34  INFO      main  [ShoqPK] Found 0 channels
2026-07-09 17:01:34  INFO      main  Total unique channels after merge: 0
2026-07-09 17:01:34  INFO      main  Validating 0 channels…
2026-07-09 17:01:34  INFO      main  Validation complete: 0 live, 0 dead (removed)
2026-07-09 17:01:34  INFO      main  Diff → +0 new, -0 removed
2026-07-09 17:01:34  INFO      main  Saved 0 channels → output/
2026-07-09 17:01:34  INFO      main  Scrape cycle complete.
2026-07-09 19:08:18  INFO      main  ============================================================
2026-07-09 19:08:18  INFO      main  Scrape cycle started at 2026-07-09 19:08:18
2026-07-09 19:08:18  INFO      main  [Tamasha] Starting scrape…
2026-07-09 19:08:18  INFO      main  [Tapmad] Starting scrape…
2026-07-09 19:08:18  INFO      main  [MyCo] Starting scrape…
2026-07-09 19:08:18  INFO      main  [ShoqPK] Starting scrape…
2026-07-09 19:08:18  INFO      main  [MyCo] Found 0 channels
2026-07-09 19:08:18  INFO      main  [Tapmad] Found 0 channels
2026-07-09 19:08:19  INFO      main  [ShoqPK] Found 0 channels
2026-07-09 19:08:19  INFO      main  [Tamasha] Found 0 channels
2026-07-09 19:08:19  INFO      main  Total unique channels after merge: 0
2026-07-09 19:08:19  INFO      main  Validating 0 channels…
2026-07-09 19:08:19  INFO      main  Validation complete: 0 live, 0 dead (removed)
2026-07-09 19:08:19  INFO      main  Diff → +0 new, -0 removed
2026-07-09 19:08:19  INFO      main  Saved 0 channels → output/
2026-07-09 19:08:19  INFO      main  Scrape cycle complete.
2026-07-09 21:04:28  INFO      main  ============================================================
2026-07-09 21:04:28  INFO      main  Scrape cycle started at 2026-07-09 21:04:28
2026-07-09 21:04:28  INFO      main  [Tamasha] Starting scrape…
2026-07-09 21:04:28  INFO      main  [Tapmad] Starting scrape…
2026-07-09 21:04:28  INFO      main  [MyCo] Starting scrape…
2026-07-09 21:04:28  INFO      main  [ShoqPK] Starting scrape…
2026-07-09 21:04:28  INFO      main  [Tapmad] Found 0 channels
2026-07-09 21:04:28  INFO      main  [MyCo] Found 0 channels
2026-07-09 21:04:28  INFO      main  [ShoqPK] Found 0 channels
2026-07-09 21:04:29  INFO      main  [Tamasha] Found 0 channels
2026-07-09 21:04:29  INFO      main  Total unique channels after merge: 0
2026-07-09 21:04:29  INFO      main  Validating 0 channels…
2026-07-09 21:04:29  INFO      main  Validation complete: 0 live, 0 dead (removed)
2026-07-09 21:04:29  INFO      main  Diff → +0 new, -0 removed
2026-07-09 21:04:29  INFO      main  Saved 0 channels → output/
2026-07-09 21:04:29  INFO      main  Scrape cycle complete.
2026-07-09 22:50:24  INFO      main  ============================================================
2026-07-09 22:50:24  INFO      main  Scrape cycle started at 2026-07-09 22:50:24
2026-07-09 22:50:24  INFO      main  [Tamasha] Starting scrape…
2026-07-09 22:50:24  INFO      main  [Tapmad] Starting scrape…
2026-07-09 22:50:24  INFO      main  [MyCo] Starting scrape…
2026-07-09 22:50:24  INFO      main  [ShoqPK] Starting scrape…
2026-07-09 22:50:24  INFO      main  [Tapmad] Found 0 channels
2026-07-09 22:50:24  INFO      main  [MyCo] Found 0 channels
2026-07-09 22:50:24  INFO      main  [ShoqPK] Found 0 channels
2026-07-09 22:50:24  INFO      main  [Tamasha] Found 0 channels
2026-07-09 22:50:24  INFO      main  Total unique channels after merge: 0
2026-07-09 22:50:24  INFO      main  Validating 0 channels…
2026-07-09 22:50:24  INFO      main  Validation complete: 0 live, 0 dead (removed)
2026-07-09 22:50:24  INFO      main  Diff → +0 new, -0 removed
2026-07-09 22:50:24  INFO      main  Saved 0 channels → output/
2026-07-09 22:50:24  INFO      main  Scrape cycle complete.
2026-07-10 00:06:47  INFO      main  ============================================================
2026-07-10 00:06:47  INFO      main  Scrape cycle started at 2026-07-10 00:06:47
2026-07-10 00:06:47  INFO      main  [Tamasha] Starting scrape…
2026-07-10 00:06:47  INFO      main  [Tapmad] Starting scrape…
2026-07-10 00:06:47  INFO      main  [MyCo] Starting scrape…
2026-07-10 00:06:47  INFO      main  [ShoqPK] Starting scrape…
2026-07-10 00:06:47  INFO      main  [Tapmad] Found 0 channels
2026-07-10 00:06:47  INFO      main  [MyCo] Found 0 channels
2026-07-10 00:06:47  INFO      main  [ShoqPK] Found 0 channels
2026-07-10 00:06:48  INFO      main  [Tamasha] Found 0 channels
2026-07-10 00:06:48  INFO      main  Total unique channels after merge: 0
2026-07-10 00:06:48  INFO      main  Validating 0 channels…
2026-07-10 00:06:48  INFO      main  Validation complete: 0 live, 0 dead (removed)
2026-07-10 00:06:48  INFO      main  Diff → +0 new, -0 removed
2026-07-10 00:06:48  INFO      main  Saved 0 channels → output/
2026-07-10 00:06:48  INFO      main  Scrape cycle complete.
2026-07-10 04:34:06  INFO      main  ============================================================
2026-07-10 04:34:06  INFO      main  Scrape cycle started at 2026-07-10 04:34:06
2026-07-10 04:34:06  INFO      main  [Tamasha] Starting scrape…
2026-07-10 04:34:06  INFO      main  [Tapmad] Starting scrape…
2026-07-10 04:34:06  INFO      main  [MyCo] Starting scrape…
2026-07-10 04:34:06  INFO      main  [ShoqPK] Starting scrape…
2026-07-10 04:34:06  INFO      main  [Tapmad] Found 0 channels
2026-07-10 04:34:06  INFO      main  [MyCo] Found 0 channels
2026-07-10 04:34:06  INFO      main  [ShoqPK] Found 0 channels
2026-07-10 04:34:06  INFO      main  [Tamasha] Found 0 channels
2026-07-10 04:34:06  INFO      main  Total unique channels after merge: 0
2026-07-10 04:34:06  INFO      main  Validating 0 channels…
2026-07-10 04:34:06  INFO      main  Validation complete: 0 live, 0 dead (removed)
2026-07-10 04:34:06  INFO      main  Diff → +0 new, -0 removed
2026-07-10 04:34:06  INFO      main  Saved 0 channels → output/
2026-07-10 04:34:06  INFO      main  Scrape cycle complete.
2026-07-10 08:24:18  INFO      main  ============================================================
2026-07-10 08:24:18  INFO      main  Scrape cycle started at 2026-07-10 08:24:18
2026-07-10 08:24:18  INFO      main  [Tamasha] Starting scrape…
2026-07-10 08:24:18  INFO      main  [Tapmad] Starting scrape…
2026-07-10 08:24:18  INFO      main  [MyCo] Starting scrape…
2026-07-10 08:24:18  INFO      main  [ShoqPK] Starting scrape…
2026-07-10 08:24:18  INFO      main  [MyCo] Found 0 channels
2026-07-10 08:24:18  INFO      main  [Tapmad] Found 0 channels
2026-07-10 08:24:19  INFO      main  [ShoqPK] Found 0 channels
2026-07-10 08:24:19  INFO      main  [Tamasha] Found 0 channels
2026-07-10 08:24:19  INFO      main  Total unique channels after merge: 0
2026-07-10 08:24:19  INFO      main  Validating 0 channels…
2026-07-10 08:24:19  INFO      main  Validation complete: 0 live, 0 dead (removed)
2026-07-10 08:24:19  INFO      main  Diff → +0 new, -0 removed
2026-07-10 08:24:19  INFO      main  Saved 0 channels → output/
2026-07-10 08:24:19  INFO      main  Scrape cycle complete.
2026-07-10 11:26:03  INFO      main  ============================================================
2026-07-10 11:26:03  INFO      main  Scrape cycle started at 2026-07-10 11:26:03
2026-07-10 11:26:03  INFO      main  [Tamasha] Starting scrape…
2026-07-10 11:26:03  INFO      main  [Tapmad] Starting scrape…
2026-07-10 11:26:03  INFO      main  [MyCo] Starting scrape…
2026-07-10 11:26:03  INFO      main  [ShoqPK] Starting scrape…
2026-07-10 11:26:03  INFO      main  [Tapmad] Found 0 channels
2026-07-10 11:26:04  INFO      main  [MyCo] Found 0 channels
2026-07-10 11:26:04  INFO      main  [ShoqPK] Found 0 channels
2026-07-10 11:26:04  INFO      main  [Tamasha] Found 0 channels
2026-07-10 11:26:04  INFO      main  Total unique channels after merge: 0
2026-07-10 11:26:04  INFO      main  Validating 0 channels…
2026-07-10 11:26:04  INFO      main  Validation complete: 0 live, 0 dead (removed)
2026-07-10 11:26:04  INFO      main  Diff → +0 new, -0 removed
2026-07-10 11:26:04  INFO      main  Saved 0 channels → output/
2026-07-10 11:26:04  INFO      main  Scrape cycle complete.
2026-07-10 13:27:45  INFO      main  ============================================================
2026-07-10 13:27:45  INFO      main  Scrape cycle started at 2026-07-10 13:27:45
2026-07-10 13:27:45  INFO      main  [Tamasha] Starting scrape…
2026-07-10 13:27:45  INFO      main  [Tapmad] Starting scrape…
2026-07-10 13:27:45  INFO      main  [MyCo] Starting scrape…
2026-07-10 13:27:45  INFO      main  [ShoqPK] Starting scrape…
2026-07-10 13:27:45  INFO      main  [Tapmad] Found 0 channels
2026-07-10 13:27:45  INFO      main  [MyCo] Found 0 channels
2026-07-10 13:27:45  INFO      main  [ShoqPK] Found 0 channels
2026-07-10 13:27:45  INFO      main  [Tamasha] Found 0 channels
2026-07-10 13:27:45  INFO      main  Total unique channels after merge: 0
2026-07-10 13:27:45  INFO      main  Validating 0 channels…
2026-07-10 13:27:45  INFO      main  Validation complete: 0 live, 0 dead (removed)
2026-07-10 13:27:45  INFO      main  Diff → +0 new, -0 removed
2026-07-10 13:27:45  INFO      main  Saved 0 channels → output/
2026-07-10 13:27:45  INFO      main  Scrape cycle complete.
2026-07-10 15:57:33  INFO      main  ============================================================
2026-07-10 15:57:33  INFO      main  Scrape cycle started at 2026-07-10 15:57:33
2026-07-10 15:57:33  INFO      main  [Tamasha] Starting scrape…
2026-07-10 15:57:33  INFO      main  [Tapmad] Starting scrape…
2026-07-10 15:57:33  INFO      main  [MyCo] Starting scrape…
2026-07-10 15:57:33  INFO      main  [ShoqPK] Starting scrape…
2026-07-10 15:57:33  INFO      main  [MyCo] Found 0 channels
2026-07-10 15:57:33  INFO      main  [Tapmad] Found 0 channels
2026-07-10 15:57:34  INFO      main  [ShoqPK] Found 0 channels
2026-07-10 15:57:34  INFO      main  [Tamasha] Found 0 channels
2026-07-10 15:57:34  INFO      main  Total unique channels after merge: 0
2026-07-10 15:57:34  INFO      main  Validating 0 channels…
2026-07-10 15:57:34  INFO      main  Validation complete: 0 live, 0 dead (removed)
2026-07-10 15:57:34  INFO      main  Diff → +0 new, -0 removed
2026-07-10 15:57:34  INFO      main  Saved 0 channels → output/
2026-07-10 15:57:34  INFO      main  Scrape cycle complete.
2026-07-10 17:54:13  INFO      main  ============================================================
2026-07-10 17:54:13  INFO      main  Scrape cycle started at 2026-07-10 17:54:13
2026-07-10 17:54:13  INFO      main  [Tamasha] Starting scrape…
2026-07-10 17:54:13  INFO      main  [Tapmad] Starting scrape…
2026-07-10 17:54:13  INFO      main  [MyCo] Starting scrape…
2026-07-10 17:54:13  INFO      main  [ShoqPK] Starting scrape…
2026-07-10 17:54:13  INFO      main  [MyCo] Found 0 channels
2026-07-10 17:54:13  INFO      main  [Tapmad] Found 0 channels
2026-07-10 17:54:14  INFO      main  [Tamasha] Found 0 channels
2026-07-10 17:54:14  INFO      main  [ShoqPK] Found 0 channels
2026-07-10 17:54:14  INFO      main  Total unique channels after merge: 0
2026-07-10 17:54:14  INFO      main  Validating 0 channels…
2026-07-10 17:54:14  INFO      main  Validation complete: 0 live, 0 dead (removed)
2026-07-10 17:54:14  INFO      main  Diff → +0 new, -0 removed
2026-07-10 17:54:14  INFO      main  Saved 0 channels → output/
2026-07-10 17:54:14  INFO      main  Scrape cycle complete.
2026-07-10 19:36:14  INFO      main  ============================================================
2026-07-10 19:36:14  INFO      main  Scrape cycle started at 2026-07-10 19:36:14
2026-07-10 19:36:14  INFO      main  [Tamasha] Starting scrape…
2026-07-10 19:36:14  INFO      main  [Tapmad] Starting scrape…
2026-07-10 19:36:14  INFO      main  [MyCo] Starting scrape…
2026-07-10 19:36:14  INFO      main  [ShoqPK] Starting scrape…
2026-07-10 19:36:15  INFO      main  [Tapmad] Found 0 channels
2026-07-10 19:36:15  INFO      main  [MyCo] Found 0 channels
2026-07-10 19:36:15  INFO      main  [Tamasha] Found 0 channels
2026-07-10 19:36:15  INFO      main  [ShoqPK] Found 0 channels
2026-07-10 19:36:15  INFO      main  Total unique channels after merge: 0
2026-07-10 19:36:15  INFO      main  Validating 0 channels…
2026-07-10 19:36:15  INFO      main  Validation complete: 0 live, 0 dead (removed)
2026-07-10 19:36:15  INFO      main  Diff → +0 new, -0 removed
2026-07-10 19:36:15  INFO      main  Saved 0 channels → output/
2026-07-10 19:36:15  INFO      main  Scrape cycle complete.
2026-07-10 21:07:35  INFO      main  ============================================================
2026-07-10 21:07:35  INFO      main  Scrape cycle started at 2026-07-10 21:07:35
2026-07-10 21:07:35  INFO      main  [Tamasha] Starting scrape…
2026-07-10 21:07:35  INFO      main  [Tapmad] Starting scrape…
2026-07-10 21:07:35  INFO      main  [MyCo] Starting scrape…
2026-07-10 21:07:35  INFO      main  [ShoqPK] Starting scrape…
2026-07-10 21:07:35  INFO      main  [Tapmad] Found 0 channels
2026-07-10 21:07:35  INFO      main  [MyCo] Found 0 channels
2026-07-10 21:07:36  INFO      main  [Tamasha] Found 0 channels
2026-07-10 21:07:36  INFO      main  [ShoqPK] Found 0 channels
2026-07-10 21:07:36  INFO      main  Total unique channels after merge: 0
2026-07-10 21:07:36  INFO      main  Validating 0 channels…
2026-07-10 21:07:36  INFO      main  Validation complete: 0 live, 0 dead (removed)
2026-07-10 21:07:36  INFO      main  Diff → +0 new, -0 removed
2026-07-10 21:07:36  INFO      main  Saved 0 channels → output/
2026-07-10 21:07:36  INFO      main  Scrape cycle complete.
2026-07-10 22:32:05  INFO      main  ============================================================
2026-07-10 22:32:05  INFO      main  Scrape cycle started at 2026-07-10 22:32:05
2026-07-10 22:32:05  INFO      main  [Tamasha] Starting scrape…
2026-07-10 22:32:05  INFO      main  [Tapmad] Starting scrape…
2026-07-10 22:32:05  INFO      main  [MyCo] Starting scrape…
2026-07-10 22:32:05  INFO      main  [ShoqPK] Starting scrape…
2026-07-10 22:32:05  INFO      main  [MyCo] Found 0 channels
2026-07-10 22:32:05  INFO      main  [Tapmad] Found 0 channels
2026-07-10 22:32:06  INFO      main  [ShoqPK] Found 0 channels
2026-07-10 22:32:06  INFO      main  [Tamasha] Found 0 channels
2026-07-10 22:32:06  INFO      main  Total unique channels after merge: 0
2026-07-10 22:32:06  INFO      main  Validating 0 channels…
2026-07-10 22:32:06  INFO      main  Validation complete: 0 live, 0 dead (removed)
2026-07-10 22:32:06  INFO      main  Diff → +0 new, -0 removed
2026-07-10 22:32:06  INFO      main  Saved 0 channels → output/
2026-07-10 22:32:06  INFO      main  Scrape cycle complete.
2026-07-11 00:00:10  INFO      main  ============================================================
2026-07-11 00:00:10  INFO      main  Scrape cycle started at 2026-07-11 00:00:10
2026-07-11 00:00:10  INFO      main  [Tamasha] Starting scrape…
2026-07-11 00:00:10  INFO      main  [Tapmad] Starting scrape…
2026-07-11 00:00:10  INFO      main  [MyCo] Starting scrape…
2026-07-11 00:00:10  INFO      main  [ShoqPK] Starting scrape…
2026-07-11 00:00:10  INFO      main  [Tapmad] Found 0 channels
2026-07-11 00:00:10  INFO      main  [MyCo] Found 0 channels
2026-07-11 00:00:10  INFO      main  [Tamasha] Found 0 channels
2026-07-11 00:00:10  INFO      main  [ShoqPK] Found 0 channels
2026-07-11 00:00:10  INFO      main  Total unique channels after merge: 0
2026-07-11 00:00:10  INFO      main  Validating 0 channels…
2026-07-11 00:00:10  INFO      main  Validation complete: 0 live, 0 dead (removed)
2026-07-11 00:00:10  INFO      main  Diff → +0 new, -0 removed
2026-07-11 00:00:10  INFO      main  Saved 0 channels → output/
2026-07-11 00:00:10  INFO      main  Scrape cycle complete.
2026-07-11 03:34:10  INFO      main  ============================================================
2026-07-11 03:34:10  INFO      main  Scrape cycle started at 2026-07-11 03:34:10
2026-07-11 03:34:10  INFO      main  [Tamasha] Starting scrape…
2026-07-11 03:34:10  INFO      main  [Tapmad] Starting scrape…
2026-07-11 03:34:10  INFO      main  [MyCo] Starting scrape…
2026-07-11 03:34:10  INFO      main  [ShoqPK] Starting scrape…
2026-07-11 03:34:10  INFO      main  [Tapmad] Found 0 channels
2026-07-11 03:34:10  INFO      main  [MyCo] Found 0 channels
2026-07-11 03:34:11  INFO      main  [ShoqPK] Found 0 channels
2026-07-11 03:34:11  INFO      main  [Tamasha] Found 0 channels
2026-07-11 03:34:11  INFO      main  Total unique channels after merge: 0
2026-07-11 03:34:11  INFO      main  Validating 0 channels…
2026-07-11 03:34:11  INFO      main  Validation complete: 0 live, 0 dead (removed)
2026-07-11 03:34:11  INFO      main  Diff → +0 new, -0 removed
2026-07-11 03:34:11  INFO      main  Saved 0 channels → output/
2026-07-11 03:34:11  INFO      main  Scrape cycle complete.
2026-07-11 06:15:37  INFO      main  ============================================================
2026-07-11 06:15:37  INFO      main  Scrape cycle started at 2026-07-11 06:15:37
2026-07-11 06:15:37  INFO      main  [Tamasha] Starting scrape…
2026-07-11 06:15:37  INFO      main  [Tapmad] Starting scrape…
2026-07-11 06:15:37  INFO      main  [MyCo] Starting scrape…
2026-07-11 06:15:37  INFO      main  [ShoqPK] Starting scrape…
2026-07-11 06:15:37  INFO      main  [Tapmad] Found 0 channels
2026-07-11 06:15:37  INFO      main  [MyCo] Found 0 channels
2026-07-11 06:15:37  INFO      main  [ShoqPK] Found 0 channels
2026-07-11 06:15:37  INFO      main  [Tamasha] Found 0 channels
2026-07-11 06:15:37  INFO      main  Total unique channels after merge: 0
2026-07-11 06:15:37  INFO      main  Validating 0 channels…
2026-07-11 06:15:37  INFO      main  Validation complete: 0 live, 0 dead (removed)
2026-07-11 06:15:37  INFO      main  Diff → +0 new, -0 removed
2026-07-11 06:15:37  INFO      main  Saved 0 channels → output/
2026-07-11 06:15:37  INFO      main  Scrape cycle complete.
2026-07-11 08:19:50  INFO      main  ============================================================
2026-07-11 08:19:50  INFO      main  Scrape cycle started at 2026-07-11 08:19:50
2026-07-11 08:19:50  INFO      main  [Tamasha] Starting scrape…
2026-07-11 08:19:50  INFO      main  [Tapmad] Starting scrape…
2026-07-11 08:19:50  INFO      main  [MyCo] Starting scrape…
2026-07-11 08:19:50  INFO      main  [ShoqPK] Starting scrape…
2026-07-11 08:19:50  INFO      main  [Tapmad] Found 0 channels
2026-07-11 08:19:50  INFO      main  [MyCo] Found 0 channels
2026-07-11 08:19:50  INFO      main  [Tamasha] Found 0 channels
2026-07-11 08:19:51  INFO      main  [ShoqPK] Found 0 channels
2026-07-11 08:19:51  INFO      main  Total unique channels after merge: 0
2026-07-11 08:19:51  INFO      main  Validating 0 channels…
2026-07-11 08:19:51  INFO      main  Validation complete: 0 live, 0 dead (removed)
2026-07-11 08:19:51  INFO      main  Diff → +0 new, -0 removed
2026-07-11 08:19:51  INFO      main  Saved 0 channels → output/
2026-07-11 08:19:51  INFO      main  Scrape cycle complete.
2026-07-11 09:58:45  INFO      main  ============================================================
2026-07-11 09:58:45  INFO      main  Scrape cycle started at 2026-07-11 09:58:45
2026-07-11 09:58:45  INFO      main  [Tamasha] Starting scrape…
2026-07-11 09:58:45  INFO      main  [Tapmad] Starting scrape…
2026-07-11 09:58:45  INFO      main  [MyCo] Starting scrape…
2026-07-11 09:58:45  INFO      main  [ShoqPK] Starting scrape…
2026-07-11 09:58:45  INFO      main  [MyCo] Found 0 channels
2026-07-11 09:58:45  INFO      main  [Tapmad] Found 0 channels
2026-07-11 09:58:45  INFO      main  [ShoqPK] Found 0 channels
2026-07-11 09:58:45  INFO      main  [Tamasha] Found 0 channels
2026-07-11 09:58:45  INFO      main  Total unique channels after merge: 0
2026-07-11 09:58:45  INFO      main  Validating 0 channels…
2026-07-11 09:58:45  INFO      main  Validation complete: 0 live, 0 dead (removed)
2026-07-11 09:58:45  INFO      main  Diff → +0 new, -0 removed
2026-07-11 09:58:45  INFO      main  Saved 0 channels → output/
2026-07-11 09:58:45  INFO      main  Scrape cycle complete.
2026-07-11 11:14:10  INFO      main  ============================================================
2026-07-11 11:14:10  INFO      main  Scrape cycle started at 2026-07-11 11:14:10
2026-07-11 11:14:10  INFO      main  [Tamasha] Starting scrape…
2026-07-11 11:14:10  INFO      main  [Tapmad] Starting scrape…
2026-07-11 11:14:10  INFO      main  [MyCo] Starting scrape…
2026-07-11 11:14:10  INFO      main  [ShoqPK] Starting scrape…
2026-07-11 11:14:10  INFO      main  [Tapmad] Found 0 channels
2026-07-11 11:14:10  INFO      main  [Tamasha] Found 0 channels
2026-07-11 11:14:10  INFO      main  [MyCo] Found 0 channels
2026-07-11 11:14:11  INFO      main  [ShoqPK] Found 0 channels
2026-07-11 11:14:11  INFO      main  Total unique channels after merge: 0
2026-07-11 11:14:11  INFO      main  Validating 0 channels…
2026-07-11 11:14:11  INFO      main  Validation complete: 0 live, 0 dead (removed)
2026-07-11 11:14:11  INFO      main  Diff → +0 new, -0 removed
2026-07-11 11:14:11  INFO      main  Saved 0 channels → output/
2026-07-11 11:14:11  INFO      main  Scrape cycle complete.
2026-07-11 12:28:55  INFO      main  ============================================================
2026-07-11 12:28:55  INFO      main  Scrape cycle started at 2026-07-11 12:28:55
2026-07-11 12:28:55  INFO      main  [Tamasha] Starting scrape…
2026-07-11 12:28:55  INFO      main  [Tapmad] Starting scrape…
2026-07-11 12:28:55  INFO      main  [MyCo] Starting scrape…
2026-07-11 12:28:55  INFO      main  [ShoqPK] Starting scrape…
2026-07-11 12:28:55  INFO      main  [Tapmad] Found 0 channels
2026-07-11 12:28:55  INFO      main  [MyCo] Found 0 channels
2026-07-11 12:28:55  INFO      main  [ShoqPK] Found 0 channels
2026-07-11 12:28:56  INFO      main  [Tamasha] Found 0 channels
2026-07-11 12:28:56  INFO      main  Total unique channels after merge: 0
2026-07-11 12:28:56  INFO      main  Validating 0 channels…
2026-07-11 12:28:56  INFO      main  Validation complete: 0 live, 0 dead (removed)
2026-07-11 12:28:56  INFO      main  Diff → +0 new, -0 removed
2026-07-11 12:28:56  INFO      main  Saved 0 channels → output/
2026-07-11 12:28:56  INFO      main  Scrape cycle complete.
2026-07-11 14:03:25  INFO      main  ============================================================
2026-07-11 14:03:25  INFO      main  Scrape cycle started at 2026-07-11 14:03:25
2026-07-11 14:03:25  INFO      main  [Tamasha] Starting scrape…
2026-07-11 14:03:25  INFO      main  [Tapmad] Starting scrape…
2026-07-11 14:03:25  INFO      main  [MyCo] Starting scrape…
2026-07-11 14:03:25  INFO      main  [ShoqPK] Starting scrape…
2026-07-11 14:03:25  INFO      main  [MyCo] Found 0 channels
2026-07-11 14:03:25  INFO      main  [Tapmad] Found 0 channels
2026-07-11 14:03:26  INFO      main  [ShoqPK] Found 0 channels
2026-07-11 14:03:26  INFO      main  [Tamasha] Found 0 channels
2026-07-11 14:03:26  INFO      main  Total unique channels after merge: 0
2026-07-11 14:03:26  INFO      main  Validating 0 channels…
2026-07-11 14:03:26  INFO      main  Validation complete: 0 live, 0 dead (removed)
2026-07-11 14:03:26  INFO      main  Diff → +0 new, -0 removed
2026-07-11 14:03:26  INFO      main  Saved 0 channels → output/
2026-07-11 14:03:26  INFO      main  Scrape cycle complete.
2026-07-11 15:31:00  INFO      main  ============================================================
2026-07-11 15:31:00  INFO      main  Scrape cycle started at 2026-07-11 15:31:00
2026-07-11 15:31:00  INFO      main  [Tamasha] Starting scrape…
2026-07-11 15:31:00  INFO      main  [Tapmad] Starting scrape…
2026-07-11 15:31:00  INFO      main  [MyCo] Starting scrape…
2026-07-11 15:31:00  INFO      main  [ShoqPK] Starting scrape…
2026-07-11 15:31:00  INFO      main  [Tapmad] Found 0 channels
2026-07-11 15:31:00  INFO      main  [MyCo] Found 0 channels
2026-07-11 15:31:01  INFO      main  [ShoqPK] Found 0 channels
2026-07-11 15:31:01  INFO      main  [Tamasha] Found 0 channels
2026-07-11 15:31:01  INFO      main  Total unique channels after merge: 0
2026-07-11 15:31:01  INFO      main  Validating 0 channels…
2026-07-11 15:31:01  INFO      main  Validation complete: 0 live, 0 dead (removed)
2026-07-11 15:31:01  INFO      main  Diff → +0 new, -0 removed
2026-07-11 15:31:01  INFO      main  Saved 0 channels → output/
2026-07-11 15:31:01  INFO      main  Scrape cycle complete.
2026-07-11 17:00:13  INFO      main  ============================================================
2026-07-11 17:00:13  INFO      main  Scrape cycle started at 2026-07-11 17:00:13
2026-07-11 17:00:13  INFO      main  [Tamasha] Starting scrape…
2026-07-11 17:00:13  INFO      main  [Tapmad] Starting scrape…
2026-07-11 17:00:13  INFO      main  [MyCo] Starting scrape…
2026-07-11 17:00:13  INFO      main  [ShoqPK] Starting scrape…
2026-07-11 17:00:13  INFO      main  [MyCo] Found 0 channels
2026-07-11 17:00:13  INFO      main  [Tapmad] Found 0 channels
2026-07-11 17:00:13  INFO      main  [ShoqPK] Found 0 channels
2026-07-11 17:00:13  INFO      main  [Tamasha] Found 0 channels
2026-07-11 17:00:13  INFO      main  Total unique channels after merge: 0
2026-07-11 17:00:13  INFO      main  Validating 0 channels…
2026-07-11 17:00:13  INFO      main  Validation complete: 0 live, 0 dead (removed)
2026-07-11 17:00:13  INFO      main  Diff → +0 new, -0 removed
2026-07-11 17:00:13  INFO      main  Saved 0 channels → output/
2026-07-11 17:00:13  INFO      main  Scrape cycle complete.
2026-07-11 18:00:29  INFO      main  ============================================================
2026-07-11 18:00:29  INFO      main  Scrape cycle started at 2026-07-11 18:00:29
2026-07-11 18:00:29  INFO      main  [Tamasha] Starting scrape…
2026-07-11 18:00:29  INFO      main  [Tapmad] Starting scrape…
2026-07-11 18:00:29  INFO      main  [MyCo] Starting scrape…
2026-07-11 18:00:29  INFO      main  [ShoqPK] Starting scrape…
2026-07-11 18:00:29  INFO      main  [Tapmad] Found 0 channels
2026-07-11 18:00:29  INFO      main  [MyCo] Found 0 channels
2026-07-11 18:00:29  INFO      main  [ShoqPK] Found 0 channels
2026-07-11 18:00:29  INFO      main  [Tamasha] Found 0 channels
2026-07-11 18:00:29  INFO      main  Total unique channels after merge: 0
2026-07-11 18:00:29  INFO      main  Validating 0 channels…
2026-07-11 18:00:29  INFO      main  Validation complete: 0 live, 0 dead (removed)
2026-07-11 18:00:29  INFO      main  Diff → +0 new, -0 removed
2026-07-11 18:00:29  INFO      main  Saved 0 channels → output/
2026-07-11 18:00:29  INFO      main  Scrape cycle complete.
2026-07-11 19:41:47  INFO      main  ============================================================
2026-07-11 19:41:47  INFO      main  Scrape cycle started at 2026-07-11 19:41:47
2026-07-11 19:41:47  INFO      main  [Tamasha] Starting scrape…
2026-07-11 19:41:47  INFO      main  [Tapmad] Starting scrape…
2026-07-11 19:41:47  INFO      main  [MyCo] Starting scrape…
2026-07-11 19:41:47  INFO      main  [ShoqPK] Starting scrape…
2026-07-11 19:41:47  INFO      main  [MyCo] Found 0 channels
2026-07-11 19:41:47  INFO      main  [Tapmad] Found 0 channels
2026-07-11 19:41:47  INFO      main  [Tamasha] Found 0 channels
2026-07-11 19:41:48  INFO      main  [ShoqPK] Found 0 channels
2026-07-11 19:41:48  INFO      main  Total unique channels after merge: 0
2026-07-11 19:41:48  INFO      main  Validating 0 channels…
2026-07-11 19:41:48  INFO      main  Validation complete: 0 live, 0 dead (removed)
2026-07-11 19:41:48  INFO      main  Diff → +0 new, -0 removed
2026-07-11 19:41:48  INFO      main  Saved 0 channels → output/
2026-07-11 19:41:48  INFO      main  Scrape cycle complete.
2026-07-11 20:51:40  INFO      main  ============================================================
2026-07-11 20:51:40  INFO      main  Scrape cycle started at 2026-07-11 20:51:40
2026-07-11 20:51:40  INFO      main  [Tamasha] Starting scrape…
2026-07-11 20:51:40  INFO      main  [Tapmad] Starting scrape…
2026-07-11 20:51:40  INFO      main  [MyCo] Starting scrape…
2026-07-11 20:51:40  INFO      main  [ShoqPK] Starting scrape…
2026-07-11 20:51:41  INFO      main  [Tapmad] Found 0 channels
2026-07-11 20:51:41  INFO      main  [MyCo] Found 0 channels
2026-07-11 20:51:41  INFO      main  [Tamasha] Found 0 channels
2026-07-11 20:51:41  INFO      main  [ShoqPK] Found 0 channels
2026-07-11 20:51:41  INFO      main  Total unique channels after merge: 0
2026-07-11 20:51:41  INFO      main  Validating 0 channels…
2026-07-11 20:51:41  INFO      main  Validation complete: 0 live, 0 dead (removed)
2026-07-11 20:51:41  INFO      main  Diff → +0 new, -0 removed
2026-07-11 20:51:41  INFO      main  Saved 0 channels → output/
2026-07-11 20:51:41  INFO      main  Scrape cycle complete.
2026-07-11 21:52:16  INFO      main  ============================================================
2026-07-11 21:52:16  INFO      main  Scrape cycle started at 2026-07-11 21:52:16
2026-07-11 21:52:16  INFO      main  [Tamasha] Starting scrape…
2026-07-11 21:52:16  INFO      main  [Tapmad] Starting scrape…
2026-07-11 21:52:16  INFO      main  [MyCo] Starting scrape…
2026-07-11 21:52:16  INFO      main  [ShoqPK] Starting scrape…
2026-07-11 21:52:16  INFO      main  [Tapmad] Found 0 channels
2026-07-11 21:52:16  INFO      main  [MyCo] Found 0 channels
2026-07-11 21:52:16  INFO      main  [ShoqPK] Found 0 channels
2026-07-11 21:52:16  INFO      main  [Tamasha] Found 0 channels
2026-07-11 21:52:16  INFO      main  Total unique channels after merge: 0
2026-07-11 21:52:16  INFO      main  Validating 0 channels…
2026-07-11 21:52:16  INFO      main  Validation complete: 0 live, 0 dead (removed)
2026-07-11 21:52:16  INFO      main  Diff → +0 new, -0 removed
2026-07-11 21:52:16  INFO      main  Saved 0 channels → output/
2026-07-11 21:52:16  INFO      main  Scrape cycle complete.
2026-07-11 22:51:41  INFO      main  ============================================================
2026-07-11 22:51:41  INFO      main  Scrape cycle started at 2026-07-11 22:51:41
2026-07-11 22:51:41  INFO      main  [Tamasha] Starting scrape…
2026-07-11 22:51:41  INFO      main  [Tapmad] Starting scrape…
2026-07-11 22:51:41  INFO      main  [MyCo] Starting scrape…
2026-07-11 22:51:41  INFO      main  [ShoqPK] Starting scrape…
2026-07-11 22:51:41  INFO      main  [MyCo] Found 0 channels
2026-07-11 22:51:41  INFO      main  [Tapmad] Found 0 channels
2026-07-11 22:51:41  INFO      main  [ShoqPK] Found 0 channels
2026-07-11 22:51:41  INFO      main  [Tamasha] Found 0 channels
2026-07-11 22:51:41  INFO      main  Total unique channels after merge: 0
2026-07-11 22:51:41  INFO      main  Validating 0 channels…
2026-07-11 22:51:41  INFO      main  Validation complete: 0 live, 0 dead (removed)
2026-07-11 22:51:41  INFO      main  Diff → +0 new, -0 removed
2026-07-11 22:51:41  INFO      main  Saved 0 channels → output/
2026-07-11 22:51:41  INFO      main  Scrape cycle complete.
2026-07-11 23:57:08  INFO      main  ============================================================
2026-07-11 23:57:08  INFO      main  Scrape cycle started at 2026-07-11 23:57:08
2026-07-11 23:57:08  INFO      main  [Tamasha] Starting scrape…
2026-07-11 23:57:08  INFO      main  [Tapmad] Starting scrape…
2026-07-11 23:57:08  INFO      main  [MyCo] Starting scrape…
2026-07-11 23:57:08  INFO      main  [ShoqPK] Starting scrape…
2026-07-11 23:57:08  INFO      main  [Tapmad] Found 0 channels
2026-07-11 23:57:08  INFO      main  [MyCo] Found 0 channels
2026-07-11 23:57:09  INFO      main  [ShoqPK] Found 0 channels
2026-07-11 23:57:09  INFO      main  [Tamasha] Found 0 channels
2026-07-11 23:57:09  INFO      main  Total unique channels after merge: 0
2026-07-11 23:57:09  INFO      main  Validating 0 channels…
2026-07-11 23:57:09  INFO      main  Validation complete: 0 live, 0 dead (removed)
2026-07-11 23:57:09  INFO      main  Diff → +0 new, -0 removed
2026-07-11 23:57:09  INFO      main  Saved 0 channels → output/
2026-07-11 23:57:09  INFO      main  Scrape cycle complete.
2026-07-12 03:40:31  INFO      main  ============================================================
2026-07-12 03:40:31  INFO      main  Scrape cycle started at 2026-07-12 03:40:31
2026-07-12 03:40:31  INFO      main  [Tamasha] Starting scrape…
2026-07-12 03:40:31  INFO      main  [Tapmad] Starting scrape…
2026-07-12 03:40:31  INFO      main  [MyCo] Starting scrape…
2026-07-12 03:40:31  INFO      main  [ShoqPK] Starting scrape…
2026-07-12 03:40:31  INFO      main  [MyCo] Found 0 channels
2026-07-12 03:40:31  INFO      main  [Tapmad] Found 0 channels
2026-07-12 03:40:31  INFO      main  [Tamasha] Found 0 channels
2026-07-12 03:40:31  INFO      main  [ShoqPK] Found 0 channels
2026-07-12 03:40:31  INFO      main  Total unique channels after merge: 0
2026-07-12 03:40:31  INFO      main  Validating 0 channels…
2026-07-12 03:40:31  INFO      main  Validation complete: 0 live, 0 dead (removed)
2026-07-12 03:40:31  INFO      main  Diff → +0 new, -0 removed
2026-07-12 03:40:31  INFO      main  Saved 0 channels → output/
2026-07-12 03:40:31  INFO      main  Scrape cycle complete.
2026-07-12 06:34:48  INFO      main  ============================================================
2026-07-12 06:34:48  INFO      main  Scrape cycle started at 2026-07-12 06:34:48
2026-07-12 06:34:48  INFO      main  [Tamasha] Starting scrape…
2026-07-12 06:34:48  INFO      main  [Tapmad] Starting scrape…
2026-07-12 06:34:48  INFO      main  [MyCo] Starting scrape…
2026-07-12 06:34:48  INFO      main  [ShoqPK] Starting scrape…
2026-07-12 06:34:48  INFO      main  [Tapmad] Found 0 channels
2026-07-12 06:34:48  INFO      main  [MyCo] Found 0 channels
2026-07-12 06:34:48  INFO      main  [ShoqPK] Found 0 channels
2026-07-12 06:34:48  INFO      main  [Tamasha] Found 0 channels
2026-07-12 06:34:48  INFO      main  Total unique channels after merge: 0
2026-07-12 06:34:48  INFO      main  Validating 0 channels…
2026-07-12 06:34:48  INFO      main  Validation complete: 0 live, 0 dead (removed)
2026-07-12 06:34:48  INFO      main  Diff → +0 new, -0 removed
2026-07-12 06:34:48  INFO      main  Saved 0 channels → output/
2026-07-12 06:34:48  INFO      main  Scrape cycle complete.
2026-07-12 09:03:44  INFO      main  ============================================================
2026-07-12 09:03:44  INFO      main  Scrape cycle started at 2026-07-12 09:03:44
2026-07-12 09:03:44  INFO      main  [Tamasha] Starting scrape…
2026-07-12 09:03:44  INFO      main  [Tapmad] Starting scrape…
2026-07-12 09:03:44  INFO      main  [MyCo] Starting scrape…
2026-07-12 09:03:44  INFO      main  [ShoqPK] Starting scrape…
2026-07-12 09:03:44  INFO      main  [MyCo] Found 0 channels
2026-07-12 09:03:44  INFO      main  [Tapmad] Found 0 channels
2026-07-12 09:03:44  INFO      main  [Tamasha] Found 0 channels
2026-07-12 09:03:44  INFO      main  [ShoqPK] Found 0 channels
2026-07-12 09:03:44  INFO      main  Total unique channels after merge: 0
2026-07-12 09:03:44  INFO      main  Validating 0 channels…
2026-07-12 09:03:44  INFO      main  Validation complete: 0 live, 0 dead (removed)
2026-07-12 09:03:44  INFO      main  Diff → +0 new, -0 removed
2026-07-12 09:03:44  INFO      main  Saved 0 channels → output/
2026-07-12 09:03:44  INFO      main  Scrape cycle complete.
2026-07-12 10:53:56  INFO      main  ============================================================
2026-07-12 10:53:56  INFO      main  Scrape cycle started at 2026-07-12 10:53:56
2026-07-12 10:53:56  INFO      main  [Tamasha] Starting scrape…
2026-07-12 10:53:56  INFO      main  [Tapmad] Starting scrape…
2026-07-12 10:53:56  INFO      main  [MyCo] Starting scrape…
2026-07-12 10:53:56  INFO      main  [ShoqPK] Starting scrape…
2026-07-12 10:53:56  INFO      main  [Tapmad] Found 0 channels
2026-07-12 10:53:56  INFO      main  [MyCo] Found 0 channels
2026-07-12 10:53:56  INFO      main  [ShoqPK] Found 0 channels
2026-07-12 10:53:57  INFO      main  [Tamasha] Found 0 channels
2026-07-12 10:53:57  INFO      main  Total unique channels after merge: 0
2026-07-12 10:53:57  INFO      main  Validating 0 channels…
2026-07-12 10:53:57  INFO      main  Validation complete: 0 live, 0 dead (removed)
2026-07-12 10:53:57  INFO      main  Diff → +0 new, -0 removed
2026-07-12 10:53:57  INFO      main  Saved 0 channels → output/
2026-07-12 10:53:57  INFO      main  Scrape cycle complete.
2026-07-12 12:02:31  INFO      main  ============================================================
2026-07-12 12:02:31  INFO      main  Scrape cycle started at 2026-07-12 12:02:31
2026-07-12 12:02:31  INFO      main  [Tamasha] Starting scrape…
2026-07-12 12:02:31  INFO      main  [Tapmad] Starting scrape…
2026-07-12 12:02:31  INFO      main  [MyCo] Starting scrape…
2026-07-12 12:02:31  INFO      main  [ShoqPK] Starting scrape…
2026-07-12 12:02:31  INFO      main  [MyCo] Found 0 channels
2026-07-12 12:02:31  INFO      main  [Tapmad] Found 0 channels
2026-07-12 12:02:31  INFO      main  [Tamasha] Found 0 channels
2026-07-12 12:02:32  INFO      main  [ShoqPK] Found 0 channels
2026-07-12 12:02:32  INFO      main  Total unique channels after merge: 0
2026-07-12 12:02:32  INFO      main  Validating 0 channels…
2026-07-12 12:02:32  INFO      main  Validation complete: 0 live, 0 dead (removed)
2026-07-12 12:02:32  INFO      main  Diff → +0 new, -0 removed
2026-07-12 12:02:32  INFO      main  Saved 0 channels → output/
2026-07-12 12:02:32  INFO      main  Scrape cycle complete.
2026-07-12 14:04:17  INFO      main  ============================================================
2026-07-12 14:04:17  INFO      main  Scrape cycle started at 2026-07-12 14:04:17
2026-07-12 14:04:17  INFO      main  [Tamasha] Starting scrape…
2026-07-12 14:04:17  INFO      main  [Tapmad] Starting scrape…
2026-07-12 14:04:17  INFO      main  [MyCo] Starting scrape…
2026-07-12 14:04:17  INFO      main  [ShoqPK] Starting scrape…
2026-07-12 14:04:17  INFO      main  [Tapmad] Found 0 channels
2026-07-12 14:04:17  INFO      main  [MyCo] Found 0 channels
2026-07-12 14:04:17  INFO      main  [ShoqPK] Found 0 channels
2026-07-12 14:04:17  INFO      main  [Tamasha] Found 0 channels
2026-07-12 14:04:17  INFO      main  Total unique channels after merge: 0
2026-07-12 14:04:17  INFO      main  Validating 0 channels…
2026-07-12 14:04:17  INFO      main  Validation complete: 0 live, 0 dead (removed)
2026-07-12 14:04:17  INFO      main  Diff → +0 new, -0 removed
2026-07-12 14:04:17  INFO      main  Saved 0 channels → output/
2026-07-12 14:04:17  INFO      main  Scrape cycle complete.
2026-07-12 15:33:30  INFO      main  ============================================================
2026-07-12 15:33:30  INFO      main  Scrape cycle started at 2026-07-12 15:33:30
2026-07-12 15:33:30  INFO      main  [Tamasha] Starting scrape…
2026-07-12 15:33:30  INFO      main  [Tapmad] Starting scrape…
2026-07-12 15:33:30  INFO      main  [MyCo] Starting scrape…
2026-07-12 15:33:30  INFO      main  [ShoqPK] Starting scrape…
2026-07-12 15:33:30  INFO      main  [MyCo] Found 0 channels
2026-07-12 15:33:30  INFO      main  [Tapmad] Found 0 channels
2026-07-12 15:33:30  INFO      main  [Tamasha] Found 0 channels
2026-07-12 15:33:31  INFO      main  [ShoqPK] Found 0 channels
2026-07-12 15:33:31  INFO      main  Total unique channels after merge: 0
2026-07-12 15:33:31  INFO      main  Validating 0 channels…
2026-07-12 15:33:31  INFO      main  Validation complete: 0 live, 0 dead (removed)
2026-07-12 15:33:31  INFO      main  Diff → +0 new, -0 removed
2026-07-12 15:33:31  INFO      main  Saved 0 channels → output/
2026-07-12 15:33:31  INFO      main  Scrape cycle complete.
2026-07-12 17:01:00  INFO      main  ============================================================
2026-07-12 17:01:00  INFO      main  Scrape cycle started at 2026-07-12 17:01:00
2026-07-12 17:01:00  INFO      main  [Tamasha] Starting scrape…
2026-07-12 17:01:00  INFO      main  [Tapmad] Starting scrape…
2026-07-12 17:01:00  INFO      main  [MyCo] Starting scrape…
2026-07-12 17:01:00  INFO      main  [ShoqPK] Starting scrape…
2026-07-12 17:01:00  INFO      main  [Tapmad] Found 0 channels
2026-07-12 17:01:00  INFO      main  [ShoqPK] Found 0 channels
2026-07-12 17:01:00  INFO      main  [Tamasha] Found 0 channels
2026-07-12 17:01:00  INFO      main  [MyCo] Found 0 channels
2026-07-12 17:01:00  INFO      main  Total unique channels after merge: 0
2026-07-12 17:01:00  INFO      main  Validating 0 channels…
2026-07-12 17:01:00  INFO      main  Validation complete: 0 live, 0 dead (removed)
2026-07-12 17:01:00  INFO      main  Diff → +0 new, -0 removed
2026-07-12 17:01:00  INFO      main  Saved 0 channels → output/
2026-07-12 17:01:00  INFO      main  Scrape cycle complete.
2026-07-12 18:27:57  INFO      main  ============================================================
2026-07-12 18:27:57  INFO      main  Scrape cycle started at 2026-07-12 18:27:57
2026-07-12 18:27:57  INFO      main  [Tamasha] Starting scrape…
2026-07-12 18:27:57  INFO      main  [Tapmad] Starting scrape…
2026-07-12 18:27:57  INFO      main  [MyCo] Starting scrape…
2026-07-12 18:27:57  INFO      main  [ShoqPK] Starting scrape…
2026-07-12 18:27:57  INFO      main  [MyCo] Found 0 channels
2026-07-12 18:27:57  INFO      main  [Tamasha] Found 0 channels
2026-07-12 18:27:57  INFO      main  [Tapmad] Found 0 channels
2026-07-12 18:27:57  INFO      main  [ShoqPK] Found 0 channels
2026-07-12 18:27:57  INFO      main  Total unique channels after merge: 0
2026-07-12 18:27:57  INFO      main  Validating 0 channels…
2026-07-12 18:27:57  INFO      main  Validation complete: 0 live, 0 dead (removed)
2026-07-12 18:27:57  INFO      main  Diff → +0 new, -0 removed
2026-07-12 18:27:57  INFO      main  Saved 0 channels → output/
2026-07-12 18:27:57  INFO      main  Scrape cycle complete.
2026-07-12 19:41:49  INFO      main  ============================================================
2026-07-12 19:41:49  INFO      main  Scrape cycle started at 2026-07-12 19:41:49
2026-07-12 19:41:49  INFO      main  [Tamasha] Starting scrape…
2026-07-12 19:41:49  INFO      main  [Tapmad] Starting scrape…
2026-07-12 19:41:49  INFO      main  [MyCo] Starting scrape…
2026-07-12 19:41:49  INFO      main  [ShoqPK] Starting scrape…
2026-07-12 19:41:49  INFO      main  [Tapmad] Found 0 channels
2026-07-12 19:41:49  INFO      main  [MyCo] Found 0 channels
2026-07-12 19:41:49  INFO      main  [ShoqPK] Found 0 channels
2026-07-12 19:41:49  INFO      main  [Tamasha] Found 0 channels
2026-07-12 19:41:49  INFO      main  Total unique channels after merge: 0
2026-07-12 19:41:49  INFO      main  Validating 0 channels…
2026-07-12 19:41:49  INFO      main  Validation complete: 0 live, 0 dead (removed)
2026-07-12 19:41:49  INFO      main  Diff → +0 new, -0 removed
2026-07-12 19:41:49  INFO      main  Saved 0 channels → output/
2026-07-12 19:41:49  INFO      main  Scrape cycle complete.
2026-07-12 20:52:45  INFO      main  ============================================================
2026-07-12 20:52:45  INFO      main  Scrape cycle started at 2026-07-12 20:52:45
2026-07-12 20:52:45  INFO      main  [Tamasha] Starting scrape…
2026-07-12 20:52:45  INFO      main  [Tapmad] Starting scrape…
2026-07-12 20:52:45  INFO      main  [MyCo] Starting scrape…
2026-07-12 20:52:45  INFO      main  [ShoqPK] Starting scrape…
2026-07-12 20:52:45  INFO      main  [Tapmad] Found 0 channels
2026-07-12 20:52:45  INFO      main  [MyCo] Found 0 channels
2026-07-12 20:52:45  INFO      main  [ShoqPK] Found 0 channels
2026-07-12 20:52:45  INFO      main  [Tamasha] Found 0 channels
2026-07-12 20:52:45  INFO      main  Total unique channels after merge: 0
2026-07-12 20:52:45  INFO      main  Validating 0 channels…
2026-07-12 20:52:45  INFO      main  Validation complete: 0 live, 0 dead (removed)
2026-07-12 20:52:45  INFO      main  Diff → +0 new, -0 removed
2026-07-12 20:52:45  INFO      main  Saved 0 channels → output/
2026-07-12 20:52:45  INFO      main  Scrape cycle complete.
2026-07-12 21:53:18  INFO      main  ============================================================
2026-07-12 21:53:18  INFO      main  Scrape cycle started at 2026-07-12 21:53:18
2026-07-12 21:53:18  INFO      main  [Tamasha] Starting scrape…
2026-07-12 21:53:18  INFO      main  [Tapmad] Starting scrape…
2026-07-12 21:53:18  INFO      main  [MyCo] Starting scrape…
2026-07-12 21:53:18  INFO      main  [ShoqPK] Starting scrape…
2026-07-12 21:53:18  INFO      main  [MyCo] Found 0 channels
2026-07-12 21:53:18  INFO      main  [Tapmad] Found 0 channels
2026-07-12 21:53:18  INFO      main  [ShoqPK] Found 0 channels
2026-07-12 21:53:18  INFO      main  [Tamasha] Found 0 channels
2026-07-12 21:53:18  INFO      main  Total unique channels after merge: 0
2026-07-12 21:53:18  INFO      main  Validating 0 channels…
2026-07-12 21:53:18  INFO      main  Validation complete: 0 live, 0 dead (removed)
2026-07-12 21:53:18  INFO      main  Diff → +0 new, -0 removed
2026-07-12 21:53:18  INFO      main  Saved 0 channels → output/
2026-07-12 21:53:18  INFO      main  Scrape cycle complete.
2026-07-12 22:52:10  INFO      main  ============================================================
2026-07-12 22:52:10  INFO      main  Scrape cycle started at 2026-07-12 22:52:10
2026-07-12 22:52:10  INFO      main  [Tamasha] Starting scrape…
2026-07-12 22:52:10  INFO      main  [Tapmad] Starting scrape…
2026-07-12 22:52:10  INFO      main  [MyCo] Starting scrape…
2026-07-12 22:52:10  INFO      main  [ShoqPK] Starting scrape…
2026-07-12 22:52:10  INFO      main  [Tapmad] Found 0 channels
2026-07-12 22:52:11  INFO      main  [MyCo] Found 0 channels
2026-07-12 22:52:11  INFO      main  [ShoqPK] Found 0 channels
2026-07-12 22:52:11  INFO      main  [Tamasha] Found 0 channels
2026-07-12 22:52:11  INFO      main  Total unique channels after merge: 0
2026-07-12 22:52:11  INFO      main  Validating 0 channels…
2026-07-12 22:52:11  INFO      main  Validation complete: 0 live, 0 dead (removed)
2026-07-12 22:52:11  INFO      main  Diff → +0 new, -0 removed
2026-07-12 22:52:11  INFO      main  Saved 0 channels → output/
2026-07-12 22:52:11  INFO      main  Scrape cycle complete.
2026-07-12 23:56:58  INFO      main  ============================================================
2026-07-12 23:56:58  INFO      main  Scrape cycle started at 2026-07-12 23:56:58
2026-07-12 23:56:58  INFO      main  [Tamasha] Starting scrape…
2026-07-12 23:56:58  INFO      main  [Tapmad] Starting scrape…
2026-07-12 23:56:58  INFO      main  [MyCo] Starting scrape…
2026-07-12 23:56:58  INFO      main  [ShoqPK] Starting scrape…
2026-07-12 23:56:58  INFO      main  [MyCo] Found 0 channels
2026-07-12 23:56:58  INFO      main  [Tapmad] Found 0 channels
2026-07-12 23:56:58  INFO      main  [ShoqPK] Found 0 channels
2026-07-12 23:56:59  INFO      main  [Tamasha] Found 0 channels
2026-07-12 23:56:59  INFO      main  Total unique channels after merge: 0
2026-07-12 23:56:59  INFO      main  Validating 0 channels…
2026-07-12 23:56:59  INFO      main  Validation complete: 0 live, 0 dead (removed)
2026-07-12 23:56:59  INFO      main  Diff → +0 new, -0 removed
2026-07-12 23:56:59  INFO      main  Saved 0 channels → output/
2026-07-12 23:56:59  INFO      main  Scrape cycle complete.
2026-07-13 03:40:12  INFO      main  ============================================================
2026-07-13 03:40:12  INFO      main  Scrape cycle started at 2026-07-13 03:40:12
2026-07-13 03:40:12  INFO      main  [Tamasha] Starting scrape…
2026-07-13 03:40:12  INFO      main  [Tapmad] Starting scrape…
2026-07-13 03:40:12  INFO      main  [MyCo] Starting scrape…
2026-07-13 03:40:12  INFO      main  [ShoqPK] Starting scrape…
2026-07-13 03:40:12  INFO      main  [Tapmad] Found 0 channels
2026-07-13 03:40:12  INFO      main  [ShoqPK] Found 0 channels
2026-07-13 03:40:12  INFO      main  [Tamasha] Found 0 channels
2026-07-13 03:40:12  INFO      main  [MyCo] Found 0 channels
2026-07-13 03:40:12  INFO      main  Total unique channels after merge: 0
2026-07-13 03:40:12  INFO      main  Validating 0 channels…
2026-07-13 03:40:12  INFO      main  Validation complete: 0 live, 0 dead (removed)
2026-07-13 03:40:12  INFO      main  Diff → +0 new, -0 removed
2026-07-13 03:40:12  INFO      main  Saved 0 channels → output/
2026-07-13 03:40:12  INFO      main  Scrape cycle complete.
2026-07-13 06:55:12  INFO      main  ============================================================
2026-07-13 06:55:12  INFO      main  Scrape cycle started at 2026-07-13 06:55:12
2026-07-13 06:55:12  INFO      main  [Tamasha] Starting scrape…
2026-07-13 06:55:12  INFO      main  [Tapmad] Starting scrape…
2026-07-13 06:55:12  INFO      main  [MyCo] Starting scrape…
2026-07-13 06:55:12  INFO      main  [ShoqPK] Starting scrape…
2026-07-13 06:55:12  INFO      main  [MyCo] Found 0 channels
2026-07-13 06:55:12  INFO      main  [Tapmad] Found 0 channels
2026-07-13 06:55:12  INFO      main  [Tamasha] Found 0 channels
2026-07-13 06:55:12  INFO      main  [ShoqPK] Found 0 channels
2026-07-13 06:55:12  INFO      main  Total unique channels after merge: 0
2026-07-13 06:55:12  INFO      main  Validating 0 channels…
2026-07-13 06:55:12  INFO      main  Validation complete: 0 live, 0 dead (removed)
2026-07-13 06:55:12  INFO      main  Diff → +0 new, -0 removed
2026-07-13 06:55:12  INFO      main  Saved 0 channels → output/
2026-07-13 06:55:12  INFO      main  Scrape cycle complete.
2026-07-13 10:29:31  INFO      main  ============================================================
2026-07-13 10:29:31  INFO      main  Scrape cycle started at 2026-07-13 10:29:31
2026-07-13 10:29:31  INFO      main  [Tamasha] Starting scrape…
2026-07-13 10:29:31  INFO      main  [Tapmad] Starting scrape…
2026-07-13 10:29:31  INFO      main  [MyCo] Starting scrape…
2026-07-13 10:29:31  INFO      main  [ShoqPK] Starting scrape…
2026-07-13 10:29:31  INFO      main  [MyCo] Found 0 channels
2026-07-13 10:29:31  INFO      main  [Tapmad] Found 0 channels
2026-07-13 10:29:31  INFO      main  [Tamasha] Found 0 channels
2026-07-13 10:29:31  INFO      main  [ShoqPK] Found 0 channels
2026-07-13 10:29:31  INFO      main  Total unique channels after merge: 0
2026-07-13 10:29:31  INFO      main  Validating 0 channels…
2026-07-13 10:29:31  INFO      main  Validation complete: 0 live, 0 dead (removed)
2026-07-13 10:29:31  INFO      main  Diff → +0 new, -0 removed
2026-07-13 10:29:31  INFO      main  Saved 0 channels → output/
2026-07-13 10:29:31  INFO      main  Scrape cycle complete.
2026-07-13 13:01:15  INFO      main  ============================================================
2026-07-13 13:01:15  INFO      main  Scrape cycle started at 2026-07-13 13:01:15
2026-07-13 13:01:15  INFO      main  [Tamasha] Starting scrape…
2026-07-13 13:01:15  INFO      main  [Tapmad] Starting scrape…
2026-07-13 13:01:15  INFO      main  [MyCo] Starting scrape…
2026-07-13 13:01:15  INFO      main  [ShoqPK] Starting scrape…
2026-07-13 13:01:15  INFO      main  [Tapmad] Found 0 channels
2026-07-13 13:01:15  INFO      main  [MyCo] Found 0 channels
2026-07-13 13:01:15  INFO      main  [Tamasha] Found 0 channels
2026-07-13 13:01:15  INFO      main  [ShoqPK] Found 0 channels
2026-07-13 13:01:15  INFO      main  Total unique channels after merge: 0
2026-07-13 13:01:15  INFO      main  Validating 0 channels…
2026-07-13 13:01:15  INFO      main  Validation complete: 0 live, 0 dead (removed)
2026-07-13 13:01:15  INFO      main  Diff → +0 new, -0 removed
2026-07-13 13:01:15  INFO      main  Saved 0 channels → output/
2026-07-13 13:01:15  INFO      main  Scrape cycle complete.
2026-07-13 16:04:24  INFO      main  ============================================================
2026-07-13 16:04:24  INFO      main  Scrape cycle started at 2026-07-13 16:04:24
2026-07-13 16:04:24  INFO      main  [Tamasha] Starting scrape…
2026-07-13 16:04:24  INFO      main  [Tapmad] Starting scrape…
2026-07-13 16:04:24  INFO      main  [MyCo] Starting scrape…
2026-07-13 16:04:24  INFO      main  [ShoqPK] Starting scrape…
2026-07-13 16:04:24  INFO      main  [MyCo] Found 0 channels
2026-07-13 16:04:24  INFO      main  [Tapmad] Found 0 channels
2026-07-13 16:04:24  INFO      main  [ShoqPK] Found 0 channels
2026-07-13 16:04:25  INFO      main  [Tamasha] Found 0 channels
2026-07-13 16:04:25  INFO      main  Total unique channels after merge: 0
2026-07-13 16:04:25  INFO      main  Validating 0 channels…
2026-07-13 16:04:25  INFO      main  Validation complete: 0 live, 0 dead (removed)
2026-07-13 16:04:25  INFO      main  Diff → +0 new, -0 removed
2026-07-13 16:04:25  INFO      main  Saved 0 channels → output/
2026-07-13 16:04:25  INFO      main  Scrape cycle complete.
2026-07-13 18:16:39  INFO      main  ============================================================
2026-07-13 18:16:39  INFO      main  Scrape cycle started at 2026-07-13 18:16:39
2026-07-13 18:16:39  INFO      main  [Tamasha] Starting scrape…
2026-07-13 18:16:39  INFO      main  [Tapmad] Starting scrape…
2026-07-13 18:16:39  INFO      main  [MyCo] Starting scrape…
2026-07-13 18:16:39  INFO      main  [ShoqPK] Starting scrape…
2026-07-13 18:16:39  INFO      main  [Tapmad] Found 0 channels
2026-07-13 18:16:39  INFO      main  [MyCo] Found 0 channels
2026-07-13 18:16:39  INFO      main  [ShoqPK] Found 0 channels
2026-07-13 18:16:39  INFO      main  [Tamasha] Found 0 channels
2026-07-13 18:16:39  INFO      main  Total unique channels after merge: 0
2026-07-13 18:16:39  INFO      main  Validating 0 channels…
2026-07-13 18:16:39  INFO      main  Validation complete: 0 live, 0 dead (removed)
2026-07-13 18:16:39  INFO      main  Diff → +0 new, -0 removed
2026-07-13 18:16:39  INFO      main  Saved 0 channels → output/
2026-07-13 18:16:39  INFO      main  Scrape cycle complete.
2026-07-13 19:59:00  INFO      main  ============================================================
2026-07-13 19:59:00  INFO      main  Scrape cycle started at 2026-07-13 19:59:00
2026-07-13 19:59:00  INFO      main  [Tamasha] Starting scrape…
2026-07-13 19:59:00  INFO      main  [Tapmad] Starting scrape…
2026-07-13 19:59:00  INFO      main  [MyCo] Starting scrape…
2026-07-13 19:59:00  INFO      main  [ShoqPK] Starting scrape…
2026-07-13 19:59:00  INFO      main  [Tapmad] Found 0 channels
2026-07-13 19:59:00  INFO      main  [MyCo] Found 0 channels
2026-07-13 19:59:00  INFO      main  [ShoqPK] Found 0 channels
2026-07-13 19:59:00  INFO      main  [Tamasha] Found 0 channels
2026-07-13 19:59:00  INFO      main  Total unique channels after merge: 0
2026-07-13 19:59:00  INFO      main  Validating 0 channels…
2026-07-13 19:59:00  INFO      main  Validation complete: 0 live, 0 dead (removed)
2026-07-13 19:59:00  INFO      main  Diff → +0 new, -0 removed
2026-07-13 19:59:00  INFO      main  Saved 0 channels → output/
2026-07-13 19:59:00  INFO      main  Scrape cycle complete.
2026-07-13 21:07:27  INFO      main  ============================================================
2026-07-13 21:07:27  INFO      main  Scrape cycle started at 2026-07-13 21:07:27
2026-07-13 21:07:27  INFO      main  [Tamasha] Starting scrape…
2026-07-13 21:07:27  INFO      main  [Tapmad] Starting scrape…
2026-07-13 21:07:27  INFO      main  [MyCo] Starting scrape…
2026-07-13 21:07:27  INFO      main  [ShoqPK] Starting scrape…
2026-07-13 21:07:27  INFO      main  [MyCo] Found 0 channels
2026-07-13 21:07:27  INFO      main  [Tapmad] Found 0 channels
2026-07-13 21:07:27  INFO      main  [ShoqPK] Found 0 channels
2026-07-13 21:07:27  INFO      main  [Tamasha] Found 0 channels
2026-07-13 21:07:27  INFO      main  Total unique channels after merge: 0
2026-07-13 21:07:27  INFO      main  Validating 0 channels…
2026-07-13 21:07:27  INFO      main  Validation complete: 0 live, 0 dead (removed)
2026-07-13 21:07:27  INFO      main  Diff → +0 new, -0 removed
2026-07-13 21:07:27  INFO      main  Saved 0 channels → output/
2026-07-13 21:07:27  INFO      main  Scrape cycle complete.
2026-07-13 22:28:07  INFO      main  ============================================================
2026-07-13 22:28:07  INFO      main  Scrape cycle started at 2026-07-13 22:28:07
2026-07-13 22:28:07  INFO      main  [Tamasha] Starting scrape…
2026-07-13 22:28:07  INFO      main  [Tapmad] Starting scrape…
2026-07-13 22:28:07  INFO      main  [MyCo] Starting scrape…
2026-07-13 22:28:07  INFO      main  [ShoqPK] Starting scrape…
2026-07-13 22:28:07  INFO      main  [MyCo] Found 0 channels
2026-07-13 22:28:07  INFO      main  [Tapmad] Found 0 channels
2026-07-13 22:28:07  INFO      main  [ShoqPK] Found 0 channels
2026-07-13 22:28:07  INFO      main  [Tamasha] Found 0 channels
2026-07-13 22:28:07  INFO      main  Total unique channels after merge: 0
2026-07-13 22:28:07  INFO      main  Validating 0 channels…
2026-07-13 22:28:07  INFO      main  Validation complete: 0 live, 0 dead (removed)
2026-07-13 22:28:07  INFO      main  Diff → +0 new, -0 removed
2026-07-13 22:28:07  INFO      main  Saved 0 channels → output/
2026-07-13 22:28:07  INFO      main  Scrape cycle complete.
2026-07-13 23:28:25  INFO      main  ============================================================
2026-07-13 23:28:25  INFO      main  Scrape cycle started at 2026-07-13 23:28:25
2026-07-13 23:28:25  INFO      main  [Tamasha] Starting scrape…
2026-07-13 23:28:25  INFO      main  [Tapmad] Starting scrape…
2026-07-13 23:28:25  INFO      main  [MyCo] Starting scrape…
2026-07-13 23:28:25  INFO      main  [ShoqPK] Starting scrape…
2026-07-13 23:28:25  INFO      main  [MyCo] Found 0 channels
2026-07-13 23:28:25  INFO      main  [Tapmad] Found 0 channels
2026-07-13 23:28:25  INFO      main  [Tamasha] Found 0 channels
2026-07-13 23:28:26  INFO      main  [ShoqPK] Found 0 channels
2026-07-13 23:28:26  INFO      main  Total unique channels after merge: 0
2026-07-13 23:28:26  INFO      main  Validating 0 channels…
2026-07-13 23:28:26  INFO      main  Validation complete: 0 live, 0 dead (removed)
2026-07-13 23:28:26  INFO      main  Diff → +0 new, -0 removed
2026-07-13 23:28:26  INFO      main  Saved 0 channels → output/
2026-07-13 23:28:26  INFO      main  Scrape cycle complete.
2026-07-14 00:55:36  INFO      main  ============================================================
2026-07-14 00:55:36  INFO      main  Scrape cycle started at 2026-07-14 00:55:36
2026-07-14 00:55:36  INFO      main  [Tamasha] Starting scrape…
2026-07-14 00:55:36  INFO      main  [Tapmad] Starting scrape…
2026-07-14 00:55:36  INFO      main  [MyCo] Starting scrape…
2026-07-14 00:55:36  INFO      main  [ShoqPK] Starting scrape…
2026-07-14 00:55:37  INFO      main  [Tapmad] Found 0 channels
2026-07-14 00:55:37  INFO      main  [MyCo] Found 0 channels
2026-07-14 00:55:37  INFO      main  [Tamasha] Found 0 channels
2026-07-14 00:55:37  INFO      main  [ShoqPK] Found 0 channels
2026-07-14 00:55:37  INFO      main  Total unique channels after merge: 0
2026-07-14 00:55:37  INFO      main  Validating 0 channels…
2026-07-14 00:55:37  INFO      main  Validation complete: 0 live, 0 dead (removed)
2026-07-14 00:55:37  INFO      main  Diff → +0 new, -0 removed
2026-07-14 00:55:37  INFO      main  Saved 0 channels → output/
2026-07-14 00:55:37  INFO      main  Scrape cycle complete.
2026-07-14 03:59:32  INFO      main  ============================================================
2026-07-14 03:59:32  INFO      main  Scrape cycle started at 2026-07-14 03:59:32
2026-07-14 03:59:32  INFO      main  [Tamasha] Starting scrape…
2026-07-14 03:59:32  INFO      main  [Tapmad] Starting scrape…
2026-07-14 03:59:32  INFO      main  [MyCo] Starting scrape…
2026-07-14 03:59:32  INFO      main  [ShoqPK] Starting scrape…
2026-07-14 03:59:32  INFO      main  [Tapmad] Found 0 channels
2026-07-14 03:59:32  INFO      main  [MyCo] Found 0 channels
2026-07-14 03:59:32  INFO      main  [ShoqPK] Found 0 channels
2026-07-14 03:59:32  INFO      main  [Tamasha] Found 0 channels
2026-07-14 03:59:32  INFO      main  Total unique channels after merge: 0
2026-07-14 03:59:32  INFO      main  Validating 0 channels…
2026-07-14 03:59:32  INFO      main  Validation complete: 0 live, 0 dead (removed)
2026-07-14 03:59:32  INFO      main  Diff → +0 new, -0 removed
2026-07-14 03:59:32  INFO      main  Saved 0 channels → output/
2026-07-14 03:59:32  INFO      main  Scrape cycle complete.
2026-07-14 06:20:19  INFO      main  ============================================================
2026-07-14 06:20:19  INFO      main  Scrape cycle started at 2026-07-14 06:20:19
2026-07-14 06:20:19  INFO      main  [Tamasha] Starting scrape…
2026-07-14 06:20:19  INFO      main  [Tapmad] Starting scrape…
2026-07-14 06:20:19  INFO      main  [MyCo] Starting scrape…
2026-07-14 06:20:19  INFO      main  [ShoqPK] Starting scrape…
2026-07-14 06:20:19  INFO      main  [MyCo] Found 0 channels
2026-07-14 06:20:19  INFO      main  [Tapmad] Found 0 channels
2026-07-14 06:20:19  INFO      main  [ShoqPK] Found 0 channels
2026-07-14 06:20:20  INFO      main  [Tamasha] Found 0 channels
2026-07-14 06:20:20  INFO      main  Total unique channels after merge: 0
2026-07-14 06:20:20  INFO      main  Validating 0 channels…
2026-07-14 06:20:20  INFO      main  Validation complete: 0 live, 0 dead (removed)
2026-07-14 06:20:20  INFO      main  Diff → +0 new, -0 removed
2026-07-14 06:20:20  INFO      main  Saved 0 channels → output/
2026-07-14 06:20:20  INFO      main  Scrape cycle complete.
2026-07-14 08:36:37  INFO      main  ============================================================
2026-07-14 08:36:37  INFO      main  Scrape cycle started at 2026-07-14 08:36:37
2026-07-14 08:36:37  INFO      main  [Tamasha] Starting scrape…
2026-07-14 08:36:37  INFO      main  [Tapmad] Starting scrape…
2026-07-14 08:36:37  INFO      main  [MyCo] Starting scrape…
2026-07-14 08:36:37  INFO      main  [ShoqPK] Starting scrape…
2026-07-14 08:36:37  INFO      main  [Tapmad] Found 0 channels
2026-07-14 08:36:37  INFO      main  [MyCo] Found 0 channels
2026-07-14 08:36:37  INFO      main  [ShoqPK] Found 0 channels
2026-07-14 08:36:38  INFO      main  [Tamasha] Found 0 channels
2026-07-14 08:36:38  INFO      main  Total unique channels after merge: 0
2026-07-14 08:36:38  INFO      main  Validating 0 channels…
2026-07-14 08:36:38  INFO      main  Validation complete: 0 live, 0 dead (removed)
2026-07-14 08:36:38  INFO      main  Diff → +0 new, -0 removed
2026-07-14 08:36:38  INFO      main  Saved 0 channels → output/
2026-07-14 08:36:38  INFO      main  Scrape cycle complete.
2026-07-14 10:48:57  INFO      main  ============================================================
2026-07-14 10:48:57  INFO      main  Scrape cycle started at 2026-07-14 10:48:57
2026-07-14 10:48:57  INFO      main  [Tamasha] Starting scrape…
2026-07-14 10:48:57  INFO      main  [Tapmad] Starting scrape…
2026-07-14 10:48:57  INFO      main  [MyCo] Starting scrape…
2026-07-14 10:48:57  INFO      main  [ShoqPK] Starting scrape…
2026-07-14 10:48:57  INFO      main  [Tapmad] Found 0 channels
2026-07-14 10:48:57  INFO      main  [MyCo] Found 0 channels
2026-07-14 10:48:57  INFO      main  [ShoqPK] Found 0 channels
2026-07-14 10:48:58  INFO      main  [Tamasha] Found 0 channels
2026-07-14 10:48:58  INFO      main  Total unique channels after merge: 0
2026-07-14 10:48:58  INFO      main  Validating 0 channels…
2026-07-14 10:48:58  INFO      main  Validation complete: 0 live, 0 dead (removed)
2026-07-14 10:48:58  INFO      main  Diff → +0 new, -0 removed
2026-07-14 10:48:58  INFO      main  Saved 0 channels → output/
2026-07-14 10:48:58  INFO      main  Scrape cycle complete.
2026-07-14 12:15:39  INFO      main  ============================================================
2026-07-14 12:15:39  INFO      main  Scrape cycle started at 2026-07-14 12:15:39
2026-07-14 12:15:39  INFO      main  [Tamasha] Starting scrape…
2026-07-14 12:15:39  INFO      main  [Tapmad] Starting scrape…
2026-07-14 12:15:39  INFO      main  [MyCo] Starting scrape…
2026-07-14 12:15:39  INFO      main  [ShoqPK] Starting scrape…
2026-07-14 12:15:40  INFO      main  [MyCo] Found 0 channels
2026-07-14 12:15:40  INFO      main  [Tapmad] Found 0 channels
2026-07-14 12:15:40  INFO      main  [Tamasha] Found 0 channels
2026-07-14 12:15:40  INFO      main  [ShoqPK] Found 0 channels
2026-07-14 12:15:40  INFO      main  Total unique channels after merge: 0
2026-07-14 12:15:40  INFO      main  Validating 0 channels…
2026-07-14 12:15:40  INFO      main  Validation complete: 0 live, 0 dead (removed)
2026-07-14 12:15:40  INFO      main  Diff → +0 new, -0 removed
2026-07-14 12:15:40  INFO      main  Saved 0 channels → output/
2026-07-14 12:15:40  INFO      main  Scrape cycle complete.
2026-07-14 14:24:30  INFO      main  ============================================================
2026-07-14 14:24:30  INFO      main  Scrape cycle started at 2026-07-14 14:24:30
2026-07-14 14:24:30  INFO      main  [Tamasha] Starting scrape…
2026-07-14 14:24:30  INFO      main  [Tapmad] Starting scrape…
2026-07-14 14:24:30  INFO      main  [MyCo] Starting scrape…
2026-07-14 14:24:30  INFO      main  [ShoqPK] Starting scrape…
2026-07-14 14:24:30  INFO      main  [Tapmad] Found 0 channels
2026-07-14 14:24:30  INFO      main  [MyCo] Found 0 channels
2026-07-14 14:24:30  INFO      main  [ShoqPK] Found 0 channels
2026-07-14 14:24:31  INFO      main  [Tamasha] Found 0 channels
2026-07-14 14:24:31  INFO      main  Total unique channels after merge: 0
2026-07-14 14:24:31  INFO      main  Validating 0 channels…
2026-07-14 14:24:31  INFO      main  Validation complete: 0 live, 0 dead (removed)
2026-07-14 14:24:31  INFO      main  Diff → +0 new, -0 removed
2026-07-14 14:24:31  INFO      main  Saved 0 channels → output/
2026-07-14 14:24:31  INFO      main  Scrape cycle complete.
2026-07-14 15:57:47  INFO      main  ============================================================
2026-07-14 15:57:47  INFO      main  Scrape cycle started at 2026-07-14 15:57:47
2026-07-14 15:57:47  INFO      main  [Tamasha] Starting scrape…
2026-07-14 15:57:47  INFO      main  [Tapmad] Starting scrape…
2026-07-14 15:57:47  INFO      main  [MyCo] Starting scrape…
2026-07-14 15:57:47  INFO      main  [ShoqPK] Starting scrape…
2026-07-14 15:57:47  INFO      main  [Tapmad] Found 0 channels
2026-07-14 15:57:47  INFO      main  [MyCo] Found 0 channels
2026-07-14 15:57:47  INFO      main  [ShoqPK] Found 0 channels
2026-07-14 15:57:47  INFO      main  [Tamasha] Found 0 channels
2026-07-14 15:57:47  INFO      main  Total unique channels after merge: 0
2026-07-14 15:57:47  INFO      main  Validating 0 channels…
2026-07-14 15:57:47  INFO      main  Validation complete: 0 live, 0 dead (removed)
2026-07-14 15:57:47  INFO      main  Diff → +0 new, -0 removed
2026-07-14 15:57:47  INFO      main  Saved 0 channels → output/
2026-07-14 15:57:47  INFO      main  Scrape cycle complete.
2026-07-14 17:22:45  INFO      main  ============================================================
2026-07-14 17:22:45  INFO      main  Scrape cycle started at 2026-07-14 17:22:45
2026-07-14 17:22:45  INFO      main  [Tamasha] Starting scrape…
2026-07-14 17:22:45  INFO      main  [Tapmad] Starting scrape…
2026-07-14 17:22:45  INFO      main  [MyCo] Starting scrape…
2026-07-14 17:22:45  INFO      main  [ShoqPK] Starting scrape…
2026-07-14 17:22:45  INFO      main  [Tapmad] Found 0 channels
2026-07-14 17:22:45  INFO      main  [MyCo] Found 0 channels
2026-07-14 17:22:45  INFO      main  [Tamasha] Found 0 channels
2026-07-14 17:22:46  INFO      main  [ShoqPK] Found 0 channels
2026-07-14 17:22:46  INFO      main  Total unique channels after merge: 0
2026-07-14 17:22:46  INFO      main  Validating 0 channels…
2026-07-14 17:22:46  INFO      main  Validation complete: 0 live, 0 dead (removed)
2026-07-14 17:22:46  INFO      main  Diff → +0 new, -0 removed
2026-07-14 17:22:46  INFO      main  Saved 0 channels → output/
2026-07-14 17:22:46  INFO      main  Scrape cycle complete.
2026-07-14 18:39:54  INFO      main  ============================================================
2026-07-14 18:39:54  INFO      main  Scrape cycle started at 2026-07-14 18:39:54
2026-07-14 18:39:54  INFO      main  [Tamasha] Starting scrape…
2026-07-14 18:39:54  INFO      main  [Tapmad] Starting scrape…
2026-07-14 18:39:54  INFO      main  [MyCo] Starting scrape…
2026-07-14 18:39:54  INFO      main  [ShoqPK] Starting scrape…
2026-07-14 18:39:54  INFO      main  [MyCo] Found 0 channels
2026-07-14 18:39:54  INFO      main  [Tapmad] Found 0 channels
2026-07-14 18:39:54  INFO      main  [Tamasha] Found 0 channels
2026-07-14 18:39:54  INFO      main  [ShoqPK] Found 0 channels
2026-07-14 18:39:54  INFO      main  Total unique channels after merge: 0
2026-07-14 18:39:54  INFO      main  Validating 0 channels…
2026-07-14 18:39:54  INFO      main  Validation complete: 0 live, 0 dead (removed)
2026-07-14 18:39:54  INFO      main  Diff → +0 new, -0 removed
2026-07-14 18:39:54  INFO      main  Saved 0 channels → output/
2026-07-14 18:39:54  INFO      main  Scrape cycle complete.
2026-07-14 20:14:18  INFO      main  ============================================================
2026-07-14 20:14:18  INFO      main  Scrape cycle started at 2026-07-14 20:14:18
2026-07-14 20:14:18  INFO      main  [Tamasha] Starting scrape…
2026-07-14 20:14:18  INFO      main  [Tapmad] Starting scrape…
2026-07-14 20:14:18  INFO      main  [MyCo] Starting scrape…
2026-07-14 20:14:18  INFO      main  [ShoqPK] Starting scrape…
2026-07-14 20:14:18  INFO      main  [Tapmad] Found 0 channels
2026-07-14 20:14:18  INFO      main  [MyCo] Found 0 channels
2026-07-14 20:14:18  INFO      main  [ShoqPK] Found 0 channels
2026-07-14 20:14:18  INFO      main  [Tamasha] Found 0 channels
2026-07-14 20:14:18  INFO      main  Total unique channels after merge: 0
2026-07-14 20:14:18  INFO      main  Validating 0 channels…
2026-07-14 20:14:18  INFO      main  Validation complete: 0 live, 0 dead (removed)
2026-07-14 20:14:18  INFO      main  Diff → +0 new, -0 removed
2026-07-14 20:14:18  INFO      main  Saved 0 channels → output/
2026-07-14 20:14:18  INFO      main  Scrape cycle complete.
2026-07-14 21:31:13  INFO      main  ============================================================
2026-07-14 21:31:13  INFO      main  Scrape cycle started at 2026-07-14 21:31:13
2026-07-14 21:31:13  INFO      main  [Tamasha] Starting scrape…
2026-07-14 21:31:13  INFO      main  [Tapmad] Starting scrape…
2026-07-14 21:31:13  INFO      main  [MyCo] Starting scrape…
2026-07-14 21:31:13  INFO      main  [ShoqPK] Starting scrape…
2026-07-14 21:31:13  INFO      main  [Tapmad] Found 0 channels
2026-07-14 21:31:13  INFO      main  [MyCo] Found 0 channels
2026-07-14 21:31:13  INFO      main  [ShoqPK] Found 0 channels
2026-07-14 21:31:14  INFO      main  [Tamasha] Found 0 channels
2026-07-14 21:31:14  INFO      main  Total unique channels after merge: 0
2026-07-14 21:31:14  INFO      main  Validating 0 channels…
2026-07-14 21:31:14  INFO      main  Validation complete: 0 live, 0 dead (removed)
2026-07-14 21:31:14  INFO      main  Diff → +0 new, -0 removed
2026-07-14 21:31:14  INFO      main  Saved 0 channels → output/
2026-07-14 21:31:14  INFO      main  Scrape cycle complete.
2026-07-14 22:57:53  INFO      main  ============================================================
2026-07-14 22:57:53  INFO      main  Scrape cycle started at 2026-07-14 22:57:53
2026-07-14 22:57:53  INFO      main  [Tamasha] Starting scrape…
2026-07-14 22:57:53  INFO      main  [Tapmad] Starting scrape…
2026-07-14 22:57:53  INFO      main  [MyCo] Starting scrape…
2026-07-14 22:57:53  INFO      main  [ShoqPK] Starting scrape…
2026-07-14 22:57:53  INFO      main  [Tapmad] Found 0 channels
2026-07-14 22:57:53  INFO      main  [MyCo] Found 0 channels
2026-07-14 22:57:53  INFO      main  [Tamasha] Found 0 channels
2026-07-14 22:57:53  INFO      main  [ShoqPK] Found 0 channels
2026-07-14 22:57:53  INFO      main  Total unique channels after merge: 0
2026-07-14 22:57:53  INFO      main  Validating 0 channels…
2026-07-14 22:57:53  INFO      main  Validation complete: 0 live, 0 dead (removed)
2026-07-14 22:57:53  INFO      main  Diff → +0 new, -0 removed
2026-07-14 22:57:53  INFO      main  Saved 0 channels → output/
2026-07-14 22:57:53  INFO      main  Scrape cycle complete.
2026-07-14 23:59:27  INFO      main  ============================================================
2026-07-14 23:59:27  INFO      main  Scrape cycle started at 2026-07-14 23:59:27
2026-07-14 23:59:27  INFO      main  [Tamasha] Starting scrape…
2026-07-14 23:59:27  INFO      main  [Tapmad] Starting scrape…
2026-07-14 23:59:27  INFO      main  [MyCo] Starting scrape…
2026-07-14 23:59:27  INFO      main  [ShoqPK] Starting scrape…
2026-07-14 23:59:27  INFO      main  [Tapmad] Found 0 channels
2026-07-14 23:59:27  INFO      main  [MyCo] Found 0 channels
2026-07-14 23:59:27  INFO      main  [ShoqPK] Found 0 channels
2026-07-14 23:59:27  INFO      main  [Tamasha] Found 0 channels
2026-07-14 23:59:27  INFO      main  Total unique channels after merge: 0
2026-07-14 23:59:27  INFO      main  Validating 0 channels…
2026-07-14 23:59:27  INFO      main  Validation complete: 0 live, 0 dead (removed)
2026-07-14 23:59:27  INFO      main  Diff → +0 new, -0 removed
2026-07-14 23:59:27  INFO      main  Saved 0 channels → output/
2026-07-14 23:59:27  INFO      main  Scrape cycle complete.
2026-07-15 03:22:33  INFO      main  ============================================================
2026-07-15 03:22:33  INFO      main  Scrape cycle started at 2026-07-15 03:22:33
2026-07-15 03:22:33  INFO      main  [Tamasha] Starting scrape…
2026-07-15 03:22:33  INFO      main  [Tapmad] Starting scrape…
2026-07-15 03:22:33  INFO      main  [MyCo] Starting scrape…
2026-07-15 03:22:33  INFO      main  [ShoqPK] Starting scrape…
2026-07-15 03:22:34  INFO      main  [Tapmad] Found 0 channels
2026-07-15 03:22:34  INFO      main  [MyCo] Found 0 channels
2026-07-15 03:22:34  INFO      main  [ShoqPK] Found 0 channels
2026-07-15 03:22:34  INFO      main  [Tamasha] Found 0 channels
2026-07-15 03:22:34  INFO      main  Total unique channels after merge: 0
2026-07-15 03:22:34  INFO      main  Validating 0 channels…
2026-07-15 03:22:34  INFO      main  Validation complete: 0 live, 0 dead (removed)
2026-07-15 03:22:34  INFO      main  Diff → +0 new, -0 removed
2026-07-15 03:22:34  INFO      main  Saved 0 channels → output/
2026-07-15 03:22:34  INFO      main  Scrape cycle complete.
2026-07-15 05:53:24  INFO      main  ============================================================
2026-07-15 05:53:24  INFO      main  Scrape cycle started at 2026-07-15 05:53:24
2026-07-15 05:53:24  INFO      main  [Tamasha] Starting scrape…
2026-07-15 05:53:24  INFO      main  [Tapmad] Starting scrape…
2026-07-15 05:53:24  INFO      main  [MyCo] Starting scrape…
2026-07-15 05:53:24  INFO      main  [ShoqPK] Starting scrape…
2026-07-15 05:53:24  INFO      main  [Tapmad] Found 0 channels
2026-07-15 05:53:24  INFO      main  [MyCo] Found 0 channels
2026-07-15 05:53:25  INFO      main  [ShoqPK] Found 0 channels
2026-07-15 05:53:25  INFO      main  [Tamasha] Found 0 channels
2026-07-15 05:53:25  INFO      main  Total unique channels after merge: 0
2026-07-15 05:53:25  INFO      main  Validating 0 channels…
2026-07-15 05:53:25  INFO      main  Validation complete: 0 live, 0 dead (removed)
2026-07-15 05:53:25  INFO      main  Diff → +0 new, -0 removed
2026-07-15 05:53:25  INFO      main  Saved 0 channels → output/
2026-07-15 05:53:25  INFO      main  Scrape cycle complete.
2026-07-15 08:15:56  INFO      main  ============================================================
2026-07-15 08:15:56  INFO      main  Scrape cycle started at 2026-07-15 08:15:56
2026-07-15 08:15:56  INFO      main  [Tamasha] Starting scrape…
2026-07-15 08:15:56  INFO      main  [Tapmad] Starting scrape…
2026-07-15 08:15:56  INFO      main  [MyCo] Starting scrape…
2026-07-15 08:15:56  INFO      main  [ShoqPK] Starting scrape…
2026-07-15 08:15:56  INFO      main  [Tapmad] Found 0 channels
2026-07-15 08:15:56  INFO      main  [ShoqPK] Found 0 channels
2026-07-15 08:15:56  INFO      main  [MyCo] Found 0 channels
2026-07-15 08:15:56  INFO      main  [Tamasha] Found 0 channels
2026-07-15 08:15:56  INFO      main  Total unique channels after merge: 0
2026-07-15 08:15:56  INFO      main  Validating 0 channels…
2026-07-15 08:15:56  INFO      main  Validation complete: 0 live, 0 dead (removed)
2026-07-15 08:15:56  INFO      main  Diff → +0 new, -0 removed
2026-07-15 08:15:56  INFO      main  Saved 0 channels → output/
2026-07-15 08:15:56  INFO      main  Scrape cycle complete.
2026-07-15 10:21:13  INFO      main  ============================================================
2026-07-15 10:21:13  INFO      main  Scrape cycle started at 2026-07-15 10:21:13
2026-07-15 10:21:13  INFO      main  [Tamasha] Starting scrape…
2026-07-15 10:21:13  INFO      main  [Tapmad] Starting scrape…
2026-07-15 10:21:13  INFO      main  [MyCo] Starting scrape…
2026-07-15 10:21:13  INFO      main  [ShoqPK] Starting scrape…
2026-07-15 10:21:13  INFO      main  [Tapmad] Found 0 channels
2026-07-15 10:21:13  INFO      main  [MyCo] Found 0 channels
2026-07-15 10:21:13  INFO      main  [ShoqPK] Found 0 channels
2026-07-15 10:21:13  INFO      main  [Tamasha] Found 0 channels
2026-07-15 10:21:13  INFO      main  Total unique channels after merge: 0
2026-07-15 10:21:13  INFO      main  Validating 0 channels…
2026-07-15 10:21:13  INFO      main  Validation complete: 0 live, 0 dead (removed)
2026-07-15 10:21:13  INFO      main  Diff → +0 new, -0 removed
2026-07-15 10:21:13  INFO      main  Saved 0 channels → output/
2026-07-15 10:21:13  INFO      main  Scrape cycle complete.
2026-07-15 12:00:33  INFO      main  ============================================================
2026-07-15 12:00:33  INFO      main  Scrape cycle started at 2026-07-15 12:00:33
2026-07-15 12:00:33  INFO      main  [Tamasha] Starting scrape…
2026-07-15 12:00:33  INFO      main  [Tapmad] Starting scrape…
2026-07-15 12:00:33  INFO      main  [MyCo] Starting scrape…
2026-07-15 12:00:33  INFO      main  [ShoqPK] Starting scrape…
2026-07-15 12:00:33  INFO      main  [Tapmad] Found 0 channels
2026-07-15 12:00:33  INFO      main  [MyCo] Found 0 channels
2026-07-15 12:00:33  INFO      main  [Tamasha] Found 0 channels
2026-07-15 12:00:33  INFO      main  [ShoqPK] Found 0 channels
2026-07-15 12:00:33  INFO      main  Total unique channels after merge: 0
2026-07-15 12:00:33  INFO      main  Validating 0 channels…
2026-07-15 12:00:33  INFO      main  Validation complete: 0 live, 0 dead (removed)
2026-07-15 12:00:33  INFO      main  Diff → +0 new, -0 removed
2026-07-15 12:00:33  INFO      main  Saved 0 channels → output/
2026-07-15 12:00:33  INFO      main  Scrape cycle complete.
2026-07-15 14:20:05  INFO      main  ============================================================
2026-07-15 14:20:05  INFO      main  Scrape cycle started at 2026-07-15 14:20:05
2026-07-15 14:20:05  INFO      main  [Tamasha] Starting scrape…
2026-07-15 14:20:05  INFO      main  [Tapmad] Starting scrape…
2026-07-15 14:20:05  INFO      main  [MyCo] Starting scrape…
2026-07-15 14:20:05  INFO      main  [ShoqPK] Starting scrape…
2026-07-15 14:20:05  INFO      main  [Tapmad] Found 0 channels
2026-07-15 14:20:05  INFO      main  [MyCo] Found 0 channels
2026-07-15 14:20:05  INFO      main  [ShoqPK] Found 0 channels
2026-07-15 14:20:05  INFO      main  [Tamasha] Found 0 channels
2026-07-15 14:20:05  INFO      main  Total unique channels after merge: 0
2026-07-15 14:20:05  INFO      main  Validating 0 channels…
2026-07-15 14:20:05  INFO      main  Validation complete: 0 live, 0 dead (removed)
2026-07-15 14:20:05  INFO      main  Diff → +0 new, -0 removed
2026-07-15 14:20:05  INFO      main  Saved 0 channels → output/
2026-07-15 14:20:05  INFO      main  Scrape cycle complete.
2026-07-15 16:03:05  INFO      main  ============================================================
2026-07-15 16:03:05  INFO      main  Scrape cycle started at 2026-07-15 16:03:05
2026-07-15 16:03:05  INFO      main  [Tamasha] Starting scrape…
2026-07-15 16:03:05  INFO      main  [Tapmad] Starting scrape…
2026-07-15 16:03:05  INFO      main  [MyCo] Starting scrape…
2026-07-15 16:03:05  INFO      main  [ShoqPK] Starting scrape…
2026-07-15 16:03:05  INFO      main  [MyCo] Found 0 channels
2026-07-15 16:03:05  INFO      main  [Tapmad] Found 0 channels
2026-07-15 16:03:06  INFO      main  [Tamasha] Found 0 channels
2026-07-15 16:03:06  INFO      main  [ShoqPK] Found 0 channels
2026-07-15 16:03:06  INFO      main  Total unique channels after merge: 0
2026-07-15 16:03:06  INFO      main  Validating 0 channels…
2026-07-15 16:03:06  INFO      main  Validation complete: 0 live, 0 dead (removed)
2026-07-15 16:03:06  INFO      main  Diff → +0 new, -0 removed
2026-07-15 16:03:06  INFO      main  Saved 0 channels → output/
2026-07-15 16:03:06  INFO      main  Scrape cycle complete.
2026-07-15 17:47:34  INFO      main  ============================================================
2026-07-15 17:47:34  INFO      main  Scrape cycle started at 2026-07-15 17:47:34
2026-07-15 17:47:34  INFO      main  [Tamasha] Starting scrape…
2026-07-15 17:47:34  INFO      main  [Tapmad] Starting scrape…
2026-07-15 17:47:34  INFO      main  [MyCo] Starting scrape…
2026-07-15 17:47:34  INFO      main  [ShoqPK] Starting scrape…
2026-07-15 17:47:35  INFO      main  [Tapmad] Found 0 channels
2026-07-15 17:47:35  INFO      main  [MyCo] Found 0 channels
2026-07-15 17:47:35  INFO      main  [ShoqPK] Found 0 channels
2026-07-15 17:47:35  INFO      main  [Tamasha] Found 0 channels
2026-07-15 17:47:35  INFO      main  Total unique channels after merge: 0
2026-07-15 17:47:35  INFO      main  Validating 0 channels…
2026-07-15 17:47:35  INFO      main  Validation complete: 0 live, 0 dead (removed)
2026-07-15 17:47:35  INFO      main  Diff → +0 new, -0 removed
2026-07-15 17:47:35  INFO      main  Saved 0 channels → output/
2026-07-15 17:47:35  INFO      main  Scrape cycle complete.
2026-07-15 19:14:39  INFO      main  ============================================================
2026-07-15 19:14:39  INFO      main  Scrape cycle started at 2026-07-15 19:14:39
2026-07-15 19:14:39  INFO      main  [Tamasha] Starting scrape…
2026-07-15 19:14:39  INFO      main  [Tapmad] Starting scrape…
2026-07-15 19:14:39  INFO      main  [MyCo] Starting scrape…
2026-07-15 19:14:39  INFO      main  [ShoqPK] Starting scrape…
2026-07-15 19:14:39  INFO      main  [MyCo] Found 0 channels
2026-07-15 19:14:39  INFO      main  [Tapmad] Found 0 channels
2026-07-15 19:14:40  INFO      main  [Tamasha] Found 0 channels
2026-07-15 19:14:40  INFO      main  [ShoqPK] Found 0 channels
2026-07-15 19:14:40  INFO      main  Total unique channels after merge: 0
2026-07-15 19:14:40  INFO      main  Validating 0 channels…
2026-07-15 19:14:40  INFO      main  Validation complete: 0 live, 0 dead (removed)
2026-07-15 19:14:40  INFO      main  Diff → +0 new, -0 removed
2026-07-15 19:14:40  INFO      main  Saved 0 channels → output/
2026-07-15 19:14:40  INFO      main  Scrape cycle complete.
2026-07-15 20:34:05  INFO      main  ============================================================
2026-07-15 20:34:05  INFO      main  Scrape cycle started at 2026-07-15 20:34:05
2026-07-15 20:34:05  INFO      main  [Tamasha] Starting scrape…
2026-07-15 20:34:05  INFO      main  [Tapmad] Starting scrape…
2026-07-15 20:34:05  INFO      main  [MyCo] Starting scrape…
2026-07-15 20:34:05  INFO      main  [ShoqPK] Starting scrape…
2026-07-15 20:34:05  INFO      main  [Tapmad] Found 0 channels
2026-07-15 20:34:05  INFO      main  [MyCo] Found 0 channels
2026-07-15 20:34:06  INFO      main  [Tamasha] Found 0 channels
2026-07-15 20:34:06  INFO      main  [ShoqPK] Found 0 channels
2026-07-15 20:34:06  INFO      main  Total unique channels after merge: 0
2026-07-15 20:34:06  INFO      main  Validating 0 channels…
2026-07-15 20:34:06  INFO      main  Validation complete: 0 live, 0 dead (removed)
2026-07-15 20:34:06  INFO      main  Diff → +0 new, -0 removed
2026-07-15 20:34:06  INFO      main  Saved 0 channels → output/
2026-07-15 20:34:06  INFO      main  Scrape cycle complete.
2026-07-15 22:03:14  INFO      main  ============================================================
2026-07-15 22:03:14  INFO      main  Scrape cycle started at 2026-07-15 22:03:14
2026-07-15 22:03:14  INFO      main  [Tamasha] Starting scrape…
2026-07-15 22:03:14  INFO      main  [Tapmad] Starting scrape…
2026-07-15 22:03:14  INFO      main  [MyCo] Starting scrape…
2026-07-15 22:03:14  INFO      main  [ShoqPK] Starting scrape…
2026-07-15 22:03:14  INFO      main  [Tapmad] Found 0 channels
2026-07-15 22:03:14  INFO      main  [MyCo] Found 0 channels
2026-07-15 22:03:14  INFO      main  [ShoqPK] Found 0 channels
2026-07-15 22:03:14  INFO      main  [Tamasha] Found 0 channels
2026-07-15 22:03:14  INFO      main  Total unique channels after merge: 0
2026-07-15 22:03:14  INFO      main  Validating 0 channels…
2026-07-15 22:03:14  INFO      main  Validation complete: 0 live, 0 dead (removed)
2026-07-15 22:03:14  INFO      main  Diff → +0 new, -0 removed
2026-07-15 22:03:14  INFO      main  Saved 0 channels → output/
2026-07-15 22:03:14  INFO      main  Scrape cycle complete.
2026-07-15 23:29:41  INFO      main  ============================================================
2026-07-15 23:29:41  INFO      main  Scrape cycle started at 2026-07-15 23:29:41
2026-07-15 23:29:41  INFO      main  [Tamasha] Starting scrape…
2026-07-15 23:29:41  INFO      main  [Tapmad] Starting scrape…
2026-07-15 23:29:41  INFO      main  [MyCo] Starting scrape…
2026-07-15 23:29:41  INFO      main  [ShoqPK] Starting scrape…
2026-07-15 23:29:41  INFO      main  [Tapmad] Found 0 channels
2026-07-15 23:29:41  INFO      main  [MyCo] Found 0 channels
2026-07-15 23:29:41  INFO      main  [ShoqPK] Found 0 channels
2026-07-15 23:29:41  INFO      main  [Tamasha] Found 0 channels
2026-07-15 23:29:41  INFO      main  Total unique channels after merge: 0
2026-07-15 23:29:41  INFO      main  Validating 0 channels…
2026-07-15 23:29:41  INFO      main  Validation complete: 0 live, 0 dead (removed)
2026-07-15 23:29:41  INFO      main  Diff → +0 new, -0 removed
2026-07-15 23:29:41  INFO      main  Saved 0 channels → output/
2026-07-15 23:29:41  INFO      main  Scrape cycle complete.
2026-07-16 01:01:55  INFO      main  ============================================================
2026-07-16 01:01:55  INFO      main  Scrape cycle started at 2026-07-16 01:01:55
2026-07-16 01:01:55  INFO      main  [Tamasha] Starting scrape…
2026-07-16 01:01:55  INFO      main  [Tapmad] Starting scrape…
2026-07-16 01:01:55  INFO      main  [MyCo] Starting scrape…
2026-07-16 01:01:55  INFO      main  [ShoqPK] Starting scrape…
2026-07-16 01:01:55  INFO      main  [Tapmad] Found 0 channels
2026-07-16 01:01:55  INFO      main  [MyCo] Found 0 channels
2026-07-16 01:01:55  INFO      main  [Tamasha] Found 0 channels
2026-07-16 01:01:55  INFO      main  [ShoqPK] Found 0 channels
2026-07-16 01:01:55  INFO      main  Total unique channels after merge: 0
2026-07-16 01:01:55  INFO      main  Validating 0 channels…
2026-07-16 01:01:55  INFO      main  Validation complete: 0 live, 0 dead (removed)
2026-07-16 01:01:55  INFO      main  Diff → +0 new, -0 removed
2026-07-16 01:01:55  INFO      main  Saved 0 channels → output/
2026-07-16 01:01:55  INFO      main  Scrape cycle complete.
2026-07-16 04:39:14  INFO      main  ============================================================
2026-07-16 04:39:14  INFO      main  Scrape cycle started at 2026-07-16 04:39:14
2026-07-16 04:39:14  INFO      main  [Tamasha] Starting scrape…
2026-07-16 04:39:14  INFO      main  [Tapmad] Starting scrape…
2026-07-16 04:39:14  INFO      main  [MyCo] Starting scrape…
2026-07-16 04:39:14  INFO      main  [ShoqPK] Starting scrape…
2026-07-16 04:39:14  INFO      main  [Tapmad] Found 0 channels
2026-07-16 04:39:14  INFO      main  [MyCo] Found 0 channels
2026-07-16 04:39:14  INFO      main  [ShoqPK] Found 0 channels
2026-07-16 04:39:14  INFO      main  [Tamasha] Found 0 channels
2026-07-16 04:39:14  INFO      main  Total unique channels after merge: 0
2026-07-16 04:39:14  INFO      main  Validating 0 channels…
2026-07-16 04:39:14  INFO      main  Validation complete: 0 live, 0 dead (removed)
2026-07-16 04:39:14  INFO      main  Diff → +0 new, -0 removed
2026-07-16 04:39:14  INFO      main  Saved 0 channels → output/
2026-07-16 04:39:14  INFO      main  Scrape cycle complete.
2026-07-16 07:23:07  INFO      main  ============================================================
2026-07-16 07:23:07  INFO      main  Scrape cycle started at 2026-07-16 07:23:07
2026-07-16 07:23:07  INFO      main  [Tamasha] Starting scrape…
2026-07-16 07:23:07  INFO      main  [Tapmad] Starting scrape…
2026-07-16 07:23:07  INFO      main  [MyCo] Starting scrape…
2026-07-16 07:23:07  INFO      main  [ShoqPK] Starting scrape…
2026-07-16 07:23:07  INFO      main  [Tapmad] Found 0 channels
2026-07-16 07:23:07  INFO      main  [ShoqPK] Found 0 channels
2026-07-16 07:23:07  INFO      main  [MyCo] Found 0 channels
2026-07-16 07:23:07  INFO      main  [Tamasha] Found 0 channels
2026-07-16 07:23:07  INFO      main  Total unique channels after merge: 0
2026-07-16 07:23:07  INFO      main  Validating 0 channels…
2026-07-16 07:23:07  INFO      main  Validation complete: 0 live, 0 dead (removed)
2026-07-16 07:23:07  INFO      main  Diff → +0 new, -0 removed
2026-07-16 07:23:07  INFO      main  Saved 0 channels → output/
2026-07-16 07:23:07  INFO      main  Scrape cycle complete.
2026-07-16 09:35:11  INFO      main  ============================================================
2026-07-16 09:35:11  INFO      main  Scrape cycle started at 2026-07-16 09:35:11
2026-07-16 09:35:11  INFO      main  [Tamasha] Starting scrape…
2026-07-16 09:35:11  INFO      main  [Tapmad] Starting scrape…
2026-07-16 09:35:11  INFO      main  [MyCo] Starting scrape…
2026-07-16 09:35:11  INFO      main  [ShoqPK] Starting scrape…
2026-07-16 09:35:11  INFO      main  [Tapmad] Found 0 channels
2026-07-16 09:35:12  INFO      main  [MyCo] Found 0 channels
2026-07-16 09:35:12  INFO      main  [ShoqPK] Found 0 channels
2026-07-16 09:35:12  INFO      main  [Tamasha] Found 0 channels
2026-07-16 09:35:12  INFO      main  Total unique channels after merge: 0
2026-07-16 09:35:12  INFO      main  Validating 0 channels…
2026-07-16 09:35:12  INFO      main  Validation complete: 0 live, 0 dead (removed)
2026-07-16 09:35:12  INFO      main  Diff → +0 new, -0 removed
2026-07-16 09:35:12  INFO      main  Saved 0 channels → output/
2026-07-16 09:35:12  INFO      main  Scrape cycle complete.
2026-07-16 11:41:27  INFO      main  ============================================================
2026-07-16 11:41:27  INFO      main  Scrape cycle started at 2026-07-16 11:41:27
2026-07-16 11:41:27  INFO      main  [Tamasha] Starting scrape…
2026-07-16 11:41:27  INFO      main  [Tapmad] Starting scrape…
2026-07-16 11:41:27  INFO      main  [MyCo] Starting scrape…
2026-07-16 11:41:27  INFO      main  [ShoqPK] Starting scrape…
2026-07-16 11:41:28  INFO      main  [Tapmad] Found 0 channels
2026-07-16 11:41:28  INFO      main  [MyCo] Found 0 channels
2026-07-16 11:41:28  INFO      main  [ShoqPK] Found 0 channels
2026-07-16 11:41:28  INFO      main  [Tamasha] Found 0 channels
2026-07-16 11:41:28  INFO      main  Total unique channels after merge: 0
2026-07-16 11:41:28  INFO      main  Validating 0 channels…
2026-07-16 11:41:28  INFO      main  Validation complete: 0 live, 0 dead (removed)
2026-07-16 11:41:28  INFO      main  Diff → +0 new, -0 removed
2026-07-16 11:41:28  INFO      main  Saved 0 channels → output/
2026-07-16 11:41:28  INFO      main  Scrape cycle complete.
2026-07-16 13:57:24  INFO      main  ============================================================
2026-07-16 13:57:24  INFO      main  Scrape cycle started at 2026-07-16 13:57:24
2026-07-16 13:57:24  INFO      main  [Tamasha] Starting scrape…
2026-07-16 13:57:24  INFO      main  [Tapmad] Starting scrape…
2026-07-16 13:57:24  INFO      main  [MyCo] Starting scrape…
2026-07-16 13:57:24  INFO      main  [ShoqPK] Starting scrape…
2026-07-16 13:57:24  INFO      main  [Tapmad] Found 0 channels
2026-07-16 13:57:24  INFO      main  [ShoqPK] Found 0 channels
2026-07-16 13:57:24  INFO      main  [MyCo] Found 0 channels
2026-07-16 13:57:24  INFO      main  [Tamasha] Found 0 channels
2026-07-16 13:57:24  INFO      main  Total unique channels after merge: 0
2026-07-16 13:57:24  INFO      main  Validating 0 channels…
2026-07-16 13:57:24  INFO      main  Validation complete: 0 live, 0 dead (removed)
2026-07-16 13:57:24  INFO      main  Diff → +0 new, -0 removed
2026-07-16 13:57:24  INFO      main  Saved 0 channels → output/
2026-07-16 13:57:24  INFO      main  Scrape cycle complete.
2026-07-16 15:42:03  INFO      main  ============================================================
2026-07-16 15:42:03  INFO      main  Scrape cycle started at 2026-07-16 15:42:03
2026-07-16 15:42:03  INFO      main  [Tamasha] Starting scrape…
2026-07-16 15:42:03  INFO      main  [Tapmad] Starting scrape…
2026-07-16 15:42:03  INFO      main  [MyCo] Starting scrape…
2026-07-16 15:42:03  INFO      main  [ShoqPK] Starting scrape…
2026-07-16 15:42:03  INFO      main  [Tapmad] Found 0 channels
2026-07-16 15:42:03  INFO      main  [MyCo] Found 0 channels
2026-07-16 15:42:03  INFO      main  [ShoqPK] Found 0 channels
2026-07-16 15:42:04  INFO      main  [Tamasha] Found 0 channels
2026-07-16 15:42:04  INFO      main  Total unique channels after merge: 0
2026-07-16 15:42:04  INFO      main  Validating 0 channels…
2026-07-16 15:42:04  INFO      main  Validation complete: 0 live, 0 dead (removed)
2026-07-16 15:42:04  INFO      main  Diff → +0 new, -0 removed
2026-07-16 15:42:04  INFO      main  Saved 0 channels → output/
2026-07-16 15:42:04  INFO      main  Scrape cycle complete.
2026-07-16 17:19:34  INFO      main  ============================================================
2026-07-16 17:19:34  INFO      main  Scrape cycle started at 2026-07-16 17:19:34
2026-07-16 17:19:34  INFO      main  [Tamasha] Starting scrape…
2026-07-16 17:19:34  INFO      main  [Tapmad] Starting scrape…
2026-07-16 17:19:34  INFO      main  [MyCo] Starting scrape…
2026-07-16 17:19:34  INFO      main  [ShoqPK] Starting scrape…
2026-07-16 17:19:34  INFO      main  [MyCo] Found 0 channels
2026-07-16 17:19:34  INFO      main  [Tapmad] Found 0 channels
2026-07-16 17:19:34  INFO      main  [ShoqPK] Found 0 channels
2026-07-16 17:19:34  INFO      main  [Tamasha] Found 0 channels
2026-07-16 17:19:34  INFO      main  Total unique channels after merge: 0
2026-07-16 17:19:34  INFO      main  Validating 0 channels…
2026-07-16 17:19:34  INFO      main  Validation complete: 0 live, 0 dead (removed)
2026-07-16 17:19:34  INFO      main  Diff → +0 new, -0 removed
2026-07-16 17:19:34  INFO      main  Saved 0 channels → output/
2026-07-16 17:19:34  INFO      main  Scrape cycle complete.
2026-07-16 18:41:19  INFO      main  ============================================================
2026-07-16 18:41:19  INFO      main  Scrape cycle started at 2026-07-16 18:41:19
2026-07-16 18:41:19  INFO      main  [Tamasha] Starting scrape…
2026-07-16 18:41:19  INFO      main  [Tapmad] Starting scrape…
2026-07-16 18:41:19  INFO      main  [MyCo] Starting scrape…
2026-07-16 18:41:19  INFO      main  [ShoqPK] Starting scrape…
2026-07-16 18:41:19  INFO      main  [Tapmad] Found 0 channels
2026-07-16 18:41:19  INFO      main  [MyCo] Found 0 channels
2026-07-16 18:41:19  INFO      main  [ShoqPK] Found 0 channels
2026-07-16 18:41:19  INFO      main  [Tamasha] Found 0 channels
2026-07-16 18:41:19  INFO      main  Total unique channels after merge: 0
2026-07-16 18:41:19  INFO      main  Validating 0 channels…
2026-07-16 18:41:19  INFO      main  Validation complete: 0 live, 0 dead (removed)
2026-07-16 18:41:19  INFO      main  Diff → +0 new, -0 removed
2026-07-16 18:41:19  INFO      main  Saved 0 channels → output/
2026-07-16 18:41:19  INFO      main  Scrape cycle complete.
2026-07-16 20:03:17  INFO      main  ============================================================
2026-07-16 20:03:17  INFO      main  Scrape cycle started at 2026-07-16 20:03:17
2026-07-16 20:03:17  INFO      main  [Tamasha] Starting scrape…
2026-07-16 20:03:17  INFO      main  [Tapmad] Starting scrape…
2026-07-16 20:03:17  INFO      main  [MyCo] Starting scrape…
2026-07-16 20:03:17  INFO      main  [ShoqPK] Starting scrape…
2026-07-16 20:03:17  INFO      main  [MyCo] Found 0 channels
2026-07-16 20:03:17  INFO      main  [Tapmad] Found 0 channels
2026-07-16 20:03:18  INFO      main  [ShoqPK] Found 0 channels
2026-07-16 20:03:18  INFO      main  [Tamasha] Found 0 channels
2026-07-16 20:03:18  INFO      main  Total unique channels after merge: 0
2026-07-16 20:03:18  INFO      main  Validating 0 channels…
2026-07-16 20:03:18  INFO      main  Validation complete: 0 live, 0 dead (removed)
2026-07-16 20:03:18  INFO      main  Diff → +0 new, -0 removed
2026-07-16 20:03:18  INFO      main  Saved 0 channels → output/
2026-07-16 20:03:18  INFO      main  Scrape cycle complete.
2026-07-16 21:33:10  INFO      main  ============================================================
2026-07-16 21:33:10  INFO      main  Scrape cycle started at 2026-07-16 21:33:10
2026-07-16 21:33:10  INFO      main  [Tamasha] Starting scrape…
2026-07-16 21:33:10  INFO      main  [Tapmad] Starting scrape…
2026-07-16 21:33:10  INFO      main  [MyCo] Starting scrape…
2026-07-16 21:33:10  INFO      main  [ShoqPK] Starting scrape…
2026-07-16 21:33:10  INFO      main  [MyCo] Found 0 channels
2026-07-16 21:33:10  INFO      main  [Tapmad] Found 0 channels
2026-07-16 21:33:10  INFO      main  [Tamasha] Found 0 channels
2026-07-16 21:33:10  INFO      main  [ShoqPK] Found 0 channels
2026-07-16 21:33:10  INFO      main  Total unique channels after merge: 0
2026-07-16 21:33:10  INFO      main  Validating 0 channels…
2026-07-16 21:33:10  INFO      main  Validation complete: 0 live, 0 dead (removed)
2026-07-16 21:33:10  INFO      main  Diff → +0 new, -0 removed
2026-07-16 21:33:10  INFO      main  Saved 0 channels → output/
2026-07-16 21:33:10  INFO      main  Scrape cycle complete.
2026-07-16 22:58:24  INFO      main  ============================================================
2026-07-16 22:58:24  INFO      main  Scrape cycle started at 2026-07-16 22:58:24
2026-07-16 22:58:24  INFO      main  [Tamasha] Starting scrape…
2026-07-16 22:58:24  INFO      main  [Tapmad] Starting scrape…
2026-07-16 22:58:24  INFO      main  [MyCo] Starting scrape…
2026-07-16 22:58:24  INFO      main  [ShoqPK] Starting scrape…
2026-07-16 22:58:24  INFO      main  [MyCo] Found 0 channels
2026-07-16 22:58:24  INFO      main  [Tapmad] Found 0 channels
2026-07-16 22:58:24  INFO      main  [ShoqPK] Found 0 channels
2026-07-16 22:58:24  INFO      main  [Tamasha] Found 0 channels
2026-07-16 22:58:24  INFO      main  Total unique channels after merge: 0
2026-07-16 22:58:24  INFO      main  Validating 0 channels…
2026-07-16 22:58:24  INFO      main  Validation complete: 0 live, 0 dead (removed)
2026-07-16 22:58:24  INFO      main  Diff → +0 new, -0 removed
2026-07-16 22:58:24  INFO      main  Saved 0 channels → output/
2026-07-16 22:58:24  INFO      main  Scrape cycle complete.
2026-07-17 00:06:24  INFO      main  ============================================================
2026-07-17 00:06:24  INFO      main  Scrape cycle started at 2026-07-17 00:06:24
2026-07-17 00:06:24  INFO      main  [Tamasha] Starting scrape…
2026-07-17 00:06:24  INFO      main  [Tapmad] Starting scrape…
2026-07-17 00:06:24  INFO      main  [MyCo] Starting scrape…
2026-07-17 00:06:24  INFO      main  [ShoqPK] Starting scrape…
2026-07-17 00:06:24  INFO      main  [Tapmad] Found 0 channels
2026-07-17 00:06:24  INFO      main  [MyCo] Found 0 channels
2026-07-17 00:06:24  INFO      main  [Tamasha] Found 0 channels
2026-07-17 00:06:24  INFO      main  [ShoqPK] Found 0 channels
2026-07-17 00:06:24  INFO      main  Total unique channels after merge: 0
2026-07-17 00:06:24  INFO      main  Validating 0 channels…
2026-07-17 00:06:24  INFO      main  Validation complete: 0 live, 0 dead (removed)
2026-07-17 00:06:24  INFO      main  Diff → +0 new, -0 removed
2026-07-17 00:06:24  INFO      main  Saved 0 channels → output/
2026-07-17 00:06:24  INFO      main  Scrape cycle complete.
2026-07-17 03:47:23  INFO      main  ============================================================
2026-07-17 03:47:23  INFO      main  Scrape cycle started at 2026-07-17 03:47:23
2026-07-17 03:47:23  INFO      main  [Tamasha] Starting scrape…
2026-07-17 03:47:23  INFO      main  [Tapmad] Starting scrape…
2026-07-17 03:47:23  INFO      main  [MyCo] Starting scrape…
2026-07-17 03:47:23  INFO      main  [ShoqPK] Starting scrape…
2026-07-17 03:47:23  INFO      main  [MyCo] Found 0 channels
2026-07-17 03:47:23  INFO      main  [Tapmad] Found 0 channels
2026-07-17 03:47:24  INFO      main  [ShoqPK] Found 0 channels
2026-07-17 03:47:24  INFO      main  [Tamasha] Found 0 channels
2026-07-17 03:47:24  INFO      main  Total unique channels after merge: 0
2026-07-17 03:47:24  INFO      main  Validating 0 channels…
2026-07-17 03:47:24  INFO      main  Validation complete: 0 live, 0 dead (removed)
2026-07-17 03:47:24  INFO      main  Diff → +0 new, -0 removed
2026-07-17 03:47:24  INFO      main  Saved 0 channels → output/
2026-07-17 03:47:24  INFO      main  Scrape cycle complete.
2026-07-17 06:19:07  INFO      main  ============================================================
2026-07-17 06:19:07  INFO      main  Scrape cycle started at 2026-07-17 06:19:07
2026-07-17 06:19:07  INFO      main  [Tamasha] Starting scrape…
2026-07-17 06:19:07  INFO      main  [Tapmad] Starting scrape…
2026-07-17 06:19:07  INFO      main  [MyCo] Starting scrape…
2026-07-17 06:19:07  INFO      main  [ShoqPK] Starting scrape…
2026-07-17 06:19:07  INFO      main  [Tapmad] Found 0 channels
2026-07-17 06:19:07  INFO      main  [MyCo] Found 0 channels
2026-07-17 06:19:07  INFO      main  [Tamasha] Found 0 channels
2026-07-17 06:19:08  INFO      main  [ShoqPK] Found 0 channels
2026-07-17 06:19:08  INFO      main  Total unique channels after merge: 0
2026-07-17 06:19:08  INFO      main  Validating 0 channels…
2026-07-17 06:19:08  INFO      main  Validation complete: 0 live, 0 dead (removed)
2026-07-17 06:19:08  INFO      main  Diff → +0 new, -0 removed
2026-07-17 06:19:08  INFO      main  Saved 0 channels → output/
2026-07-17 06:19:08  INFO      main  Scrape cycle complete.
2026-07-17 08:35:19  INFO      main  ============================================================
2026-07-17 08:35:19  INFO      main  Scrape cycle started at 2026-07-17 08:35:19
2026-07-17 08:35:19  INFO      main  [Tamasha] Starting scrape…
2026-07-17 08:35:19  INFO      main  [Tapmad] Starting scrape…
2026-07-17 08:35:19  INFO      main  [MyCo] Starting scrape…
2026-07-17 08:35:19  INFO      main  [ShoqPK] Starting scrape…
2026-07-17 08:35:19  INFO      main  [MyCo] Found 0 channels
2026-07-17 08:35:19  INFO      main  [Tapmad] Found 0 channels
2026-07-17 08:35:20  INFO      main  [ShoqPK] Found 0 channels
2026-07-17 08:35:20  INFO      main  [Tamasha] Found 0 channels
2026-07-17 08:35:20  INFO      main  Total unique channels after merge: 0
2026-07-17 08:35:20  INFO      main  Validating 0 channels…
2026-07-17 08:35:20  INFO      main  Validation complete: 0 live, 0 dead (removed)
2026-07-17 08:35:20  INFO      main  Diff → +0 new, -0 removed
2026-07-17 08:35:20  INFO      main  Saved 0 channels → output/
2026-07-17 08:35:20  INFO      main  Scrape cycle complete.
2026-07-17 10:48:56  INFO      main  ============================================================
2026-07-17 10:48:56  INFO      main  Scrape cycle started at 2026-07-17 10:48:56
2026-07-17 10:48:56  INFO      main  [Tamasha] Starting scrape…
2026-07-17 10:48:56  INFO      main  [Tapmad] Starting scrape…
2026-07-17 10:48:56  INFO      main  [MyCo] Starting scrape…
2026-07-17 10:48:56  INFO      main  [ShoqPK] Starting scrape…
2026-07-17 10:48:56  INFO      main  [Tapmad] Found 0 channels
2026-07-17 10:48:56  INFO      main  [MyCo] Found 0 channels
2026-07-17 10:48:56  INFO      main  [Tamasha] Found 0 channels
2026-07-17 10:48:56  INFO      main  [ShoqPK] Found 0 channels
2026-07-17 10:48:56  INFO      main  Total unique channels after merge: 0
2026-07-17 10:48:56  INFO      main  Validating 0 channels…
2026-07-17 10:48:56  INFO      main  Validation complete: 0 live, 0 dead (removed)
2026-07-17 10:48:56  INFO      main  Diff → +0 new, -0 removed
2026-07-17 10:48:56  INFO      main  Saved 0 channels → output/
2026-07-17 10:48:56  INFO      main  Scrape cycle complete.
2026-07-17 12:11:00  INFO      main  ============================================================
2026-07-17 12:11:00  INFO      main  Scrape cycle started at 2026-07-17 12:11:00
2026-07-17 12:11:00  INFO      main  [Tamasha] Starting scrape…
2026-07-17 12:11:00  INFO      main  [Tapmad] Starting scrape…
2026-07-17 12:11:00  INFO      main  [MyCo] Starting scrape…
2026-07-17 12:11:00  INFO      main  [ShoqPK] Starting scrape…
2026-07-17 12:11:00  INFO      main  [Tapmad] Found 0 channels
2026-07-17 12:11:00  INFO      main  [MyCo] Found 0 channels
2026-07-17 12:11:00  INFO      main  [ShoqPK] Found 0 channels
2026-07-17 12:11:01  INFO      main  [Tamasha] Found 0 channels
2026-07-17 12:11:01  INFO      main  Total unique channels after merge: 0
2026-07-17 12:11:01  INFO      main  Validating 0 channels…
2026-07-17 12:11:01  INFO      main  Validation complete: 0 live, 0 dead (removed)
2026-07-17 12:11:01  INFO      main  Diff → +0 new, -0 removed
2026-07-17 12:11:01  INFO      main  Saved 0 channels → output/
2026-07-17 12:11:01  INFO      main  Scrape cycle complete.
2026-07-17 14:12:38  INFO      main  ============================================================
2026-07-17 14:12:38  INFO      main  Scrape cycle started at 2026-07-17 14:12:38
2026-07-17 14:12:38  INFO      main  [Tamasha] Starting scrape…
2026-07-17 14:12:38  INFO      main  [Tapmad] Starting scrape…
2026-07-17 14:12:38  INFO      main  [MyCo] Starting scrape…
2026-07-17 14:12:38  INFO      main  [ShoqPK] Starting scrape…
2026-07-17 14:12:38  INFO      main  [Tapmad] Found 0 channels
2026-07-17 14:12:38  INFO      main  [Tamasha] Found 0 channels
2026-07-17 14:12:38  INFO      main  [MyCo] Found 0 channels
2026-07-17 14:12:38  INFO      main  [ShoqPK] Found 0 channels
2026-07-17 14:12:38  INFO      main  Total unique channels after merge: 0
2026-07-17 14:12:38  INFO      main  Validating 0 channels…
2026-07-17 14:12:38  INFO      main  Validation complete: 0 live, 0 dead (removed)
2026-07-17 14:12:38  INFO      main  Diff → +0 new, -0 removed
2026-07-17 14:12:38  INFO      main  Saved 0 channels → output/
2026-07-17 14:12:38  INFO      main  Scrape cycle complete.
2026-07-17 15:55:57  INFO      main  ============================================================
2026-07-17 15:55:57  INFO      main  Scrape cycle started at 2026-07-17 15:55:57
2026-07-17 15:55:57  INFO      main  [Tamasha] Starting scrape…
2026-07-17 15:55:57  INFO      main  [Tapmad] Starting scrape…
2026-07-17 15:55:57  INFO      main  [MyCo] Starting scrape…
2026-07-17 15:55:57  INFO      main  [ShoqPK] Starting scrape…
2026-07-17 15:55:57  INFO      main  [Tapmad] Found 0 channels
2026-07-17 15:55:57  INFO      main  [ShoqPK] Found 0 channels
2026-07-17 15:55:57  INFO      main  [MyCo] Found 0 channels
2026-07-17 15:55:58  INFO      main  [Tamasha] Found 0 channels
2026-07-17 15:55:58  INFO      main  Total unique channels after merge: 0
2026-07-17 15:55:58  INFO      main  Validating 0 channels…
2026-07-17 15:55:58  INFO      main  Validation complete: 0 live, 0 dead (removed)
2026-07-17 15:55:58  INFO      main  Diff → +0 new, -0 removed
2026-07-17 15:55:58  INFO      main  Saved 0 channels → output/
2026-07-17 15:55:58  INFO      main  Scrape cycle complete.
2026-07-17 17:16:06  INFO      main  ============================================================
2026-07-17 17:16:06  INFO      main  Scrape cycle started at 2026-07-17 17:16:06
2026-07-17 17:16:06  INFO      main  [Tamasha] Starting scrape…
2026-07-17 17:16:06  INFO      main  [Tapmad] Starting scrape…
2026-07-17 17:16:06  INFO      main  [MyCo] Starting scrape…
2026-07-17 17:16:06  INFO      main  [ShoqPK] Starting scrape…
2026-07-17 17:16:06  INFO      main  [Tapmad] Found 0 channels
2026-07-17 17:16:06  INFO      main  [MyCo] Found 0 channels
2026-07-17 17:16:06  INFO      main  [ShoqPK] Found 0 channels
2026-07-17 17:16:06  INFO      main  [Tamasha] Found 0 channels
2026-07-17 17:16:06  INFO      main  Total unique channels after merge: 0
2026-07-17 17:16:06  INFO      main  Validating 0 channels…
2026-07-17 17:16:06  INFO      main  Validation complete: 0 live, 0 dead (removed)
2026-07-17 17:16:06  INFO      main  Diff → +0 new, -0 removed
2026-07-17 17:16:06  INFO      main  Saved 0 channels → output/
2026-07-17 17:16:06  INFO      main  Scrape cycle complete.
2026-07-17 18:34:09  INFO      main  ============================================================
2026-07-17 18:34:09  INFO      main  Scrape cycle started at 2026-07-17 18:34:09
2026-07-17 18:34:09  INFO      main  [Tamasha] Starting scrape…
2026-07-17 18:34:09  INFO      main  [Tapmad] Starting scrape…
2026-07-17 18:34:09  INFO      main  [MyCo] Starting scrape…
2026-07-17 18:34:09  INFO      main  [ShoqPK] Starting scrape…
2026-07-17 18:34:09  INFO      main  [MyCo] Found 0 channels
2026-07-17 18:34:10  INFO      main  [Tapmad] Found 0 channels
2026-07-17 18:34:10  INFO      main  [ShoqPK] Found 0 channels
2026-07-17 18:34:10  INFO      main  [Tamasha] Found 0 channels
2026-07-17 18:34:10  INFO      main  Total unique channels after merge: 0
2026-07-17 18:34:10  INFO      main  Validating 0 channels…
2026-07-17 18:34:10  INFO      main  Validation complete: 0 live, 0 dead (removed)
2026-07-17 18:34:10  INFO      main  Diff → +0 new, -0 removed
2026-07-17 18:34:10  INFO      main  Saved 0 channels → output/
2026-07-17 18:34:10  INFO      main  Scrape cycle complete.
2026-07-17 20:06:46  INFO      main  ============================================================
2026-07-17 20:06:46  INFO      main  Scrape cycle started at 2026-07-17 20:06:46
2026-07-17 20:06:46  INFO      main  [Tamasha] Starting scrape…
2026-07-17 20:06:46  INFO      main  [Tapmad] Starting scrape…
2026-07-17 20:06:46  INFO      main  [MyCo] Starting scrape…
2026-07-17 20:06:46  INFO      main  [ShoqPK] Starting scrape…
2026-07-17 20:06:46  INFO      main  [Tapmad] Found 0 channels
2026-07-17 20:06:46  INFO      main  [MyCo] Found 0 channels
2026-07-17 20:06:46  INFO      main  [ShoqPK] Found 0 channels
2026-07-17 20:06:46  INFO      main  [Tamasha] Found 0 channels
2026-07-17 20:06:46  INFO      main  Total unique channels after merge: 0
2026-07-17 20:06:46  INFO      main  Validating 0 channels…
2026-07-17 20:06:46  INFO      main  Validation complete: 0 live, 0 dead (removed)
2026-07-17 20:06:46  INFO      main  Diff → +0 new, -0 removed
2026-07-17 20:06:46  INFO      main  Saved 0 channels → output/
2026-07-17 20:06:46  INFO      main  Scrape cycle complete.
2026-07-17 21:21:35  INFO      main  ============================================================
2026-07-17 21:21:35  INFO      main  Scrape cycle started at 2026-07-17 21:21:35
2026-07-17 21:21:35  INFO      main  [Tamasha] Starting scrape…
2026-07-17 21:21:35  INFO      main  [Tapmad] Starting scrape…
2026-07-17 21:21:35  INFO      main  [MyCo] Starting scrape…
2026-07-17 21:21:35  INFO      main  [ShoqPK] Starting scrape…
2026-07-17 21:21:35  INFO      main  [MyCo] Found 0 channels
2026-07-17 21:21:35  INFO      main  [Tapmad] Found 0 channels
2026-07-17 21:21:35  INFO      main  [ShoqPK] Found 0 channels
2026-07-17 21:21:36  INFO      main  [Tamasha] Found 0 channels
2026-07-17 21:21:36  INFO      main  Total unique channels after merge: 0
2026-07-17 21:21:36  INFO      main  Validating 0 channels…
2026-07-17 21:21:36  INFO      main  Validation complete: 0 live, 0 dead (removed)
2026-07-17 21:21:36  INFO      main  Diff → +0 new, -0 removed
2026-07-17 21:21:36  INFO      main  Saved 0 channels → output/
2026-07-17 21:21:36  INFO      main  Scrape cycle complete.
2026-07-17 22:22:11  INFO      main  ============================================================
2026-07-17 22:22:11  INFO      main  Scrape cycle started at 2026-07-17 22:22:11
2026-07-17 22:22:11  INFO      main  [Tamasha] Starting scrape…
2026-07-17 22:22:11  INFO      main  [Tapmad] Starting scrape…
2026-07-17 22:22:11  INFO      main  [MyCo] Starting scrape…
2026-07-17 22:22:11  INFO      main  [ShoqPK] Starting scrape…
2026-07-17 22:22:11  INFO      main  [Tapmad] Found 0 channels
2026-07-17 22:22:11  INFO      main  [MyCo] Found 0 channels
2026-07-17 22:22:11  INFO      main  [ShoqPK] Found 0 channels
2026-07-17 22:22:11  INFO      main  [Tamasha] Found 0 channels
2026-07-17 22:22:11  INFO      main  Total unique channels after merge: 0
2026-07-17 22:22:11  INFO      main  Validating 0 channels…
2026-07-17 22:22:11  INFO      main  Validation complete: 0 live, 0 dead (removed)
2026-07-17 22:22:11  INFO      main  Diff → +0 new, -0 removed
2026-07-17 22:22:11  INFO      main  Saved 0 channels → output/
2026-07-17 22:22:11  INFO      main  Scrape cycle complete.
2026-07-17 23:24:37  INFO      main  ============================================================
2026-07-17 23:24:37  INFO      main  Scrape cycle started at 2026-07-17 23:24:37
2026-07-17 23:24:37  INFO      main  [Tamasha] Starting scrape…
2026-07-17 23:24:37  INFO      main  [Tapmad] Starting scrape…
2026-07-17 23:24:37  INFO      main  [MyCo] Starting scrape…
2026-07-17 23:24:37  INFO      main  [ShoqPK] Starting scrape…
2026-07-17 23:24:37  INFO      main  [Tapmad] Found 0 channels
2026-07-17 23:24:37  INFO      main  [MyCo] Found 0 channels
2026-07-17 23:24:38  INFO      main  [Tamasha] Found 0 channels
2026-07-17 23:24:38  INFO      main  [ShoqPK] Found 0 channels
2026-07-17 23:24:38  INFO      main  Total unique channels after merge: 0
2026-07-17 23:24:38  INFO      main  Validating 0 channels…
2026-07-17 23:24:38  INFO      main  Validation complete: 0 live, 0 dead (removed)
2026-07-17 23:24:38  INFO      main  Diff → +0 new, -0 removed
2026-07-17 23:24:38  INFO      main  Saved 0 channels → output/
2026-07-17 23:24:38  INFO      main  Scrape cycle complete.
2026-07-18 00:56:21  INFO      main  ============================================================
2026-07-18 00:56:21  INFO      main  Scrape cycle started at 2026-07-18 00:56:21
2026-07-18 00:56:21  INFO      main  [Tamasha] Starting scrape…
2026-07-18 00:56:21  INFO      main  [Tapmad] Starting scrape…
2026-07-18 00:56:21  INFO      main  [MyCo] Starting scrape…
2026-07-18 00:56:21  INFO      main  [ShoqPK] Starting scrape…
2026-07-18 00:56:21  INFO      main  [Tapmad] Found 0 channels
2026-07-18 00:56:22  INFO      main  [MyCo] Found 0 channels
2026-07-18 00:56:22  INFO      main  [Tamasha] Found 0 channels
2026-07-18 00:56:22  INFO      main  [ShoqPK] Found 0 channels
2026-07-18 00:56:22  INFO      main  Total unique channels after merge: 0
2026-07-18 00:56:22  INFO      main  Validating 0 channels…
2026-07-18 00:56:22  INFO      main  Validation complete: 0 live, 0 dead (removed)
2026-07-18 00:56:22  INFO      main  Diff → +0 new, -0 removed
2026-07-18 00:56:22  INFO      main  Saved 0 channels → output/
2026-07-18 00:56:22  INFO      main  Scrape cycle complete.
2026-07-18 03:58:11  INFO      main  ============================================================
2026-07-18 03:58:11  INFO      main  Scrape cycle started at 2026-07-18 03:58:11
2026-07-18 03:58:11  INFO      main  [Tamasha] Starting scrape…
2026-07-18 03:58:11  INFO      main  [Tapmad] Starting scrape…
2026-07-18 03:58:11  INFO      main  [MyCo] Starting scrape…
2026-07-18 03:58:11  INFO      main  [ShoqPK] Starting scrape…
2026-07-18 03:58:11  INFO      main  [MyCo] Found 0 channels
2026-07-18 03:58:11  INFO      main  [Tapmad] Found 0 channels
2026-07-18 03:58:11  INFO      main  [Tamasha] Found 0 channels
2026-07-18 03:58:12  INFO      main  [ShoqPK] Found 0 channels
2026-07-18 03:58:12  INFO      main  Total unique channels after merge: 0
2026-07-18 03:58:12  INFO      main  Validating 0 channels…
2026-07-18 03:58:12  INFO      main  Validation complete: 0 live, 0 dead (removed)
2026-07-18 03:58:12  INFO      main  Diff → +0 new, -0 removed
2026-07-18 03:58:12  INFO      main  Saved 0 channels → output/
2026-07-18 03:58:12  INFO      main  Scrape cycle complete.
2026-07-18 06:12:39  INFO      main  ============================================================
2026-07-18 06:12:39  INFO      main  Scrape cycle started at 2026-07-18 06:12:39
2026-07-18 06:12:39  INFO      main  [Tamasha] Starting scrape…
2026-07-18 06:12:39  INFO      main  [Tapmad] Starting scrape…
2026-07-18 06:12:39  INFO      main  [MyCo] Starting scrape…
2026-07-18 06:12:39  INFO      main  [ShoqPK] Starting scrape…
2026-07-18 06:12:39  INFO      main  [MyCo] Found 0 channels
2026-07-18 06:12:39  INFO      main  [Tapmad] Found 0 channels
2026-07-18 06:12:39  INFO      main  [ShoqPK] Found 0 channels
2026-07-18 06:12:39  INFO      main  [Tamasha] Found 0 channels
2026-07-18 06:12:39  INFO      main  Total unique channels after merge: 0
2026-07-18 06:12:39  INFO      main  Validating 0 channels…
2026-07-18 06:12:39  INFO      main  Validation complete: 0 live, 0 dead (removed)
2026-07-18 06:12:39  INFO      main  Diff → +0 new, -0 removed
2026-07-18 06:12:39  INFO      main  Saved 0 channels → output/
2026-07-18 06:12:39  INFO      main  Scrape cycle complete.
2026-07-18 08:20:39  INFO      main  ============================================================
2026-07-18 08:20:39  INFO      main  Scrape cycle started at 2026-07-18 08:20:39
2026-07-18 08:20:39  INFO      main  [Tamasha] Starting scrape…
2026-07-18 08:20:39  INFO      main  [Tapmad] Starting scrape…
2026-07-18 08:20:39  INFO      main  [MyCo] Starting scrape…
2026-07-18 08:20:39  INFO      main  [ShoqPK] Starting scrape…
2026-07-18 08:20:39  INFO      main  [Tapmad] Found 0 channels
2026-07-18 08:20:39  INFO      main  [MyCo] Found 0 channels
2026-07-18 08:20:39  INFO      main  [ShoqPK] Found 0 channels
2026-07-18 08:20:39  INFO      main  [Tamasha] Found 0 channels
2026-07-18 08:20:39  INFO      main  Total unique channels after merge: 0
2026-07-18 08:20:39  INFO      main  Validating 0 channels…
2026-07-18 08:20:39  INFO      main  Validation complete: 0 live, 0 dead (removed)
2026-07-18 08:20:39  INFO      main  Diff → +0 new, -0 removed
2026-07-18 08:20:39  INFO      main  Saved 0 channels → output/
2026-07-18 08:20:39  INFO      main  Scrape cycle complete.
2026-07-18 09:57:27  INFO      main  ============================================================
2026-07-18 09:57:27  INFO      main  Scrape cycle started at 2026-07-18 09:57:27
2026-07-18 09:57:27  INFO      main  [Tamasha] Starting scrape…
2026-07-18 09:57:27  INFO      main  [Tapmad] Starting scrape…
2026-07-18 09:57:27  INFO      main  [MyCo] Starting scrape…
2026-07-18 09:57:27  INFO      main  [ShoqPK] Starting scrape…
2026-07-18 09:57:27  INFO      main  [MyCo] Found 0 channels
2026-07-18 09:57:27  INFO      main  [Tapmad] Found 0 channels
2026-07-18 09:57:27  INFO      main  [Tamasha] Found 0 channels
2026-07-18 09:57:27  INFO      main  [ShoqPK] Found 0 channels
2026-07-18 09:57:27  INFO      main  Total unique channels after merge: 0
2026-07-18 09:57:27  INFO      main  Validating 0 channels…
2026-07-18 09:57:27  INFO      main  Validation complete: 0 live, 0 dead (removed)
2026-07-18 09:57:27  INFO      main  Diff → +0 new, -0 removed
2026-07-18 09:57:27  INFO      main  Saved 0 channels → output/
2026-07-18 09:57:27  INFO      main  Scrape cycle complete.
2026-07-18 11:11:15  INFO      main  ============================================================
2026-07-18 11:11:15  INFO      main  Scrape cycle started at 2026-07-18 11:11:15
2026-07-18 11:11:15  INFO      main  [Tamasha] Starting scrape…
2026-07-18 11:11:15  INFO      main  [Tapmad] Starting scrape…
2026-07-18 11:11:15  INFO      main  [MyCo] Starting scrape…
2026-07-18 11:11:15  INFO      main  [ShoqPK] Starting scrape…
2026-07-18 11:11:15  INFO      main  [Tapmad] Found 0 channels
2026-07-18 11:11:15  INFO      main  [MyCo] Found 0 channels
2026-07-18 11:11:16  INFO      main  [Tamasha] Found 0 channels
2026-07-18 11:11:16  INFO      main  [ShoqPK] Found 0 channels
2026-07-18 11:11:16  INFO      main  Total unique channels after merge: 0
2026-07-18 11:11:16  INFO      main  Validating 0 channels…
2026-07-18 11:11:16  INFO      main  Validation complete: 0 live, 0 dead (removed)
2026-07-18 11:11:16  INFO      main  Diff → +0 new, -0 removed
2026-07-18 11:11:16  INFO      main  Saved 0 channels → output/
2026-07-18 11:11:16  INFO      main  Scrape cycle complete.
2026-07-18 12:27:18  INFO      main  ============================================================
2026-07-18 12:27:18  INFO      main  Scrape cycle started at 2026-07-18 12:27:18
2026-07-18 12:27:18  INFO      main  [Tamasha] Starting scrape…
2026-07-18 12:27:18  INFO      main  [Tapmad] Starting scrape…
2026-07-18 12:27:18  INFO      main  [MyCo] Starting scrape…
2026-07-18 12:27:18  INFO      main  [ShoqPK] Starting scrape…
2026-07-18 12:27:18  INFO      main  [Tapmad] Found 0 channels
2026-07-18 12:27:18  INFO      main  [ShoqPK] Found 0 channels
2026-07-18 12:27:18  INFO      main  [MyCo] Found 0 channels
2026-07-18 12:27:19  INFO      main  [Tamasha] Found 0 channels
2026-07-18 12:27:19  INFO      main  Total unique channels after merge: 0
2026-07-18 12:27:19  INFO      main  Validating 0 channels…
2026-07-18 12:27:19  INFO      main  Validation complete: 0 live, 0 dead (removed)
2026-07-18 12:27:19  INFO      main  Diff → +0 new, -0 removed
2026-07-18 12:27:19  INFO      main  Saved 0 channels → output/
2026-07-18 12:27:19  INFO      main  Scrape cycle complete.
2026-07-18 13:58:59  INFO      main  ============================================================
2026-07-18 13:58:59  INFO      main  Scrape cycle started at 2026-07-18 13:58:59
2026-07-18 13:58:59  INFO      main  [Tamasha] Starting scrape…
2026-07-18 13:58:59  INFO      main  [Tapmad] Starting scrape…
2026-07-18 13:58:59  INFO      main  [MyCo] Starting scrape…
2026-07-18 13:58:59  INFO      main  [ShoqPK] Starting scrape…
2026-07-18 13:58:59  INFO      main  [MyCo] Found 0 channels
2026-07-18 13:58:59  INFO      main  [Tapmad] Found 0 channels
2026-07-18 13:58:59  INFO      main  [ShoqPK] Found 0 channels
2026-07-18 13:59:00  INFO      main  [Tamasha] Found 0 channels
2026-07-18 13:59:00  INFO      main  Total unique channels after merge: 0
2026-07-18 13:59:00  INFO      main  Validating 0 channels…
2026-07-18 13:59:00  INFO      main  Validation complete: 0 live, 0 dead (removed)
2026-07-18 13:59:00  INFO      main  Diff → +0 new, -0 removed
2026-07-18 13:59:00  INFO      main  Saved 0 channels → output/
2026-07-18 13:59:00  INFO      main  Scrape cycle complete.
2026-07-18 15:04:58  INFO      main  ============================================================
2026-07-18 15:04:58  INFO      main  Scrape cycle started at 2026-07-18 15:04:58
2026-07-18 15:04:58  INFO      main  [Tamasha] Starting scrape…
2026-07-18 15:04:58  INFO      main  [Tapmad] Starting scrape…
2026-07-18 15:04:58  INFO      main  [MyCo] Starting scrape…
2026-07-18 15:04:58  INFO      main  [ShoqPK] Starting scrape…
2026-07-18 15:04:58  INFO      main  [MyCo] Found 0 channels
2026-07-18 15:04:58  INFO      main  [Tapmad] Found 0 channels
2026-07-18 15:04:58  INFO      main  [ShoqPK] Found 0 channels
2026-07-18 15:04:59  INFO      main  [Tamasha] Found 0 channels
2026-07-18 15:04:59  INFO      main  Total unique channels after merge: 0
2026-07-18 15:04:59  INFO      main  Validating 0 channels…
2026-07-18 15:04:59  INFO      main  Validation complete: 0 live, 0 dead (removed)
2026-07-18 15:04:59  INFO      main  Diff → +0 new, -0 removed
2026-07-18 15:04:59  INFO      main  Saved 0 channels → output/
2026-07-18 15:04:59  INFO      main  Scrape cycle complete.
2026-07-18 16:26:50  INFO      main  ============================================================
2026-07-18 16:26:50  INFO      main  Scrape cycle started at 2026-07-18 16:26:50
2026-07-18 16:26:50  INFO      main  [Tamasha] Starting scrape…
2026-07-18 16:26:50  INFO      main  [Tapmad] Starting scrape…
2026-07-18 16:26:50  INFO      main  [MyCo] Starting scrape…
2026-07-18 16:26:50  INFO      main  [ShoqPK] Starting scrape…
2026-07-18 16:26:50  INFO      main  [MyCo] Found 0 channels
2026-07-18 16:26:50  INFO      main  [Tapmad] Found 0 channels
2026-07-18 16:26:50  INFO      main  [Tamasha] Found 0 channels
2026-07-18 16:26:51  INFO      main  [ShoqPK] Found 0 channels
2026-07-18 16:26:51  INFO      main  Total unique channels after merge: 0
2026-07-18 16:26:51  INFO      main  Validating 0 channels…
2026-07-18 16:26:51  INFO      main  Validation complete: 0 live, 0 dead (removed)
2026-07-18 16:26:51  INFO      main  Diff → +0 new, -0 removed
2026-07-18 16:26:51  INFO      main  Saved 0 channels → output/
2026-07-18 16:26:51  INFO      main  Scrape cycle complete.
2026-07-18 17:31:55  INFO      main  ============================================================
2026-07-18 17:31:55  INFO      main  Scrape cycle started at 2026-07-18 17:31:55
2026-07-18 17:31:55  INFO      main  [Tamasha] Starting scrape…
2026-07-18 17:31:55  INFO      main  [Tapmad] Starting scrape…
2026-07-18 17:31:55  INFO      main  [MyCo] Starting scrape…
2026-07-18 17:31:55  INFO      main  [ShoqPK] Starting scrape…
2026-07-18 17:31:55  INFO      main  [Tapmad] Found 0 channels
2026-07-18 17:31:55  INFO      main  [MyCo] Found 0 channels
2026-07-18 17:31:55  INFO      main  [ShoqPK] Found 0 channels
2026-07-18 17:31:56  INFO      main  [Tamasha] Found 0 channels
2026-07-18 17:31:56  INFO      main  Total unique channels after merge: 0
2026-07-18 17:31:56  INFO      main  Validating 0 channels…
2026-07-18 17:31:56  INFO      main  Validation complete: 0 live, 0 dead (removed)
2026-07-18 17:31:56  INFO      main  Diff → +0 new, -0 removed
2026-07-18 17:31:56  INFO      main  Saved 0 channels → output/
2026-07-18 17:31:56  INFO      main  Scrape cycle complete.
2026-07-18 19:08:07  INFO      main  ============================================================
2026-07-18 19:08:07  INFO      main  Scrape cycle started at 2026-07-18 19:08:07
2026-07-18 19:08:07  INFO      main  [Tamasha] Starting scrape…
2026-07-18 19:08:07  INFO      main  [Tapmad] Starting scrape…
2026-07-18 19:08:07  INFO      main  [MyCo] Starting scrape…
2026-07-18 19:08:07  INFO      main  [ShoqPK] Starting scrape…
2026-07-18 19:08:07  INFO      main  [MyCo] Found 0 channels
2026-07-18 19:08:07  INFO      main  [Tapmad] Found 0 channels
2026-07-18 19:08:07  INFO      main  [ShoqPK] Found 0 channels
2026-07-18 19:08:07  INFO      main  [Tamasha] Found 0 channels
2026-07-18 19:08:07  INFO      main  Total unique channels after merge: 0
2026-07-18 19:08:07  INFO      main  Validating 0 channels…
2026-07-18 19:08:07  INFO      main  Validation complete: 0 live, 0 dead (removed)
2026-07-18 19:08:07  INFO      main  Diff → +0 new, -0 removed
2026-07-18 19:08:07  INFO      main  Saved 0 channels → output/
2026-07-18 19:08:07  INFO      main  Scrape cycle complete.
2026-07-18 20:12:31  INFO      main  ============================================================
2026-07-18 20:12:31  INFO      main  Scrape cycle started at 2026-07-18 20:12:31
2026-07-18 20:12:31  INFO      main  [Tamasha] Starting scrape…
2026-07-18 20:12:31  INFO      main  [Tapmad] Starting scrape…
2026-07-18 20:12:31  INFO      main  [MyCo] Starting scrape…
2026-07-18 20:12:31  INFO      main  [ShoqPK] Starting scrape…
2026-07-18 20:12:31  INFO      main  [MyCo] Found 0 channels
2026-07-18 20:12:31  INFO      main  [Tapmad] Found 0 channels
2026-07-18 20:12:32  INFO      main  [Tamasha] Found 0 channels
2026-07-18 20:12:32  INFO      main  [ShoqPK] Found 0 channels
2026-07-18 20:12:32  INFO      main  Total unique channels after merge: 0
2026-07-18 20:12:32  INFO      main  Validating 0 channels…
2026-07-18 20:12:32  INFO      main  Validation complete: 0 live, 0 dead (removed)
2026-07-18 20:12:32  INFO      main  Diff → +0 new, -0 removed
2026-07-18 20:12:32  INFO      main  Saved 0 channels → output/
2026-07-18 20:12:32  INFO      main  Scrape cycle complete.
2026-07-18 21:24:25  INFO      main  ============================================================
2026-07-18 21:24:25  INFO      main  Scrape cycle started at 2026-07-18 21:24:25
2026-07-18 21:24:25  INFO      main  [Tamasha] Starting scrape…
2026-07-18 21:24:25  INFO      main  [Tapmad] Starting scrape…
2026-07-18 21:24:25  INFO      main  [MyCo] Starting scrape…
2026-07-18 21:24:25  INFO      main  [ShoqPK] Starting scrape…
2026-07-18 21:24:25  INFO      main  [MyCo] Found 0 channels
2026-07-18 21:24:25  INFO      main  [Tapmad] Found 0 channels
2026-07-18 21:24:25  INFO      main  [ShoqPK] Found 0 channels
2026-07-18 21:24:25  INFO      main  [Tamasha] Found 0 channels
2026-07-18 21:24:25  INFO      main  Total unique channels after merge: 0
2026-07-18 21:24:25  INFO      main  Validating 0 channels…
2026-07-18 21:24:25  INFO      main  Validation complete: 0 live, 0 dead (removed)
2026-07-18 21:24:25  INFO      main  Diff → +0 new, -0 removed
2026-07-18 21:24:25  INFO      main  Saved 0 channels → output/
2026-07-18 21:24:25  INFO      main  Scrape cycle complete.
2026-07-18 22:23:48  INFO      main  ============================================================
2026-07-18 22:23:48  INFO      main  Scrape cycle started at 2026-07-18 22:23:48
2026-07-18 22:23:48  INFO      main  [Tamasha] Starting scrape…
2026-07-18 22:23:48  INFO      main  [Tapmad] Starting scrape…
2026-07-18 22:23:48  INFO      main  [MyCo] Starting scrape…
2026-07-18 22:23:48  INFO      main  [ShoqPK] Starting scrape…
2026-07-18 22:23:48  INFO      main  [MyCo] Found 0 channels
2026-07-18 22:23:48  INFO      main  [Tapmad] Found 0 channels
2026-07-18 22:23:48  INFO      main  [ShoqPK] Found 0 channels
2026-07-18 22:23:49  INFO      main  [Tamasha] Found 0 channels
2026-07-18 22:23:49  INFO      main  Total unique channels after merge: 0
2026-07-18 22:23:49  INFO      main  Validating 0 channels…
2026-07-18 22:23:49  INFO      main  Validation complete: 0 live, 0 dead (removed)
2026-07-18 22:23:49  INFO      main  Diff → +0 new, -0 removed
2026-07-18 22:23:49  INFO      main  Saved 0 channels → output/
2026-07-18 22:23:49  INFO      main  Scrape cycle complete.
2026-07-18 23:27:26  INFO      main  ============================================================
2026-07-18 23:27:26  INFO      main  Scrape cycle started at 2026-07-18 23:27:26
2026-07-18 23:27:26  INFO      main  [Tamasha] Starting scrape…
2026-07-18 23:27:26  INFO      main  [Tapmad] Starting scrape…
2026-07-18 23:27:26  INFO      main  [MyCo] Starting scrape…
2026-07-18 23:27:26  INFO      main  [ShoqPK] Starting scrape…
2026-07-18 23:27:26  INFO      main  [MyCo] Found 0 channels
2026-07-18 23:27:26  INFO      main  [Tapmad] Found 0 channels
2026-07-18 23:27:26  INFO      main  [ShoqPK] Found 0 channels
2026-07-18 23:27:26  INFO      main  [Tamasha] Found 0 channels
2026-07-18 23:27:26  INFO      main  Total unique channels after merge: 0
2026-07-18 23:27:26  INFO      main  Validating 0 channels…
2026-07-18 23:27:26  INFO      main  Validation complete: 0 live, 0 dead (removed)
2026-07-18 23:27:26  INFO      main  Diff → +0 new, -0 removed
2026-07-18 23:27:26  INFO      main  Saved 0 channels → output/
2026-07-18 23:27:26  INFO      main  Scrape cycle complete.
2026-07-19 01:03:43  INFO      main  ============================================================
2026-07-19 01:03:43  INFO      main  Scrape cycle started at 2026-07-19 01:03:43
2026-07-19 01:03:43  INFO      main  [Tamasha] Starting scrape…
2026-07-19 01:03:43  INFO      main  [Tapmad] Starting scrape…
2026-07-19 01:03:43  INFO      main  [MyCo] Starting scrape…
2026-07-19 01:03:43  INFO      main  [ShoqPK] Starting scrape…
2026-07-19 01:03:43  INFO      main  [MyCo] Found 0 channels
2026-07-19 01:03:43  INFO      main  [Tapmad] Found 0 channels
2026-07-19 01:03:43  INFO      main  [ShoqPK] Found 0 channels
2026-07-19 01:03:43  INFO      main  [Tamasha] Found 0 channels
2026-07-19 01:03:43  INFO      main  Total unique channels after merge: 0
2026-07-19 01:03:43  INFO      main  Validating 0 channels…
2026-07-19 01:03:43  INFO      main  Validation complete: 0 live, 0 dead (removed)
2026-07-19 01:03:43  INFO      main  Diff → +0 new, -0 removed
2026-07-19 01:03:43  INFO      main  Saved 0 channels → output/
2026-07-19 01:03:43  INFO      main  Scrape cycle complete.
2026-07-19 04:49:13  INFO      main  ============================================================
2026-07-19 04:49:13  INFO      main  Scrape cycle started at 2026-07-19 04:49:13
2026-07-19 04:49:13  INFO      main  [Tamasha] Starting scrape…
2026-07-19 04:49:13  INFO      main  [Tapmad] Starting scrape…
2026-07-19 04:49:13  INFO      main  [MyCo] Starting scrape…
2026-07-19 04:49:13  INFO      main  [ShoqPK] Starting scrape…
2026-07-19 04:49:13  INFO      main  [MyCo] Found 0 channels
2026-07-19 04:49:13  INFO      main  [Tapmad] Found 0 channels
2026-07-19 04:49:14  INFO      main  [ShoqPK] Found 0 channels
2026-07-19 04:49:14  INFO      main  [Tamasha] Found 0 channels
2026-07-19 04:49:14  INFO      main  Total unique channels after merge: 0
2026-07-19 04:49:14  INFO      main  Validating 0 channels…
2026-07-19 04:49:14  INFO      main  Validation complete: 0 live, 0 dead (removed)
2026-07-19 04:49:14  INFO      main  Diff → +0 new, -0 removed
2026-07-19 04:49:14  INFO      main  Saved 0 channels → output/
2026-07-19 04:49:14  INFO      main  Scrape cycle complete.
2026-07-19 07:27:58  INFO      main  ============================================================
2026-07-19 07:27:58  INFO      main  Scrape cycle started at 2026-07-19 07:27:58
2026-07-19 07:27:58  INFO      main  [Tamasha] Starting scrape…
2026-07-19 07:27:58  INFO      main  [Tapmad] Starting scrape…
2026-07-19 07:27:58  INFO      main  [MyCo] Starting scrape…
2026-07-19 07:27:58  INFO      main  [ShoqPK] Starting scrape…
2026-07-19 07:27:58  INFO      main  [MyCo] Found 0 channels
2026-07-19 07:27:58  INFO      main  [Tapmad] Found 0 channels
2026-07-19 07:27:58  INFO      main  [ShoqPK] Found 0 channels
2026-07-19 07:27:59  INFO      main  [Tamasha] Found 0 channels
2026-07-19 07:27:59  INFO      main  Total unique channels after merge: 0
2026-07-19 07:27:59  INFO      main  Validating 0 channels…
2026-07-19 07:27:59  INFO      main  Validation complete: 0 live, 0 dead (removed)
2026-07-19 07:27:59  INFO      main  Diff → +0 new, -0 removed
2026-07-19 07:27:59  INFO      main  Saved 0 channels → output/
2026-07-19 07:27:59  INFO      main  Scrape cycle complete.
2026-07-19 09:29:00  INFO      main  ============================================================
2026-07-19 09:29:00  INFO      main  Scrape cycle started at 2026-07-19 09:29:00
2026-07-19 09:29:00  INFO      main  [Tamasha] Starting scrape…
2026-07-19 09:29:00  INFO      main  [Tapmad] Starting scrape…
2026-07-19 09:29:00  INFO      main  [MyCo] Starting scrape…
2026-07-19 09:29:00  INFO      main  [ShoqPK] Starting scrape…
2026-07-19 09:29:00  INFO      main  [Tapmad] Found 0 channels
2026-07-19 09:29:00  INFO      main  [MyCo] Found 0 channels
2026-07-19 09:29:00  INFO      main  [ShoqPK] Found 0 channels
2026-07-19 09:29:00  INFO      main  [Tamasha] Found 0 channels
2026-07-19 09:29:00  INFO      main  Total unique channels after merge: 0
2026-07-19 09:29:00  INFO      main  Validating 0 channels…
2026-07-19 09:29:00  INFO      main  Validation complete: 0 live, 0 dead (removed)
2026-07-19 09:29:00  INFO      main  Diff → +0 new, -0 removed
2026-07-19 09:29:00  INFO      main  Saved 0 channels → output/
2026-07-19 09:29:00  INFO      main  Scrape cycle complete.
2026-07-19 10:56:09  INFO      main  ============================================================
2026-07-19 10:56:09  INFO      main  Scrape cycle started at 2026-07-19 10:56:09
2026-07-19 10:56:09  INFO      main  [Tamasha] Starting scrape…
2026-07-19 10:56:09  INFO      main  [Tapmad] Starting scrape…
2026-07-19 10:56:09  INFO      main  [MyCo] Starting scrape…
2026-07-19 10:56:09  INFO      main  [ShoqPK] Starting scrape…
2026-07-19 10:56:09  INFO      main  [Tapmad] Found 0 channels
2026-07-19 10:56:09  INFO      main  [MyCo] Found 0 channels
2026-07-19 10:56:10  INFO      main  [ShoqPK] Found 0 channels
2026-07-19 10:56:10  INFO      main  [Tamasha] Found 0 channels
2026-07-19 10:56:10  INFO      main  Total unique channels after merge: 0
2026-07-19 10:56:10  INFO      main  Validating 0 channels…
2026-07-19 10:56:10  INFO      main  Validation complete: 0 live, 0 dead (removed)
2026-07-19 10:56:10  INFO      main  Diff → +0 new, -0 removed
2026-07-19 10:56:10  INFO      main  Saved 0 channels → output/
2026-07-19 10:56:10  INFO      main  Scrape cycle complete.
2026-07-19 12:01:32  INFO      main  ============================================================
2026-07-19 12:01:32  INFO      main  Scrape cycle started at 2026-07-19 12:01:32
2026-07-19 12:01:32  INFO      main  [Tamasha] Starting scrape…
2026-07-19 12:01:32  INFO      main  [Tapmad] Starting scrape…
2026-07-19 12:01:32  INFO      main  [MyCo] Starting scrape…
2026-07-19 12:01:32  INFO      main  [ShoqPK] Starting scrape…
2026-07-19 12:01:32  INFO      main  [MyCo] Found 0 channels
2026-07-19 12:01:32  INFO      main  [Tapmad] Found 0 channels
2026-07-19 12:01:33  INFO      main  [ShoqPK] Found 0 channels
2026-07-19 12:01:33  INFO      main  [Tamasha] Found 0 channels
2026-07-19 12:01:33  INFO      main  Total unique channels after merge: 0
2026-07-19 12:01:33  INFO      main  Validating 0 channels…
2026-07-19 12:01:33  INFO      main  Validation complete: 0 live, 0 dead (removed)
2026-07-19 12:01:33  INFO      main  Diff → +0 new, -0 removed
2026-07-19 12:01:33  INFO      main  Saved 0 channels → output/
2026-07-19 12:01:33  INFO      main  Scrape cycle complete.
2026-07-19 14:01:25  INFO      main  ============================================================
2026-07-19 14:01:25  INFO      main  Scrape cycle started at 2026-07-19 14:01:25
2026-07-19 14:01:25  INFO      main  [Tamasha] Starting scrape…
2026-07-19 14:01:25  INFO      main  [Tapmad] Starting scrape…
2026-07-19 14:01:25  INFO      main  [MyCo] Starting scrape…
2026-07-19 14:01:25  INFO      main  [ShoqPK] Starting scrape…
2026-07-19 14:01:25  INFO      main  [Tapmad] Found 0 channels
2026-07-19 14:01:25  INFO      main  [MyCo] Found 0 channels
2026-07-19 14:01:25  INFO      main  [ShoqPK] Found 0 channels
2026-07-19 14:01:25  INFO      main  [Tamasha] Found 0 channels
2026-07-19 14:01:25  INFO      main  Total unique channels after merge: 0
2026-07-19 14:01:25  INFO      main  Validating 0 channels…
2026-07-19 14:01:25  INFO      main  Validation complete: 0 live, 0 dead (removed)
2026-07-19 14:01:25  INFO      main  Diff → +0 new, -0 removed
2026-07-19 14:01:25  INFO      main  Saved 0 channels → output/
2026-07-19 14:01:25  INFO      main  Scrape cycle complete.
2026-07-19 15:31:41  INFO      main  ============================================================
2026-07-19 15:31:41  INFO      main  Scrape cycle started at 2026-07-19 15:31:41
2026-07-19 15:31:41  INFO      main  [Tamasha] Starting scrape…
2026-07-19 15:31:41  INFO      main  [Tapmad] Starting scrape…
2026-07-19 15:31:41  INFO      main  [MyCo] Starting scrape…
2026-07-19 15:31:41  INFO      main  [ShoqPK] Starting scrape…
2026-07-19 15:31:41  INFO      main  [MyCo] Found 0 channels
2026-07-19 15:31:41  INFO      main  [Tapmad] Found 0 channels
2026-07-19 15:31:41  INFO      main  [Tamasha] Found 0 channels
2026-07-19 15:31:41  INFO      main  [ShoqPK] Found 0 channels
2026-07-19 15:31:41  INFO      main  Total unique channels after merge: 0
2026-07-19 15:31:41  INFO      main  Validating 0 channels…
2026-07-19 15:31:41  INFO      main  Validation complete: 0 live, 0 dead (removed)
2026-07-19 15:31:41  INFO      main  Diff → +0 new, -0 removed
2026-07-19 15:31:41  INFO      main  Saved 0 channels → output/
2026-07-19 15:31:41  INFO      main  Scrape cycle complete.
2026-07-19 16:59:53  INFO      main  ============================================================
2026-07-19 16:59:53  INFO      main  Scrape cycle started at 2026-07-19 16:59:53
2026-07-19 16:59:53  INFO      main  [Tamasha] Starting scrape…
2026-07-19 16:59:53  INFO      main  [Tapmad] Starting scrape…
2026-07-19 16:59:53  INFO      main  [MyCo] Starting scrape…
2026-07-19 16:59:53  INFO      main  [ShoqPK] Starting scrape…
2026-07-19 16:59:53  INFO      main  [Tapmad] Found 0 channels
2026-07-19 16:59:53  INFO      main  [MyCo] Found 0 channels
2026-07-19 16:59:53  INFO      main  [ShoqPK] Found 0 channels
2026-07-19 16:59:54  INFO      main  [Tamasha] Found 0 channels
2026-07-19 16:59:54  INFO      main  Total unique channels after merge: 0
2026-07-19 16:59:54  INFO      main  Validating 0 channels…
2026-07-19 16:59:54  INFO      main  Validation complete: 0 live, 0 dead (removed)
2026-07-19 16:59:54  INFO      main  Diff → +0 new, -0 removed
2026-07-19 16:59:54  INFO      main  Saved 0 channels → output/
2026-07-19 16:59:54  INFO      main  Scrape cycle complete.
2026-07-19 18:03:04  INFO      main  ============================================================
2026-07-19 18:03:04  INFO      main  Scrape cycle started at 2026-07-19 18:03:04
2026-07-19 18:03:04  INFO      main  [Tamasha] Starting scrape…
2026-07-19 18:03:04  INFO      main  [Tapmad] Starting scrape…
2026-07-19 18:03:04  INFO      main  [MyCo] Starting scrape…
2026-07-19 18:03:04  INFO      main  [ShoqPK] Starting scrape…
2026-07-19 18:03:04  INFO      main  [Tapmad] Found 0 channels
2026-07-19 18:03:04  INFO      main  [MyCo] Found 0 channels
2026-07-19 18:03:05  INFO      main  [ShoqPK] Found 0 channels
2026-07-19 18:03:05  INFO      main  [Tamasha] Found 0 channels
2026-07-19 18:03:05  INFO      main  Total unique channels after merge: 0
2026-07-19 18:03:05  INFO      main  Validating 0 channels…
2026-07-19 18:03:05  INFO      main  Validation complete: 0 live, 0 dead (removed)
2026-07-19 18:03:05  INFO      main  Diff → +0 new, -0 removed
2026-07-19 18:03:05  INFO      main  Saved 0 channels → output/
2026-07-19 18:03:05  INFO      main  Scrape cycle complete.
2026-07-19 19:41:25  INFO      main  ============================================================
2026-07-19 19:41:25  INFO      main  Scrape cycle started at 2026-07-19 19:41:25
2026-07-19 19:41:25  INFO      main  [Tamasha] Starting scrape…
2026-07-19 19:41:25  INFO      main  [Tapmad] Starting scrape…
2026-07-19 19:41:25  INFO      main  [MyCo] Starting scrape…
2026-07-19 19:41:25  INFO      main  [ShoqPK] Starting scrape…
2026-07-19 19:41:25  INFO      main  [MyCo] Found 0 channels
2026-07-19 19:41:25  INFO      main  [Tapmad] Found 0 channels
2026-07-19 19:41:25  INFO      main  [ShoqPK] Found 0 channels
2026-07-19 19:41:25  INFO      main  [Tamasha] Found 0 channels
2026-07-19 19:41:25  INFO      main  Total unique channels after merge: 0
2026-07-19 19:41:25  INFO      main  Validating 0 channels…
2026-07-19 19:41:25  INFO      main  Validation complete: 0 live, 0 dead (removed)
2026-07-19 19:41:25  INFO      main  Diff → +0 new, -0 removed
2026-07-19 19:41:25  INFO      main  Saved 0 channels → output/
2026-07-19 19:41:25  INFO      main  Scrape cycle complete.
2026-07-19 20:52:53  INFO      main  ============================================================
2026-07-19 20:52:53  INFO      main  Scrape cycle started at 2026-07-19 20:52:53
2026-07-19 20:52:53  INFO      main  [Tamasha] Starting scrape…
2026-07-19 20:52:53  INFO      main  [Tapmad] Starting scrape…
2026-07-19 20:52:53  INFO      main  [MyCo] Starting scrape…
2026-07-19 20:52:53  INFO      main  [ShoqPK] Starting scrape…
2026-07-19 20:52:53  INFO      main  [Tapmad] Found 0 channels
2026-07-19 20:52:53  INFO      main  [MyCo] Found 0 channels
2026-07-19 20:52:53  INFO      main  [ShoqPK] Found 0 channels
2026-07-19 20:52:53  INFO      main  [Tamasha] Found 0 channels
2026-07-19 20:52:53  INFO      main  Total unique channels after merge: 0
2026-07-19 20:52:53  INFO      main  Validating 0 channels…
2026-07-19 20:52:53  INFO      main  Validation complete: 0 live, 0 dead (removed)
2026-07-19 20:52:53  INFO      main  Diff → +0 new, -0 removed
2026-07-19 20:52:53  INFO      main  Saved 0 channels → output/
2026-07-19 20:52:53  INFO      main  Scrape cycle complete.
2026-07-19 21:55:17  INFO      main  ============================================================
2026-07-19 21:55:17  INFO      main  Scrape cycle started at 2026-07-19 21:55:17
2026-07-19 21:55:17  INFO      main  [Tamasha] Starting scrape…
2026-07-19 21:55:17  INFO      main  [Tapmad] Starting scrape…
2026-07-19 21:55:17  INFO      main  [MyCo] Starting scrape…
2026-07-19 21:55:17  INFO      main  [ShoqPK] Starting scrape…
2026-07-19 21:55:17  INFO      main  [MyCo] Found 0 channels
2026-07-19 21:55:17  INFO      main  [Tapmad] Found 0 channels
2026-07-19 21:55:17  INFO      main  [Tamasha] Found 0 channels
2026-07-19 21:55:17  INFO      main  [ShoqPK] Found 0 channels
2026-07-19 21:55:17  INFO      main  Total unique channels after merge: 0
2026-07-19 21:55:17  INFO      main  Validating 0 channels…
2026-07-19 21:55:17  INFO      main  Validation complete: 0 live, 0 dead (removed)
2026-07-19 21:55:17  INFO      main  Diff → +0 new, -0 removed
2026-07-19 21:55:17  INFO      main  Saved 0 channels → output/
2026-07-19 21:55:17  INFO      main  Scrape cycle complete.
2026-07-19 22:55:21  INFO      main  ============================================================
2026-07-19 22:55:21  INFO      main  Scrape cycle started at 2026-07-19 22:55:21
2026-07-19 22:55:21  INFO      main  [Tamasha] Starting scrape…
2026-07-19 22:55:21  INFO      main  [Tapmad] Starting scrape…
2026-07-19 22:55:21  INFO      main  [MyCo] Starting scrape…
2026-07-19 22:55:21  INFO      main  [ShoqPK] Starting scrape…
2026-07-19 22:55:21  INFO      main  [Tapmad] Found 0 channels
2026-07-19 22:55:21  INFO      main  [MyCo] Found 0 channels
2026-07-19 22:55:21  INFO      main  [ShoqPK] Found 0 channels
2026-07-19 22:55:21  INFO      main  [Tamasha] Found 0 channels
2026-07-19 22:55:21  INFO      main  Total unique channels after merge: 0
2026-07-19 22:55:21  INFO      main  Validating 0 channels…
2026-07-19 22:55:21  INFO      main  Validation complete: 0 live, 0 dead (removed)
2026-07-19 22:55:21  INFO      main  Diff → +0 new, -0 removed
2026-07-19 22:55:21  INFO      main  Saved 0 channels → output/
2026-07-19 22:55:21  INFO      main  Scrape cycle complete.
2026-07-20 00:00:09  INFO      main  ============================================================
2026-07-20 00:00:09  INFO      main  Scrape cycle started at 2026-07-20 00:00:09
2026-07-20 00:00:09  INFO      main  [Tamasha] Starting scrape…
2026-07-20 00:00:09  INFO      main  [Tapmad] Starting scrape…
2026-07-20 00:00:09  INFO      main  [MyCo] Starting scrape…
2026-07-20 00:00:09  INFO      main  [ShoqPK] Starting scrape…
2026-07-20 00:00:09  INFO      main  [MyCo] Found 0 channels
2026-07-20 00:00:09  INFO      main  [Tapmad] Found 0 channels
2026-07-20 00:00:10  INFO      main  [Tamasha] Found 0 channels
2026-07-20 00:00:10  INFO      main  [ShoqPK] Found 0 channels
2026-07-20 00:00:10  INFO      main  Total unique channels after merge: 0
2026-07-20 00:00:10  INFO      main  Validating 0 channels…
2026-07-20 00:00:10  INFO      main  Validation complete: 0 live, 0 dead (removed)
2026-07-20 00:00:10  INFO      main  Diff → +0 new, -0 removed
2026-07-20 00:00:10  INFO      main  Saved 0 channels → output/
2026-07-20 00:00:10  INFO      main  Scrape cycle complete.
2026-07-20 03:56:19  INFO      main  ============================================================
2026-07-20 03:56:19  INFO      main  Scrape cycle started at 2026-07-20 03:56:19
2026-07-20 03:56:19  INFO      main  [Tamasha] Starting scrape…
2026-07-20 03:56:19  INFO      main  [Tapmad] Starting scrape…
2026-07-20 03:56:19  INFO      main  [MyCo] Starting scrape…
2026-07-20 03:56:19  INFO      main  [ShoqPK] Starting scrape…
2026-07-20 03:56:19  INFO      main  [Tapmad] Found 0 channels
2026-07-20 03:56:19  INFO      main  [MyCo] Found 0 channels
2026-07-20 03:56:20  INFO      main  [ShoqPK] Found 0 channels
2026-07-20 03:56:20  INFO      main  [Tamasha] Found 0 channels
2026-07-20 03:56:20  INFO      main  Total unique channels after merge: 0
2026-07-20 03:56:20  INFO      main  Validating 0 channels…
2026-07-20 03:56:20  INFO      main  Validation complete: 0 live, 0 dead (removed)
2026-07-20 03:56:20  INFO      main  Diff → +0 new, -0 removed
2026-07-20 03:56:20  INFO      main  Saved 0 channels → output/
2026-07-20 03:56:20  INFO      main  Scrape cycle complete.
2026-07-20 06:52:42  INFO      main  ============================================================
2026-07-20 06:52:42  INFO      main  Scrape cycle started at 2026-07-20 06:52:42
2026-07-20 06:52:42  INFO      main  [Tamasha] Starting scrape…
2026-07-20 06:52:42  INFO      main  [Tapmad] Starting scrape…
2026-07-20 06:52:42  INFO      main  [MyCo] Starting scrape…
2026-07-20 06:52:42  INFO      main  [ShoqPK] Starting scrape…
2026-07-20 06:52:42  INFO      main  [Tapmad] Found 0 channels
2026-07-20 06:52:42  INFO      main  [MyCo] Found 0 channels
2026-07-20 06:52:42  INFO      main  [ShoqPK] Found 0 channels
2026-07-20 06:52:43  INFO      main  [Tamasha] Found 0 channels
2026-07-20 06:52:43  INFO      main  Total unique channels after merge: 0
2026-07-20 06:52:43  INFO      main  Validating 0 channels…
2026-07-20 06:52:43  INFO      main  Validation complete: 0 live, 0 dead (removed)
2026-07-20 06:52:43  INFO      main  Diff → +0 new, -0 removed
2026-07-20 06:52:43  INFO      main  Saved 0 channels → output/
2026-07-20 06:52:43  INFO      main  Scrape cycle complete.
2026-07-20 10:14:05  INFO      main  ============================================================
2026-07-20 10:14:05  INFO      main  Scrape cycle started at 2026-07-20 10:14:05
2026-07-20 10:14:05  INFO      main  [Tamasha] Starting scrape…
2026-07-20 10:14:05  INFO      main  [Tapmad] Starting scrape…
2026-07-20 10:14:05  INFO      main  [MyCo] Starting scrape…
2026-07-20 10:14:05  INFO      main  [ShoqPK] Starting scrape…
2026-07-20 10:14:06  INFO      main  [Tapmad] Found 0 channels
2026-07-20 10:14:06  INFO      main  [MyCo] Found 0 channels
2026-07-20 10:14:06  INFO      main  [ShoqPK] Found 0 channels
2026-07-20 10:14:06  INFO      main  [Tamasha] Found 0 channels
2026-07-20 10:14:06  INFO      main  Total unique channels after merge: 0
2026-07-20 10:14:06  INFO      main  Validating 0 channels…
2026-07-20 10:14:06  INFO      main  Validation complete: 0 live, 0 dead (removed)
2026-07-20 10:14:06  INFO      main  Diff → +0 new, -0 removed
2026-07-20 10:14:06  INFO      main  Saved 0 channels → output/
2026-07-20 10:14:06  INFO      main  Scrape cycle complete.
2026-07-20 12:32:28  INFO      main  ============================================================
2026-07-20 12:32:28  INFO      main  Scrape cycle started at 2026-07-20 12:32:28
2026-07-20 12:32:28  INFO      main  [Tamasha] Starting scrape…
2026-07-20 12:32:28  INFO      main  [Tapmad] Starting scrape…
2026-07-20 12:32:28  INFO      main  [MyCo] Starting scrape…
2026-07-20 12:32:28  INFO      main  [ShoqPK] Starting scrape…
2026-07-20 12:32:28  INFO      main  [Tapmad] Found 0 channels
2026-07-20 12:32:28  INFO      main  [MyCo] Found 0 channels
2026-07-20 12:32:28  INFO      main  [ShoqPK] Found 0 channels
2026-07-20 12:32:29  INFO      main  [Tamasha] Found 0 channels
2026-07-20 12:32:29  INFO      main  Total unique channels after merge: 0
2026-07-20 12:32:29  INFO      main  Validating 0 channels…
2026-07-20 12:32:29  INFO      main  Validation complete: 0 live, 0 dead (removed)
2026-07-20 12:32:29  INFO      main  Diff → +0 new, -0 removed
2026-07-20 12:32:29  INFO      main  Saved 0 channels → output/
2026-07-20 12:32:29  INFO      main  Scrape cycle complete.
2026-07-20 15:12:41  INFO      main  ============================================================
2026-07-20 15:12:41  INFO      main  Scrape cycle started at 2026-07-20 15:12:41
2026-07-20 15:12:41  INFO      main  [Tamasha] Starting scrape…
2026-07-20 15:12:41  INFO      main  [Tapmad] Starting scrape…
2026-07-20 15:12:41  INFO      main  [MyCo] Starting scrape…
2026-07-20 15:12:41  INFO      main  [ShoqPK] Starting scrape…
2026-07-20 15:12:41  INFO      main  [MyCo] Found 0 channels
2026-07-20 15:12:41  INFO      main  [Tapmad] Found 0 channels
2026-07-20 15:12:41  INFO      main  [ShoqPK] Found 0 channels
2026-07-20 15:12:41  INFO      main  [Tamasha] Found 0 channels
2026-07-20 15:12:41  INFO      main  Total unique channels after merge: 0
2026-07-20 15:12:41  INFO      main  Validating 0 channels…
2026-07-20 15:12:41  INFO      main  Validation complete: 0 live, 0 dead (removed)
2026-07-20 15:12:41  INFO      main  Diff → +0 new, -0 removed
2026-07-20 15:12:41  INFO      main  Saved 0 channels → output/
2026-07-20 15:12:41  INFO      main  Scrape cycle complete.
2026-07-20 16:56:53  INFO      main  ============================================================
2026-07-20 16:56:53  INFO      main  Scrape cycle started at 2026-07-20 16:56:53
2026-07-20 16:56:53  INFO      main  [Tamasha] Starting scrape…
2026-07-20 16:56:53  INFO      main  [Tapmad] Starting scrape…
2026-07-20 16:56:53  INFO      main  [MyCo] Starting scrape…
2026-07-20 16:56:53  INFO      main  [ShoqPK] Starting scrape…
2026-07-20 16:56:53  INFO      main  [Tapmad] Found 0 channels
2026-07-20 16:56:53  INFO      main  [Tamasha] Found 0 channels
2026-07-20 16:56:53  INFO      main  [MyCo] Found 0 channels
2026-07-20 16:56:53  INFO      main  [ShoqPK] Found 0 channels
2026-07-20 16:56:53  INFO      main  Total unique channels after merge: 0
2026-07-20 16:56:53  INFO      main  Validating 0 channels…
2026-07-20 16:56:53  INFO      main  Validation complete: 0 live, 0 dead (removed)
2026-07-20 16:56:53  INFO      main  Diff → +0 new, -0 removed
2026-07-20 16:56:53  INFO      main  Saved 0 channels → output/
2026-07-20 16:56:53  INFO      main  Scrape cycle complete.
2026-07-20 18:57:36  INFO      main  ============================================================
2026-07-20 18:57:36  INFO      main  Scrape cycle started at 2026-07-20 18:57:36
2026-07-20 18:57:36  INFO      main  [Tamasha] Starting scrape…
2026-07-20 18:57:36  INFO      main  [Tapmad] Starting scrape…
2026-07-20 18:57:36  INFO      main  [MyCo] Starting scrape…
2026-07-20 18:57:36  INFO      main  [ShoqPK] Starting scrape…
2026-07-20 18:57:37  INFO      main  [Tapmad] Found 0 channels
2026-07-20 18:57:37  INFO      main  [MyCo] Found 0 channels
2026-07-20 18:57:37  INFO      main  [ShoqPK] Found 0 channels
2026-07-20 18:57:37  INFO      main  [Tamasha] Found 0 channels
2026-07-20 18:57:37  INFO      main  Total unique channels after merge: 0
2026-07-20 18:57:37  INFO      main  Validating 0 channels…
2026-07-20 18:57:37  INFO      main  Validation complete: 0 live, 0 dead (removed)
2026-07-20 18:57:37  INFO      main  Diff → +0 new, -0 removed
2026-07-20 18:57:37  INFO      main  Saved 0 channels → output/
2026-07-20 18:57:37  INFO      main  Scrape cycle complete.
2026-07-20 20:26:03  INFO      main  ============================================================
2026-07-20 20:26:03  INFO      main  Scrape cycle started at 2026-07-20 20:26:03
2026-07-20 20:26:03  INFO      main  [Tamasha] Starting scrape…
2026-07-20 20:26:03  INFO      main  [Tapmad] Starting scrape…
2026-07-20 20:26:03  INFO      main  [MyCo] Starting scrape…
2026-07-20 20:26:03  INFO      main  [ShoqPK] Starting scrape…
2026-07-20 20:26:03  INFO      main  [MyCo] Found 0 channels
2026-07-20 20:26:03  INFO      main  [Tapmad] Found 0 channels
2026-07-20 20:26:03  INFO      main  [ShoqPK] Found 0 channels
2026-07-20 20:26:03  INFO      main  [Tamasha] Found 0 channels
2026-07-20 20:26:03  INFO      main  Total unique channels after merge: 0
2026-07-20 20:26:03  INFO      main  Validating 0 channels…
2026-07-20 20:26:03  INFO      main  Validation complete: 0 live, 0 dead (removed)
2026-07-20 20:26:03  INFO      main  Diff → +0 new, -0 removed
2026-07-20 20:26:03  INFO      main  Saved 0 channels → output/
2026-07-20 20:26:03  INFO      main  Scrape cycle complete.
2026-07-20 21:44:22  INFO      main  ============================================================
2026-07-20 21:44:22  INFO      main  Scrape cycle started at 2026-07-20 21:44:22
2026-07-20 21:44:22  INFO      main  [Tamasha] Starting scrape…
2026-07-20 21:44:22  INFO      main  [Tapmad] Starting scrape…
2026-07-20 21:44:22  INFO      main  [MyCo] Starting scrape…
2026-07-20 21:44:22  INFO      main  [ShoqPK] Starting scrape…
2026-07-20 21:44:22  INFO      main  [MyCo] Found 0 channels
2026-07-20 21:44:22  INFO      main  [Tapmad] Found 0 channels
2026-07-20 21:44:22  INFO      main  [ShoqPK] Found 0 channels
2026-07-20 21:44:22  INFO      main  [Tamasha] Found 0 channels
2026-07-20 21:44:22  INFO      main  Total unique channels after merge: 0
2026-07-20 21:44:22  INFO      main  Validating 0 channels…
2026-07-20 21:44:22  INFO      main  Validation complete: 0 live, 0 dead (removed)
2026-07-20 21:44:22  INFO      main  Diff → +0 new, -0 removed
2026-07-20 21:44:22  INFO      main  Saved 0 channels → output/
2026-07-20 21:44:22  INFO      main  Scrape cycle complete.
2026-07-20 23:02:21  INFO      main  ============================================================
2026-07-20 23:02:21  INFO      main  Scrape cycle started at 2026-07-20 23:02:21
2026-07-20 23:02:21  INFO      main  [Tamasha] Starting scrape…
2026-07-20 23:02:21  INFO      main  [Tapmad] Starting scrape…
2026-07-20 23:02:21  INFO      main  [MyCo] Starting scrape…
2026-07-20 23:02:21  INFO      main  [ShoqPK] Starting scrape…
2026-07-20 23:02:21  INFO      main  [Tapmad] Found 0 channels
2026-07-20 23:02:21  INFO      main  [MyCo] Found 0 channels
2026-07-20 23:02:21  INFO      main  [ShoqPK] Found 0 channels
2026-07-20 23:02:21  INFO      main  [Tamasha] Found 0 channels
2026-07-20 23:02:21  INFO      main  Total unique channels after merge: 0
2026-07-20 23:02:21  INFO      main  Validating 0 channels…
2026-07-20 23:02:21  INFO      main  Validation complete: 0 live, 0 dead (removed)
2026-07-20 23:02:21  INFO      main  Diff → +0 new, -0 removed
2026-07-20 23:02:21  INFO      main  Saved 0 channels → output/
2026-07-20 23:02:21  INFO      main  Scrape cycle complete.
2026-07-21 00:59:07  INFO      main  ============================================================
2026-07-21 00:59:07  INFO      main  Scrape cycle started at 2026-07-21 00:59:07
2026-07-21 00:59:07  INFO      main  [Tamasha] Starting scrape…
2026-07-21 00:59:07  INFO      main  [Tapmad] Starting scrape…
2026-07-21 00:59:07  INFO      main  [MyCo] Starting scrape…
2026-07-21 00:59:07  INFO      main  [ShoqPK] Starting scrape…
2026-07-21 00:59:08  INFO      main  [MyCo] Found 0 channels
2026-07-21 00:59:08  INFO      main  [Tapmad] Found 0 channels
2026-07-21 00:59:08  INFO      main  [ShoqPK] Found 0 channels
2026-07-21 00:59:08  INFO      main  [Tamasha] Found 0 channels
2026-07-21 00:59:08  INFO      main  Total unique channels after merge: 0
2026-07-21 00:59:08  INFO      main  Validating 0 channels…
2026-07-21 00:59:08  INFO      main  Validation complete: 0 live, 0 dead (removed)
2026-07-21 00:59:08  INFO      main  Diff → +0 new, -0 removed
2026-07-21 00:59:08  INFO      main  Saved 0 channels → output/
2026-07-21 00:59:08  INFO      main  Scrape cycle complete.
2026-07-21 04:22:39  INFO      main  ============================================================
2026-07-21 04:22:39  INFO      main  Scrape cycle started at 2026-07-21 04:22:39
2026-07-21 04:22:39  INFO      main  [Tamasha] Starting scrape…
2026-07-21 04:22:39  INFO      main  [Tapmad] Starting scrape…
2026-07-21 04:22:39  INFO      main  [MyCo] Starting scrape…
2026-07-21 04:22:39  INFO      main  [ShoqPK] Starting scrape…
2026-07-21 04:22:39  INFO      main  [MyCo] Found 0 channels
2026-07-21 04:22:39  INFO      main  [Tapmad] Found 0 channels
2026-07-21 04:22:39  INFO      main  [Tamasha] Found 0 channels
2026-07-21 04:22:39  INFO      main  [ShoqPK] Found 0 channels
2026-07-21 04:22:39  INFO      main  Total unique channels after merge: 0
2026-07-21 04:22:39  INFO      main  Validating 0 channels…
2026-07-21 04:22:39  INFO      main  Validation complete: 0 live, 0 dead (removed)
2026-07-21 04:22:39  INFO      main  Diff → +0 new, -0 removed
2026-07-21 04:22:39  INFO      main  Saved 0 channels → output/
2026-07-21 04:22:39  INFO      main  Scrape cycle complete.
2026-07-21 07:08:53  INFO      main  ============================================================
2026-07-21 07:08:53  INFO      main  Scrape cycle started at 2026-07-21 07:08:53
2026-07-21 07:08:53  INFO      main  [Tamasha] Starting scrape…
2026-07-21 07:08:53  INFO      main  [Tapmad] Starting scrape…
2026-07-21 07:08:53  INFO      main  [MyCo] Starting scrape…
2026-07-21 07:08:53  INFO      main  [ShoqPK] Starting scrape…
2026-07-21 07:08:53  INFO      main  [Tapmad] Found 0 channels
2026-07-21 07:08:53  INFO      main  [MyCo] Found 0 channels
2026-07-21 07:08:54  INFO      main  [ShoqPK] Found 0 channels
2026-07-21 07:08:54  INFO      main  [Tamasha] Found 0 channels
2026-07-21 07:08:54  INFO      main  Total unique channels after merge: 0
2026-07-21 07:08:54  INFO      main  Validating 0 channels…
2026-07-21 07:08:54  INFO      main  Validation complete: 0 live, 0 dead (removed)
2026-07-21 07:08:54  INFO      main  Diff → +0 new, -0 removed
2026-07-21 07:08:54  INFO      main  Saved 0 channels → output/
2026-07-21 07:08:54  INFO      main  Scrape cycle complete.
2026-07-21 10:02:57  INFO      main  ============================================================
2026-07-21 10:02:57  INFO      main  Scrape cycle started at 2026-07-21 10:02:57
2026-07-21 10:02:57  INFO      main  [Tamasha] Starting scrape…
2026-07-21 10:02:57  INFO      main  [Tapmad] Starting scrape…
2026-07-21 10:02:57  INFO      main  [MyCo] Starting scrape…
2026-07-21 10:02:57  INFO      main  [ShoqPK] Starting scrape…
2026-07-21 10:02:57  INFO      main  [Tapmad] Found 0 channels
2026-07-21 10:02:57  INFO      main  [MyCo] Found 0 channels
2026-07-21 10:02:57  INFO      main  [Tamasha] Found 0 channels
2026-07-21 10:02:57  INFO      main  [ShoqPK] Found 0 channels
2026-07-21 10:02:57  INFO      main  Total unique channels after merge: 0
2026-07-21 10:02:57  INFO      main  Validating 0 channels…
2026-07-21 10:02:57  INFO      main  Validation complete: 0 live, 0 dead (removed)
2026-07-21 10:02:57  INFO      main  Diff → +0 new, -0 removed
2026-07-21 10:02:57  INFO      main  Saved 0 channels → output/
2026-07-21 10:02:57  INFO      main  Scrape cycle complete.
2026-07-21 12:09:01  INFO      main  ============================================================
2026-07-21 12:09:01  INFO      main  Scrape cycle started at 2026-07-21 12:09:01
2026-07-21 12:09:01  INFO      main  [Tamasha] Starting scrape…
2026-07-21 12:09:01  INFO      main  [Tapmad] Starting scrape…
2026-07-21 12:09:01  INFO      main  [MyCo] Starting scrape…
2026-07-21 12:09:01  INFO      main  [ShoqPK] Starting scrape…
2026-07-21 12:09:01  INFO      main  [Tapmad] Found 0 channels
2026-07-21 12:09:01  INFO      main  [MyCo] Found 0 channels
2026-07-21 12:09:02  INFO      main  [Tamasha] Found 0 channels
2026-07-21 12:09:02  INFO      main  [ShoqPK] Found 0 channels
2026-07-21 12:09:02  INFO      main  Total unique channels after merge: 0
2026-07-21 12:09:02  INFO      main  Validating 0 channels…
2026-07-21 12:09:02  INFO      main  Validation complete: 0 live, 0 dead (removed)
2026-07-21 12:09:02  INFO      main  Diff → +0 new, -0 removed
2026-07-21 12:09:02  INFO      main  Saved 0 channels → output/
2026-07-21 12:09:02  INFO      main  Scrape cycle complete.
2026-07-21 14:35:04  INFO      main  ============================================================
2026-07-21 14:35:04  INFO      main  Scrape cycle started at 2026-07-21 14:35:04
2026-07-21 14:35:04  INFO      main  [Tamasha] Starting scrape…
2026-07-21 14:35:04  INFO      main  [Tapmad] Starting scrape…
2026-07-21 14:35:04  INFO      main  [MyCo] Starting scrape…
2026-07-21 14:35:04  INFO      main  [ShoqPK] Starting scrape…
2026-07-21 14:35:05  INFO      main  [Tapmad] Found 0 channels
2026-07-21 14:35:05  INFO      main  [MyCo] Found 0 channels
2026-07-21 14:35:05  INFO      main  [ShoqPK] Found 0 channels
2026-07-21 14:35:05  INFO      main  [Tamasha] Found 0 channels
2026-07-21 14:35:05  INFO      main  Total unique channels after merge: 0
2026-07-21 14:35:05  INFO      main  Validating 0 channels…
2026-07-21 14:35:05  INFO      main  Validation complete: 0 live, 0 dead (removed)
2026-07-21 14:35:05  INFO      main  Diff → +0 new, -0 removed
2026-07-21 14:35:05  INFO      main  Saved 0 channels → output/
2026-07-21 14:35:05  INFO      main  Scrape cycle complete.
2026-07-21 16:24:15  INFO      main  ============================================================
2026-07-21 16:24:15  INFO      main  Scrape cycle started at 2026-07-21 16:24:15
2026-07-21 16:24:15  INFO      main  [Tamasha] Starting scrape…
2026-07-21 16:24:15  INFO      main  [Tapmad] Starting scrape…
2026-07-21 16:24:15  INFO      main  [MyCo] Starting scrape…
2026-07-21 16:24:15  INFO      main  [ShoqPK] Starting scrape…
2026-07-21 16:24:15  INFO      main  [Tapmad] Found 0 channels
2026-07-21 16:24:15  INFO      main  [MyCo] Found 0 channels
2026-07-21 16:24:15  INFO      main  [ShoqPK] Found 0 channels
2026-07-21 16:24:15  INFO      main  [Tamasha] Found 0 channels
2026-07-21 16:24:15  INFO      main  Total unique channels after merge: 0
2026-07-21 16:24:15  INFO      main  Validating 0 channels…
2026-07-21 16:24:15  INFO      main  Validation complete: 0 live, 0 dead (removed)
2026-07-21 16:24:15  INFO      main  Diff → +0 new, -0 removed
2026-07-21 16:24:15  INFO      main  Saved 0 channels → output/
2026-07-21 16:24:15  INFO      main  Scrape cycle complete.
2026-07-21 17:53:59  INFO      main  ============================================================
2026-07-21 17:53:59  INFO      main  Scrape cycle started at 2026-07-21 17:53:59
2026-07-21 17:53:59  INFO      main  [Tamasha] Starting scrape…
2026-07-21 17:53:59  INFO      main  [Tapmad] Starting scrape…
2026-07-21 17:53:59  INFO      main  [MyCo] Starting scrape…
2026-07-21 17:53:59  INFO      main  [ShoqPK] Starting scrape…
2026-07-21 17:53:59  INFO      main  [MyCo] Found 0 channels
2026-07-21 17:53:59  INFO      main  [Tapmad] Found 0 channels
2026-07-21 17:54:00  INFO      main  [Tamasha] Found 0 channels
2026-07-21 17:54:00  INFO      main  [ShoqPK] Found 0 channels
2026-07-21 17:54:00  INFO      main  Total unique channels after merge: 0
2026-07-21 17:54:00  INFO      main  Validating 0 channels…
2026-07-21 17:54:00  INFO      main  Validation complete: 0 live, 0 dead (removed)
2026-07-21 17:54:00  INFO      main  Diff → +0 new, -0 removed
2026-07-21 17:54:00  INFO      main  Saved 0 channels → output/
2026-07-21 17:54:00  INFO      main  Scrape cycle complete.
2026-07-21 19:26:18  INFO      main  ============================================================
2026-07-21 19:26:18  INFO      main  Scrape cycle started at 2026-07-21 19:26:18
2026-07-21 19:26:18  INFO      main  [Tamasha] Starting scrape…
2026-07-21 19:26:18  INFO      main  [Tapmad] Starting scrape…
2026-07-21 19:26:18  INFO      main  [MyCo] Starting scrape…
2026-07-21 19:26:18  INFO      main  [ShoqPK] Starting scrape…
2026-07-21 19:26:19  INFO      main  [Tapmad] Found 0 channels
2026-07-21 19:26:19  INFO      main  [MyCo] Found 0 channels
2026-07-21 19:26:19  INFO      main  [ShoqPK] Found 0 channels
2026-07-21 19:26:19  INFO      main  [Tamasha] Found 0 channels
2026-07-21 19:26:19  INFO      main  Total unique channels after merge: 0
2026-07-21 19:26:19  INFO      main  Validating 0 channels…
2026-07-21 19:26:19  INFO      main  Validation complete: 0 live, 0 dead (removed)
2026-07-21 19:26:19  INFO      main  Diff → +0 new, -0 removed
2026-07-21 19:26:19  INFO      main  Saved 0 channels → output/
2026-07-21 19:26:19  INFO      main  Scrape cycle complete.
2026-07-21 20:46:05  INFO      main  ============================================================
2026-07-21 20:46:05  INFO      main  Scrape cycle started at 2026-07-21 20:46:05
2026-07-21 20:46:05  INFO      main  [Tamasha] Starting scrape…
2026-07-21 20:46:05  INFO      main  [Tapmad] Starting scrape…
2026-07-21 20:46:05  INFO      main  [MyCo] Starting scrape…
2026-07-21 20:46:05  INFO      main  [ShoqPK] Starting scrape…
2026-07-21 20:46:05  INFO      main  [MyCo] Found 0 channels
2026-07-21 20:46:05  INFO      main  [ShoqPK] Found 0 channels
2026-07-21 20:46:05  INFO      main  [Tapmad] Found 0 channels
2026-07-21 20:46:05  INFO      main  [Tamasha] Found 0 channels
2026-07-21 20:46:05  INFO      main  Total unique channels after merge: 0
2026-07-21 20:46:05  INFO      main  Validating 0 channels…
2026-07-21 20:46:05  INFO      main  Validation complete: 0 live, 0 dead (removed)
2026-07-21 20:46:05  INFO      main  Diff → +0 new, -0 removed
2026-07-21 20:46:05  INFO      main  Saved 0 channels → output/
2026-07-21 20:46:05  INFO      main  Scrape cycle complete.
2026-07-21 22:04:46  INFO      main  ============================================================
2026-07-21 22:04:46  INFO      main  Scrape cycle started at 2026-07-21 22:04:46
2026-07-21 22:04:46  INFO      main  [Tamasha] Starting scrape…
2026-07-21 22:04:46  INFO      main  [Tapmad] Starting scrape…
2026-07-21 22:04:46  INFO      main  [MyCo] Starting scrape…
2026-07-21 22:04:46  INFO      main  [ShoqPK] Starting scrape…
2026-07-21 22:04:46  INFO      main  [Tapmad] Found 0 channels
2026-07-21 22:04:46  INFO      main  [ShoqPK] Found 0 channels
2026-07-21 22:04:46  INFO      main  [MyCo] Found 0 channels
2026-07-21 22:04:47  INFO      main  [Tamasha] Found 0 channels
2026-07-21 22:04:47  INFO      main  Total unique channels after merge: 0
2026-07-21 22:04:47  INFO      main  Validating 0 channels…
2026-07-21 22:04:47  INFO      main  Validation complete: 0 live, 0 dead (removed)
2026-07-21 22:04:47  INFO      main  Diff → +0 new, -0 removed
2026-07-21 22:04:47  INFO      main  Saved 0 channels → output/
2026-07-21 22:04:47  INFO      main  Scrape cycle complete.
2026-07-21 23:29:13  INFO      main  ============================================================
2026-07-21 23:29:13  INFO      main  Scrape cycle started at 2026-07-21 23:29:13
2026-07-21 23:29:13  INFO      main  [Tamasha] Starting scrape…
2026-07-21 23:29:13  INFO      main  [Tapmad] Starting scrape…
2026-07-21 23:29:13  INFO      main  [MyCo] Starting scrape…
2026-07-21 23:29:13  INFO      main  [ShoqPK] Starting scrape…
2026-07-21 23:29:13  INFO      main  [MyCo] Found 0 channels
2026-07-21 23:29:13  INFO      main  [Tapmad] Found 0 channels
2026-07-21 23:29:14  INFO      main  [ShoqPK] Found 0 channels
2026-07-21 23:29:14  INFO      main  [Tamasha] Found 0 channels
2026-07-21 23:29:14  INFO      main  Total unique channels after merge: 0
2026-07-21 23:29:14  INFO      main  Validating 0 channels…
2026-07-21 23:29:14  INFO      main  Validation complete: 0 live, 0 dead (removed)
2026-07-21 23:29:14  INFO      main  Diff → +0 new, -0 removed
2026-07-21 23:29:14  INFO      main  Saved 0 channels → output/
2026-07-21 23:29:14  INFO      main  Scrape cycle complete.
2026-07-22 01:00:27  INFO      main  ============================================================
2026-07-22 01:00:27  INFO      main  Scrape cycle started at 2026-07-22 01:00:27
2026-07-22 01:00:27  INFO      main  [Tamasha] Starting scrape…
2026-07-22 01:00:27  INFO      main  [Tapmad] Starting scrape…
2026-07-22 01:00:27  INFO      main  [MyCo] Starting scrape…
2026-07-22 01:00:27  INFO      main  [ShoqPK] Starting scrape…
2026-07-22 01:00:28  INFO      main  [MyCo] Found 0 channels
2026-07-22 01:00:28  INFO      main  [Tapmad] Found 0 channels
2026-07-22 01:00:28  INFO      main  [ShoqPK] Found 0 channels
2026-07-22 01:00:28  INFO      main  [Tamasha] Found 0 channels
2026-07-22 01:00:28  INFO      main  Total unique channels after merge: 0
2026-07-22 01:00:28  INFO      main  Validating 0 channels…
2026-07-22 01:00:28  INFO      main  Validation complete: 0 live, 0 dead (removed)
2026-07-22 01:00:28  INFO      main  Diff → +0 new, -0 removed
2026-07-22 01:00:28  INFO      main  Saved 0 channels → output/
2026-07-22 01:00:28  INFO      main  Scrape cycle complete.
2026-07-22 04:47:21  INFO      main  ============================================================
2026-07-22 04:47:21  INFO      main  Scrape cycle started at 2026-07-22 04:47:21
2026-07-22 04:47:21  INFO      main  [Tamasha] Starting scrape…
2026-07-22 04:47:21  INFO      main  [Tapmad] Starting scrape…
2026-07-22 04:47:21  INFO      main  [MyCo] Starting scrape…
2026-07-22 04:47:21  INFO      main  [ShoqPK] Starting scrape…
2026-07-22 04:47:21  INFO      main  [Tapmad] Found 0 channels
2026-07-22 04:47:21  INFO      main  [MyCo] Found 0 channels
2026-07-22 04:47:21  INFO      main  [ShoqPK] Found 0 channels
2026-07-22 04:47:21  INFO      main  [Tamasha] Found 0 channels
2026-07-22 04:47:21  INFO      main  Total unique channels after merge: 0
2026-07-22 04:47:21  INFO      main  Validating 0 channels…
2026-07-22 04:47:21  INFO      main  Validation complete: 0 live, 0 dead (removed)
2026-07-22 04:47:21  INFO      main  Diff → +0 new, -0 removed
2026-07-22 04:47:21  INFO      main  Saved 0 channels → output/
2026-07-22 04:47:21  INFO      main  Scrape cycle complete.
2026-07-22 07:35:08  INFO      main  ============================================================
2026-07-22 07:35:08  INFO      main  Scrape cycle started at 2026-07-22 07:35:08
2026-07-22 07:35:08  INFO      main  [Tamasha] Starting scrape…
2026-07-22 07:35:08  INFO      main  [Tapmad] Starting scrape…
2026-07-22 07:35:08  INFO      main  [MyCo] Starting scrape…
2026-07-22 07:35:08  INFO      main  [ShoqPK] Starting scrape…
2026-07-22 07:35:08  INFO      main  [Tapmad] Found 0 channels
2026-07-22 07:35:08  INFO      main  [MyCo] Found 0 channels
2026-07-22 07:35:08  INFO      main  [Tamasha] Found 0 channels
2026-07-22 07:35:08  INFO      main  [ShoqPK] Found 0 channels
2026-07-22 07:35:08  INFO      main  Total unique channels after merge: 0
2026-07-22 07:35:08  INFO      main  Validating 0 channels…
2026-07-22 07:35:08  INFO      main  Validation complete: 0 live, 0 dead (removed)
2026-07-22 07:35:08  INFO      main  Diff → +0 new, -0 removed
2026-07-22 07:35:08  INFO      main  Saved 0 channels → output/
2026-07-22 07:35:08  INFO      main  Scrape cycle complete.
2026-07-22 10:26:50  INFO      main  ============================================================
2026-07-22 10:26:50  INFO      main  Scrape cycle started at 2026-07-22 10:26:50
2026-07-22 10:26:50  INFO      main  [Tamasha] Starting scrape…
2026-07-22 10:26:50  INFO      main  [Tapmad] Starting scrape…
2026-07-22 10:26:50  INFO      main  [MyCo] Starting scrape…
2026-07-22 10:26:50  INFO      main  [ShoqPK] Starting scrape…
2026-07-22 10:26:50  INFO      main  [Tapmad] Found 0 channels
2026-07-22 10:26:50  INFO      main  [MyCo] Found 0 channels
2026-07-22 10:26:50  INFO      main  [ShoqPK] Found 0 channels
2026-07-22 10:26:50  INFO      main  [Tamasha] Found 0 channels
2026-07-22 10:26:50  INFO      main  Total unique channels after merge: 0
2026-07-22 10:26:50  INFO      main  Validating 0 channels…
2026-07-22 10:26:50  INFO      main  Validation complete: 0 live, 0 dead (removed)
2026-07-22 10:26:50  INFO      main  Diff → +0 new, -0 removed
2026-07-22 10:26:50  INFO      main  Saved 0 channels → output/
2026-07-22 10:26:50  INFO      main  Scrape cycle complete.
2026-07-22 12:12:43  INFO      main  ============================================================
2026-07-22 12:12:43  INFO      main  Scrape cycle started at 2026-07-22 12:12:43
2026-07-22 12:12:43  INFO      main  [Tamasha] Starting scrape…
2026-07-22 12:12:43  INFO      main  [Tapmad] Starting scrape…
2026-07-22 12:12:43  INFO      main  [MyCo] Starting scrape…
2026-07-22 12:12:43  INFO      main  [ShoqPK] Starting scrape…
2026-07-22 12:12:43  INFO      main  [MyCo] Found 0 channels
2026-07-22 12:12:43  INFO      main  [Tapmad] Found 0 channels
2026-07-22 12:12:43  INFO      main  [ShoqPK] Found 0 channels
2026-07-22 12:12:44  INFO      main  [Tamasha] Found 0 channels
2026-07-22 12:12:44  INFO      main  Total unique channels after merge: 0
2026-07-22 12:12:44  INFO      main  Validating 0 channels…
2026-07-22 12:12:44  INFO      main  Validation complete: 0 live, 0 dead (removed)
2026-07-22 12:12:44  INFO      main  Diff → +0 new, -0 removed
2026-07-22 12:12:44  INFO      main  Saved 0 channels → output/
2026-07-22 12:12:44  INFO      main  Scrape cycle complete.
2026-07-22 14:35:04  INFO      main  ============================================================
2026-07-22 14:35:04  INFO      main  Scrape cycle started at 2026-07-22 14:35:04
2026-07-22 14:35:04  INFO      main  [Tamasha] Starting scrape…
2026-07-22 14:35:04  INFO      main  [Tapmad] Starting scrape…
2026-07-22 14:35:04  INFO      main  [MyCo] Starting scrape…
2026-07-22 14:35:04  INFO      main  [ShoqPK] Starting scrape…
2026-07-22 14:35:04  INFO      main  [Tapmad] Found 0 channels
2026-07-22 14:35:04  INFO      main  [Tamasha] Found 0 channels
2026-07-22 14:35:04  INFO      main  [MyCo] Found 0 channels
2026-07-22 14:35:04  INFO      main  [ShoqPK] Found 0 channels
2026-07-22 14:35:04  INFO      main  Total unique channels after merge: 0
2026-07-22 14:35:04  INFO      main  Validating 0 channels…
2026-07-22 14:35:04  INFO      main  Validation complete: 0 live, 0 dead (removed)
2026-07-22 14:35:04  INFO      main  Diff → +0 new, -0 removed
2026-07-22 14:35:04  INFO      main  Saved 0 channels → output/
2026-07-22 14:35:04  INFO      main  Scrape cycle complete.
2026-07-22 16:21:04  INFO      main  ============================================================
2026-07-22 16:21:04  INFO      main  Scrape cycle started at 2026-07-22 16:21:04
2026-07-22 16:21:04  INFO      main  [Tamasha] Starting scrape…
2026-07-22 16:21:04  INFO      main  [Tapmad] Starting scrape…
2026-07-22 16:21:04  INFO      main  [MyCo] Starting scrape…
2026-07-22 16:21:04  INFO      main  [ShoqPK] Starting scrape…
2026-07-22 16:21:04  INFO      main  [MyCo] Found 0 channels
2026-07-22 16:21:04  INFO      main  [Tapmad] Found 0 channels
2026-07-22 16:21:05  INFO      main  [Tamasha] Found 0 channels
2026-07-22 16:21:05  INFO      main  [ShoqPK] Found 0 channels
2026-07-22 16:21:05  INFO      main  Total unique channels after merge: 0
2026-07-22 16:21:05  INFO      main  Validating 0 channels…
2026-07-22 16:21:05  INFO      main  Validation complete: 0 live, 0 dead (removed)
2026-07-22 16:21:05  INFO      main  Diff → +0 new, -0 removed
2026-07-22 16:21:05  INFO      main  Saved 0 channels → output/
2026-07-22 16:21:05  INFO      main  Scrape cycle complete.
2026-07-22 17:49:00  INFO      main  ============================================================
2026-07-22 17:49:00  INFO      main  Scrape cycle started at 2026-07-22 17:49:00
2026-07-22 17:49:00  INFO      main  [Tamasha] Starting scrape…
2026-07-22 17:49:00  INFO      main  [Tapmad] Starting scrape…
2026-07-22 17:49:00  INFO      main  [MyCo] Starting scrape…
2026-07-22 17:49:00  INFO      main  [ShoqPK] Starting scrape…
2026-07-22 17:49:00  INFO      main  [MyCo] Found 0 channels
2026-07-22 17:49:00  INFO      main  [Tapmad] Found 0 channels
2026-07-22 17:49:00  INFO      main  [ShoqPK] Found 0 channels
2026-07-22 17:49:00  INFO      main  [Tamasha] Found 0 channels
2026-07-22 17:49:00  INFO      main  Total unique channels after merge: 0
2026-07-22 17:49:00  INFO      main  Validating 0 channels…
2026-07-22 17:49:00  INFO      main  Validation complete: 0 live, 0 dead (removed)
2026-07-22 17:49:00  INFO      main  Diff → +0 new, -0 removed
2026-07-22 17:49:00  INFO      main  Saved 0 channels → output/
2026-07-22 17:49:00  INFO      main  Scrape cycle complete.
2026-07-22 19:24:01  INFO      main  ============================================================
2026-07-22 19:24:01  INFO      main  Scrape cycle started at 2026-07-22 19:24:01
2026-07-22 19:24:01  INFO      main  [Tamasha] Starting scrape…
2026-07-22 19:24:01  INFO      main  [Tapmad] Starting scrape…
2026-07-22 19:24:01  INFO      main  [MyCo] Starting scrape…
2026-07-22 19:24:01  INFO      main  [ShoqPK] Starting scrape…
2026-07-22 19:24:01  INFO      main  [MyCo] Found 0 channels
2026-07-22 19:24:01  INFO      main  [Tapmad] Found 0 channels
2026-07-22 19:24:01  INFO      main  [Tamasha] Found 0 channels
2026-07-22 19:24:01  INFO      main  [ShoqPK] Found 0 channels
2026-07-22 19:24:01  INFO      main  Total unique channels after merge: 0
2026-07-22 19:24:01  INFO      main  Validating 0 channels…
2026-07-22 19:24:01  INFO      main  Validation complete: 0 live, 0 dead (removed)
2026-07-22 19:24:01  INFO      main  Diff → +0 new, -0 removed
2026-07-22 19:24:01  INFO      main  Saved 0 channels → output/
2026-07-22 19:24:01  INFO      main  Scrape cycle complete.
2026-07-22 20:38:50  INFO      main  ============================================================
2026-07-22 20:38:50  INFO      main  Scrape cycle started at 2026-07-22 20:38:50
2026-07-22 20:38:50  INFO      main  [Tamasha] Starting scrape…
2026-07-22 20:38:50  INFO      main  [Tapmad] Starting scrape…
2026-07-22 20:38:50  INFO      main  [MyCo] Starting scrape…
2026-07-22 20:38:50  INFO      main  [ShoqPK] Starting scrape…
2026-07-22 20:38:50  INFO      main  [Tapmad] Found 0 channels
2026-07-22 20:38:50  INFO      main  [MyCo] Found 0 channels
2026-07-22 20:38:50  INFO      main  [ShoqPK] Found 0 channels
2026-07-22 20:38:51  INFO      main  [Tamasha] Found 0 channels
2026-07-22 20:38:51  INFO      main  Total unique channels after merge: 0
2026-07-22 20:38:51  INFO      main  Validating 0 channels…
2026-07-22 20:38:51  INFO      main  Validation complete: 0 live, 0 dead (removed)
2026-07-22 20:38:51  INFO      main  Diff → +0 new, -0 removed
2026-07-22 20:38:51  INFO      main  Saved 0 channels → output/
2026-07-22 20:38:51  INFO      main  Scrape cycle complete.
2026-07-22 22:04:59  INFO      main  ============================================================
2026-07-22 22:04:59  INFO      main  Scrape cycle started at 2026-07-22 22:04:59
2026-07-22 22:04:59  INFO      main  [Tamasha] Starting scrape…
2026-07-22 22:04:59  INFO      main  [Tapmad] Starting scrape…
2026-07-22 22:04:59  INFO      main  [MyCo] Starting scrape…
2026-07-22 22:04:59  INFO      main  [ShoqPK] Starting scrape…
2026-07-22 22:04:59  INFO      main  [MyCo] Found 0 channels
2026-07-22 22:04:59  INFO      main  [Tapmad] Found 0 channels
2026-07-22 22:04:59  INFO      main  [ShoqPK] Found 0 channels
2026-07-22 22:05:00  INFO      main  [Tamasha] Found 0 channels
2026-07-22 22:05:00  INFO      main  Total unique channels after merge: 0
2026-07-22 22:05:00  INFO      main  Validating 0 channels…
2026-07-22 22:05:00  INFO      main  Validation complete: 0 live, 0 dead (removed)
2026-07-22 22:05:00  INFO      main  Diff → +0 new, -0 removed
2026-07-22 22:05:00  INFO      main  Saved 0 channels → output/
2026-07-22 22:05:00  INFO      main  Scrape cycle complete.
2026-07-22 23:30:32  INFO      main  ============================================================
2026-07-22 23:30:32  INFO      main  Scrape cycle started at 2026-07-22 23:30:32
2026-07-22 23:30:32  INFO      main  [Tamasha] Starting scrape…
2026-07-22 23:30:32  INFO      main  [Tapmad] Starting scrape…
2026-07-22 23:30:32  INFO      main  [MyCo] Starting scrape…
2026-07-22 23:30:32  INFO      main  [ShoqPK] Starting scrape…
2026-07-22 23:30:32  INFO      main  [Tapmad] Found 0 channels
2026-07-22 23:30:32  INFO      main  [MyCo] Found 0 channels
2026-07-22 23:30:32  INFO      main  [ShoqPK] Found 0 channels
2026-07-22 23:30:33  INFO      main  [Tamasha] Found 0 channels
2026-07-22 23:30:33  INFO      main  Total unique channels after merge: 0
2026-07-22 23:30:33  INFO      main  Validating 0 channels…
2026-07-22 23:30:33  INFO      main  Validation complete: 0 live, 0 dead (removed)
2026-07-22 23:30:33  INFO      main  Diff → +0 new, -0 removed
2026-07-22 23:30:33  INFO      main  Saved 0 channels → output/
2026-07-22 23:30:33  INFO      main  Scrape cycle complete.
2026-07-23 02:55:11  INFO      main  ============================================================
2026-07-23 02:55:11  INFO      main  Scrape cycle started at 2026-07-23 02:55:11
2026-07-23 02:55:11  INFO      main  [Tamasha] Starting scrape…
2026-07-23 02:55:11  INFO      main  [Tapmad] Starting scrape…
2026-07-23 02:55:11  INFO      main  [MyCo] Starting scrape…
2026-07-23 02:55:11  INFO      main  [ShoqPK] Starting scrape…
2026-07-23 02:55:11  INFO      main  [MyCo] Found 0 channels
2026-07-23 02:55:11  INFO      main  [Tapmad] Found 0 channels
2026-07-23 02:55:12  INFO      main  [ShoqPK] Found 0 channels
2026-07-23 02:55:12  INFO      main  [Tamasha] Found 0 channels
2026-07-23 02:55:12  INFO      main  Total unique channels after merge: 0
2026-07-23 02:55:12  INFO      main  Validating 0 channels…
2026-07-23 02:55:12  INFO      main  Validation complete: 0 live, 0 dead (removed)
2026-07-23 02:55:12  INFO      main  Diff → +0 new, -0 removed
2026-07-23 02:55:12  INFO      main  Saved 0 channels → output/
2026-07-23 02:55:12  INFO      main  Scrape cycle complete.
2026-07-23 05:57:02  INFO      main  ============================================================
2026-07-23 05:57:02  INFO      main  Scrape cycle started at 2026-07-23 05:57:02
2026-07-23 05:57:02  INFO      main  [Tamasha] Starting scrape…
2026-07-23 05:57:02  INFO      main  [Tapmad] Starting scrape…
2026-07-23 05:57:02  INFO      main  [MyCo] Starting scrape…
2026-07-23 05:57:02  INFO      main  [ShoqPK] Starting scrape…
2026-07-23 05:57:02  INFO      main  [Tapmad] Found 0 channels
2026-07-23 05:57:02  INFO      main  [MyCo] Found 0 channels
2026-07-23 05:57:03  INFO      main  [Tamasha] Found 0 channels
2026-07-23 05:57:03  INFO      main  [ShoqPK] Found 0 channels
2026-07-23 05:57:03  INFO      main  Total unique channels after merge: 0
2026-07-23 05:57:03  INFO      main  Validating 0 channels…
2026-07-23 05:57:03  INFO      main  Validation complete: 0 live, 0 dead (removed)
2026-07-23 05:57:03  INFO      main  Diff → +0 new, -0 removed
2026-07-23 05:57:03  INFO      main  Saved 0 channels → output/
2026-07-23 05:57:03  INFO      main  Scrape cycle complete.
2026-07-23 08:40:59  INFO      main  ============================================================
2026-07-23 08:40:59  INFO      main  Scrape cycle started at 2026-07-23 08:40:59
2026-07-23 08:40:59  INFO      main  [Tamasha] Starting scrape…
2026-07-23 08:40:59  INFO      main  [Tapmad] Starting scrape…
2026-07-23 08:40:59  INFO      main  [MyCo] Starting scrape…
2026-07-23 08:40:59  INFO      main  [ShoqPK] Starting scrape…
2026-07-23 08:40:59  INFO      main  [MyCo] Found 0 channels
2026-07-23 08:40:59  INFO      main  [Tapmad] Found 0 channels
2026-07-23 08:40:59  INFO      main  [ShoqPK] Found 0 channels
2026-07-23 08:41:00  INFO      main  [Tamasha] Found 0 channels
2026-07-23 08:41:00  INFO      main  Total unique channels after merge: 0
2026-07-23 08:41:00  INFO      main  Validating 0 channels…
2026-07-23 08:41:00  INFO      main  Validation complete: 0 live, 0 dead (removed)
2026-07-23 08:41:00  INFO      main  Diff → +0 new, -0 removed
2026-07-23 08:41:00  INFO      main  Saved 0 channels → output/
2026-07-23 08:41:00  INFO      main  Scrape cycle complete.
2026-07-23 11:12:29  INFO      main  ============================================================
2026-07-23 11:12:29  INFO      main  Scrape cycle started at 2026-07-23 11:12:29
2026-07-23 11:12:29  INFO      main  [Tamasha] Starting scrape…
2026-07-23 11:12:29  INFO      main  [Tapmad] Starting scrape…
2026-07-23 11:12:29  INFO      main  [MyCo] Starting scrape…
2026-07-23 11:12:29  INFO      main  [ShoqPK] Starting scrape…
2026-07-23 11:12:30  INFO      main  [Tapmad] Found 0 channels
2026-07-23 11:12:30  INFO      main  [Tamasha] Found 0 channels
2026-07-23 11:12:30  INFO      main  [MyCo] Found 0 channels
2026-07-23 11:12:30  INFO      main  [ShoqPK] Found 0 channels
2026-07-23 11:12:30  INFO      main  Total unique channels after merge: 0
2026-07-23 11:12:30  INFO      main  Validating 0 channels…
2026-07-23 11:12:30  INFO      main  Validation complete: 0 live, 0 dead (removed)
2026-07-23 11:12:30  INFO      main  Diff → +0 new, -0 removed
2026-07-23 11:12:30  INFO      main  Saved 0 channels → output/
2026-07-23 11:12:30  INFO      main  Scrape cycle complete.
2026-07-23 13:01:25  INFO      main  ============================================================
2026-07-23 13:01:25  INFO      main  Scrape cycle started at 2026-07-23 13:01:25
2026-07-23 13:01:25  INFO      main  [Tamasha] Starting scrape…
2026-07-23 13:01:25  INFO      main  [Tapmad] Starting scrape…
2026-07-23 13:01:25  INFO      main  [MyCo] Starting scrape…
2026-07-23 13:01:25  INFO      main  [ShoqPK] Starting scrape…
2026-07-23 13:01:25  INFO      main  [Tapmad] Found 0 channels
2026-07-23 13:01:25  INFO      main  [ShoqPK] Found 0 channels
2026-07-23 13:01:25  INFO      main  [MyCo] Found 0 channels
2026-07-23 13:01:25  INFO      main  [Tamasha] Found 0 channels
2026-07-23 13:01:25  INFO      main  Total unique channels after merge: 0
2026-07-23 13:01:25  INFO      main  Validating 0 channels…
2026-07-23 13:01:25  INFO      main  Validation complete: 0 live, 0 dead (removed)
2026-07-23 13:01:25  INFO      main  Diff → +0 new, -0 removed
2026-07-23 13:01:25  INFO      main  Saved 0 channels → output/
2026-07-23 13:01:25  INFO      main  Scrape cycle complete.
2026-07-23 15:31:29  INFO      main  ============================================================
2026-07-23 15:31:29  INFO      main  Scrape cycle started at 2026-07-23 15:31:29
2026-07-23 15:31:29  INFO      main  [Tamasha] Starting scrape…
2026-07-23 15:31:29  INFO      main  [Tapmad] Starting scrape…
2026-07-23 15:31:29  INFO      main  [MyCo] Starting scrape…
2026-07-23 15:31:29  INFO      main  [ShoqPK] Starting scrape…
2026-07-23 15:31:29  INFO      main  [Tapmad] Found 0 channels
2026-07-23 15:31:29  INFO      main  [MyCo] Found 0 channels
2026-07-23 15:31:29  INFO      main  [ShoqPK] Found 0 channels
2026-07-23 15:31:29  INFO      main  [Tamasha] Found 0 channels
2026-07-23 15:31:29  INFO      main  Total unique channels after merge: 0
2026-07-23 15:31:29  INFO      main  Validating 0 channels…
2026-07-23 15:31:29  INFO      main  Validation complete: 0 live, 0 dead (removed)
2026-07-23 15:31:29  INFO      main  Diff → +0 new, -0 removed
2026-07-23 15:31:29  INFO      main  Saved 0 channels → output/
2026-07-23 15:31:29  INFO      main  Scrape cycle complete.
2026-07-23 17:24:47  INFO      main  ============================================================
2026-07-23 17:24:47  INFO      main  Scrape cycle started at 2026-07-23 17:24:47
2026-07-23 17:24:47  INFO      main  [Tamasha] Starting scrape…
2026-07-23 17:24:47  INFO      main  [Tapmad] Starting scrape…
2026-07-23 17:24:47  INFO      main  [MyCo] Starting scrape…
2026-07-23 17:24:47  INFO      main  [ShoqPK] Starting scrape…
2026-07-23 17:24:47  INFO      main  [MyCo] Found 0 channels
2026-07-23 17:24:47  INFO      main  [Tapmad] Found 0 channels
2026-07-23 17:24:47  INFO      main  [Tamasha] Found 0 channels
2026-07-23 17:24:47  INFO      main  [ShoqPK] Found 0 channels
2026-07-23 17:24:47  INFO      main  Total unique channels after merge: 0
2026-07-23 17:24:47  INFO      main  Validating 0 channels…
2026-07-23 17:24:47  INFO      main  Validation complete: 0 live, 0 dead (removed)
2026-07-23 17:24:47  INFO      main  Diff → +0 new, -0 removed
2026-07-23 17:24:47  INFO      main  Saved 0 channels → output/
2026-07-23 17:24:47  INFO      main  Scrape cycle complete.
2026-07-23 18:46:03  INFO      main  ============================================================
2026-07-23 18:46:03  INFO      main  Scrape cycle started at 2026-07-23 18:46:03
2026-07-23 18:46:03  INFO      main  [Tamasha] Starting scrape…
2026-07-23 18:46:03  INFO      main  [Tapmad] Starting scrape…
2026-07-23 18:46:03  INFO      main  [MyCo] Starting scrape…
2026-07-23 18:46:03  INFO      main  [ShoqPK] Starting scrape…
2026-07-23 18:46:03  INFO      main  [MyCo] Found 0 channels
2026-07-23 18:46:03  INFO      main  [Tapmad] Found 0 channels
2026-07-23 18:46:03  INFO      main  [ShoqPK] Found 0 channels
2026-07-23 18:46:03  INFO      main  [Tamasha] Found 0 channels
2026-07-23 18:46:03  INFO      main  Total unique channels after merge: 0
2026-07-23 18:46:03  INFO      main  Validating 0 channels…
2026-07-23 18:46:03  INFO      main  Validation complete: 0 live, 0 dead (removed)
2026-07-23 18:46:03  INFO      main  Diff → +0 new, -0 removed
2026-07-23 18:46:03  INFO      main  Saved 0 channels → output/
2026-07-23 18:46:03  INFO      main  Scrape cycle complete.
2026-07-23 20:14:20  INFO      main  ============================================================
2026-07-23 20:14:20  INFO      main  Scrape cycle started at 2026-07-23 20:14:20
2026-07-23 20:14:20  INFO      main  [Tamasha] Starting scrape…
2026-07-23 20:14:20  INFO      main  [Tapmad] Starting scrape…
2026-07-23 20:14:20  INFO      main  [MyCo] Starting scrape…
2026-07-23 20:14:20  INFO      main  [ShoqPK] Starting scrape…
2026-07-23 20:14:21  INFO      main  [MyCo] Found 0 channels
2026-07-23 20:14:21  INFO      main  [Tapmad] Found 0 channels
2026-07-23 20:14:21  INFO      main  [ShoqPK] Found 0 channels
2026-07-23 20:14:21  INFO      main  [Tamasha] Found 0 channels
2026-07-23 20:14:21  INFO      main  Total unique channels after merge: 0
2026-07-23 20:14:21  INFO      main  Validating 0 channels…
2026-07-23 20:14:21  INFO      main  Validation complete: 0 live, 0 dead (removed)
2026-07-23 20:14:21  INFO      main  Diff → +0 new, -0 removed
2026-07-23 20:14:21  INFO      main  Saved 0 channels → output/
2026-07-23 20:14:21  INFO      main  Scrape cycle complete.
2026-07-23 21:35:16  INFO      main  ============================================================
2026-07-23 21:35:16  INFO      main  Scrape cycle started at 2026-07-23 21:35:16
2026-07-23 21:35:16  INFO      main  [Tamasha] Starting scrape…
2026-07-23 21:35:16  INFO      main  [Tapmad] Starting scrape…
2026-07-23 21:35:16  INFO      main  [MyCo] Starting scrape…
2026-07-23 21:35:16  INFO      main  [ShoqPK] Starting scrape…
2026-07-23 21:35:16  INFO      main  [Tapmad] Found 0 channels
2026-07-23 21:35:16  INFO      main  [MyCo] Found 0 channels
2026-07-23 21:35:16  INFO      main  [ShoqPK] Found 0 channels
2026-07-23 21:35:16  INFO      main  [Tamasha] Found 0 channels
2026-07-23 21:35:16  INFO      main  Total unique channels after merge: 0
2026-07-23 21:35:16  INFO      main  Validating 0 channels…
2026-07-23 21:35:16  INFO      main  Validation complete: 0 live, 0 dead (removed)
2026-07-23 21:35:16  INFO      main  Diff → +0 new, -0 removed
2026-07-23 21:35:16  INFO      main  Saved 0 channels → output/
2026-07-23 21:35:16  INFO      main  Scrape cycle complete.
2026-07-23 22:57:54  INFO      main  ============================================================
2026-07-23 22:57:54  INFO      main  Scrape cycle started at 2026-07-23 22:57:54
2026-07-23 22:57:54  INFO      main  [Tamasha] Starting scrape…
2026-07-23 22:57:54  INFO      main  [Tapmad] Starting scrape…
2026-07-23 22:57:54  INFO      main  [MyCo] Starting scrape…
2026-07-23 22:57:54  INFO      main  [ShoqPK] Starting scrape…
2026-07-23 22:57:54  INFO      main  [Tapmad] Found 0 channels
2026-07-23 22:57:54  INFO      main  [MyCo] Found 0 channels
2026-07-23 22:57:55  INFO      main  [ShoqPK] Found 0 channels
2026-07-23 22:57:55  INFO      main  [Tamasha] Found 0 channels
2026-07-23 22:57:55  INFO      main  Total unique channels after merge: 0
2026-07-23 22:57:55  INFO      main  Validating 0 channels…
2026-07-23 22:57:55  INFO      main  Validation complete: 0 live, 0 dead (removed)
2026-07-23 22:57:55  INFO      main  Diff → +0 new, -0 removed
2026-07-23 22:57:55  INFO      main  Saved 0 channels → output/
2026-07-23 22:57:55  INFO      main  Scrape cycle complete.
2026-07-24 00:06:14  INFO      main  ============================================================
2026-07-24 00:06:14  INFO      main  Scrape cycle started at 2026-07-24 00:06:14
2026-07-24 00:06:14  INFO      main  [Tamasha] Starting scrape…
2026-07-24 00:06:14  INFO      main  [Tapmad] Starting scrape…
2026-07-24 00:06:14  INFO      main  [MyCo] Starting scrape…
2026-07-24 00:06:14  INFO      main  [ShoqPK] Starting scrape…
2026-07-24 00:06:14  INFO      main  [MyCo] Found 0 channels
2026-07-24 00:06:14  INFO      main  [Tapmad] Found 0 channels
2026-07-24 00:06:14  INFO      main  [ShoqPK] Found 0 channels
2026-07-24 00:06:14  INFO      main  [Tamasha] Found 0 channels
2026-07-24 00:06:14  INFO      main  Total unique channels after merge: 0
2026-07-24 00:06:14  INFO      main  Validating 0 channels…
2026-07-24 00:06:14  INFO      main  Validation complete: 0 live, 0 dead (removed)
2026-07-24 00:06:14  INFO      main  Diff → +0 new, -0 removed
2026-07-24 00:06:14  INFO      main  Saved 0 channels → output/
2026-07-24 00:06:14  INFO      main  Scrape cycle complete.
2026-07-24 03:53:31  INFO      main  ============================================================
2026-07-24 03:53:31  INFO      main  Scrape cycle started at 2026-07-24 03:53:31
2026-07-24 03:53:31  INFO      main  [Tamasha] Starting scrape…
2026-07-24 03:53:31  INFO      main  [Tapmad] Starting scrape…
2026-07-24 03:53:31  INFO      main  [MyCo] Starting scrape…
2026-07-24 03:53:31  INFO      main  [ShoqPK] Starting scrape…
2026-07-24 03:53:31  INFO      main  [MyCo] Found 0 channels
2026-07-24 03:53:31  INFO      main  [Tapmad] Found 0 channels
2026-07-24 03:53:32  INFO      main  [ShoqPK] Found 0 channels
2026-07-24 03:53:32  INFO      main  [Tamasha] Found 0 channels
2026-07-24 03:53:32  INFO      main  Total unique channels after merge: 0
2026-07-24 03:53:32  INFO      main  Validating 0 channels…
2026-07-24 03:53:32  INFO      main  Validation complete: 0 live, 0 dead (removed)
2026-07-24 03:53:32  INFO      main  Diff → +0 new, -0 removed
2026-07-24 03:53:32  INFO      main  Saved 0 channels → output/
2026-07-24 03:53:32  INFO      main  Scrape cycle complete.
2026-07-24 06:27:37  INFO      main  ============================================================
2026-07-24 06:27:37  INFO      main  Scrape cycle started at 2026-07-24 06:27:37
2026-07-24 06:27:37  INFO      main  [Tamasha] Starting scrape…
2026-07-24 06:27:37  INFO      main  [Tapmad] Starting scrape…
2026-07-24 06:27:37  INFO      main  [MyCo] Starting scrape…
2026-07-24 06:27:37  INFO      main  [ShoqPK] Starting scrape…
2026-07-24 06:27:37  INFO      main  [MyCo] Found 0 channels
2026-07-24 06:27:37  INFO      main  [Tapmad] Found 0 channels
2026-07-24 06:27:38  INFO      main  [ShoqPK] Found 0 channels
2026-07-24 06:27:38  INFO      main  [Tamasha] Found 0 channels
2026-07-24 06:27:38  INFO      main  Total unique channels after merge: 0
2026-07-24 06:27:38  INFO      main  Validating 0 channels…
2026-07-24 06:27:38  INFO      main  Validation complete: 0 live, 0 dead (removed)
2026-07-24 06:27:38  INFO      main  Diff → +0 new, -0 removed
2026-07-24 06:27:38  INFO      main  Saved 0 channels → output/
2026-07-24 06:27:38  INFO      main  Scrape cycle complete.
2026-07-24 09:04:43  INFO      main  ============================================================
2026-07-24 09:04:43  INFO      main  Scrape cycle started at 2026-07-24 09:04:43
2026-07-24 09:04:43  INFO      main  [Tamasha] Starting scrape…
2026-07-24 09:04:43  INFO      main  [Tapmad] Starting scrape…
2026-07-24 09:04:43  INFO      main  [MyCo] Starting scrape…
2026-07-24 09:04:43  INFO      main  [ShoqPK] Starting scrape…
2026-07-24 09:04:43  INFO      main  [Tapmad] Found 0 channels
2026-07-24 09:04:43  INFO      main  [ShoqPK] Found 0 channels
2026-07-24 09:04:43  INFO      main  [MyCo] Found 0 channels
2026-07-24 09:04:43  INFO      main  [Tamasha] Found 0 channels
2026-07-24 09:04:43  INFO      main  Total unique channels after merge: 0
2026-07-24 09:04:43  INFO      main  Validating 0 channels…
2026-07-24 09:04:43  INFO      main  Validation complete: 0 live, 0 dead (removed)
2026-07-24 09:04:43  INFO      main  Diff → +0 new, -0 removed
2026-07-24 09:04:43  INFO      main  Saved 0 channels → output/
2026-07-24 09:04:43  INFO      main  Scrape cycle complete.
2026-07-24 11:17:13  INFO      main  ============================================================
2026-07-24 11:17:13  INFO      main  Scrape cycle started at 2026-07-24 11:17:13
2026-07-24 11:17:13  INFO      main  [Tamasha] Starting scrape…
2026-07-24 11:17:13  INFO      main  [Tapmad] Starting scrape…
2026-07-24 11:17:13  INFO      main  [MyCo] Starting scrape…
2026-07-24 11:17:13  INFO      main  [ShoqPK] Starting scrape…
2026-07-24 11:17:13  INFO      main  [MyCo] Found 0 channels
2026-07-24 11:17:13  INFO      main  [Tapmad] Found 0 channels
2026-07-24 11:17:13  INFO      main  [ShoqPK] Found 0 channels
2026-07-24 11:17:14  INFO      main  [Tamasha] Found 0 channels
2026-07-24 11:17:14  INFO      main  Total unique channels after merge: 0
2026-07-24 11:17:14  INFO      main  Validating 0 channels…
2026-07-24 11:17:14  INFO      main  Validation complete: 0 live, 0 dead (removed)
2026-07-24 11:17:14  INFO      main  Diff → +0 new, -0 removed
2026-07-24 11:17:14  INFO      main  Saved 0 channels → output/
2026-07-24 11:17:14  INFO      main  Scrape cycle complete.
2026-07-24 12:58:34  INFO      main  ============================================================
2026-07-24 12:58:34  INFO      main  Scrape cycle started at 2026-07-24 12:58:34
2026-07-24 12:58:34  INFO      main  [Tamasha] Starting scrape…
2026-07-24 12:58:34  INFO      main  [Tapmad] Starting scrape…
2026-07-24 12:58:34  INFO      main  [MyCo] Starting scrape…
2026-07-24 12:58:34  INFO      main  [ShoqPK] Starting scrape…
2026-07-24 12:58:34  INFO      main  [MyCo] Found 0 channels
2026-07-24 12:58:34  INFO      main  [Tapmad] Found 0 channels
2026-07-24 12:58:34  INFO      main  [ShoqPK] Found 0 channels
2026-07-24 12:58:35  INFO      main  [Tamasha] Found 0 channels
2026-07-24 12:58:35  INFO      main  Total unique channels after merge: 0
2026-07-24 12:58:35  INFO      main  Validating 0 channels…
2026-07-24 12:58:35  INFO      main  Validation complete: 0 live, 0 dead (removed)
2026-07-24 12:58:35  INFO      main  Diff → +0 new, -0 removed
2026-07-24 12:58:35  INFO      main  Saved 0 channels → output/
2026-07-24 12:58:35  INFO      main  Scrape cycle complete.
2026-07-24 15:02:02  INFO      main  ============================================================
2026-07-24 15:02:02  INFO      main  Scrape cycle started at 2026-07-24 15:02:02
2026-07-24 15:02:02  INFO      main  [Tamasha] Starting scrape…
2026-07-24 15:02:02  INFO      main  [Tapmad] Starting scrape…
2026-07-24 15:02:02  INFO      main  [MyCo] Starting scrape…
2026-07-24 15:02:02  INFO      main  [ShoqPK] Starting scrape…
2026-07-24 15:02:02  INFO      main  [MyCo] Found 0 channels
2026-07-24 15:02:02  INFO      main  [Tapmad] Found 0 channels
2026-07-24 15:02:02  INFO      main  [ShoqPK] Found 0 channels
2026-07-24 15:02:03  INFO      main  [Tamasha] Found 0 channels
2026-07-24 15:02:03  INFO      main  Total unique channels after merge: 0
2026-07-24 15:02:03  INFO      main  Validating 0 channels…
2026-07-24 15:02:03  INFO      main  Validation complete: 0 live, 0 dead (removed)
2026-07-24 15:02:03  INFO      main  Diff → +0 new, -0 removed
2026-07-24 15:02:03  INFO      main  Saved 0 channels → output/
2026-07-24 15:02:03  INFO      main  Scrape cycle complete.
2026-07-24 17:05:41  INFO      main  ============================================================
2026-07-24 17:05:41  INFO      main  Scrape cycle started at 2026-07-24 17:05:41
2026-07-24 17:05:41  INFO      main  [Tamasha] Starting scrape…
2026-07-24 17:05:41  INFO      main  [Tapmad] Starting scrape…
2026-07-24 17:05:41  INFO      main  [MyCo] Starting scrape…
2026-07-24 17:05:41  INFO      main  [ShoqPK] Starting scrape…
2026-07-24 17:05:41  INFO      main  [MyCo] Found 0 channels
2026-07-24 17:05:41  INFO      main  [Tapmad] Found 0 channels
2026-07-24 17:05:42  INFO      main  [Tamasha] Found 0 channels
2026-07-24 17:05:42  INFO      main  [ShoqPK] Found 0 channels
2026-07-24 17:05:42  INFO      main  Total unique channels after merge: 0
2026-07-24 17:05:42  INFO      main  Validating 0 channels…
2026-07-24 17:05:42  INFO      main  Validation complete: 0 live, 0 dead (removed)
2026-07-24 17:05:42  INFO      main  Diff → +0 new, -0 removed
2026-07-24 17:05:42  INFO      main  Saved 0 channels → output/
2026-07-24 17:05:42  INFO      main  Scrape cycle complete.
2026-07-24 18:58:23  INFO      main  ============================================================
2026-07-24 18:58:23  INFO      main  Scrape cycle started at 2026-07-24 18:58:23
2026-07-24 18:58:23  INFO      main  [Tamasha] Starting scrape…
2026-07-24 18:58:23  INFO      main  [Tapmad] Starting scrape…
2026-07-24 18:58:23  INFO      main  [MyCo] Starting scrape…
2026-07-24 18:58:23  INFO      main  [ShoqPK] Starting scrape…
2026-07-24 18:58:23  INFO      main  [Tapmad] Found 0 channels
2026-07-24 18:58:23  INFO      main  [MyCo] Found 0 channels
2026-07-24 18:58:23  INFO      main  [ShoqPK] Found 0 channels
2026-07-24 18:58:23  INFO      main  [Tamasha] Found 0 channels
2026-07-24 18:58:23  INFO      main  Total unique channels after merge: 0
2026-07-24 18:58:23  INFO      main  Validating 0 channels…
2026-07-24 18:58:23  INFO      main  Validation complete: 0 live, 0 dead (removed)
2026-07-24 18:58:23  INFO      main  Diff → +0 new, -0 removed
2026-07-24 18:58:23  INFO      main  Saved 0 channels → output/
2026-07-24 18:58:23  INFO      main  Scrape cycle complete.
2026-07-24 20:26:12  INFO      main  ============================================================
2026-07-24 20:26:12  INFO      main  Scrape cycle started at 2026-07-24 20:26:12
2026-07-24 20:26:12  INFO      main  [Tamasha] Starting scrape…
2026-07-24 20:26:12  INFO      main  [Tapmad] Starting scrape…
2026-07-24 20:26:12  INFO      main  [MyCo] Starting scrape…
2026-07-24 20:26:12  INFO      main  [ShoqPK] Starting scrape…
2026-07-24 20:26:12  INFO      main  [Tapmad] Found 0 channels
2026-07-24 20:26:13  INFO      main  [Tamasha] Found 0 channels
2026-07-24 20:26:13  INFO      main  [ShoqPK] Found 0 channels
2026-07-24 20:26:16  INFO      main  [MyCo] Found 0 channels
2026-07-24 20:26:16  INFO      main  Total unique channels after merge: 0
2026-07-24 20:26:16  INFO      main  Validating 0 channels…
2026-07-24 20:26:16  INFO      main  Validation complete: 0 live, 0 dead (removed)
2026-07-24 20:26:16  INFO      main  Diff → +0 new, -0 removed
2026-07-24 20:26:16  INFO      main  Saved 0 channels → output/
2026-07-24 20:26:16  INFO      main  Scrape cycle complete.
2026-07-24 21:38:49  INFO      main  ============================================================
2026-07-24 21:38:49  INFO      main  Scrape cycle started at 2026-07-24 21:38:49
2026-07-24 21:38:49  INFO      main  [Tamasha] Starting scrape…
2026-07-24 21:38:49  INFO      main  [Tapmad] Starting scrape…
2026-07-24 21:38:49  INFO      main  [MyCo] Starting scrape…
2026-07-24 21:38:49  INFO      main  [ShoqPK] Starting scrape…
2026-07-24 21:38:49  INFO      main  [MyCo] Found 0 channels
2026-07-24 21:38:49  INFO      main  [Tapmad] Found 0 channels
2026-07-24 21:38:49  INFO      main  [ShoqPK] Found 0 channels
2026-07-24 21:38:49  INFO      main  [Tamasha] Found 0 channels
2026-07-24 21:38:49  INFO      main  Total unique channels after merge: 0
2026-07-24 21:38:49  INFO      main  Validating 0 channels…
2026-07-24 21:38:49  INFO      main  Validation complete: 0 live, 0 dead (removed)
2026-07-24 21:38:49  INFO      main  Diff → +0 new, -0 removed
2026-07-24 21:38:49  INFO      main  Saved 0 channels → output/
2026-07-24 21:38:49  INFO      main  Scrape cycle complete.
2026-07-24 23:03:09  INFO      main  ============================================================
2026-07-24 23:03:09  INFO      main  Scrape cycle started at 2026-07-24 23:03:09
2026-07-24 23:03:09  INFO      main  [Tamasha] Starting scrape…
2026-07-24 23:03:09  INFO      main  [Tapmad] Starting scrape…
2026-07-24 23:03:09  INFO      main  [MyCo] Starting scrape…
2026-07-24 23:03:09  INFO      main  [ShoqPK] Starting scrape…
2026-07-24 23:03:09  INFO      main  [MyCo] Found 0 channels
2026-07-24 23:03:09  INFO      main  [Tapmad] Found 0 channels
2026-07-24 23:03:10  INFO      main  [ShoqPK] Found 0 channels
2026-07-24 23:03:10  INFO      main  [Tamasha] Found 0 channels
2026-07-24 23:03:10  INFO      main  Total unique channels after merge: 0
2026-07-24 23:03:10  INFO      main  Validating 0 channels…
2026-07-24 23:03:10  INFO      main  Validation complete: 0 live, 0 dead (removed)
2026-07-24 23:03:10  INFO      main  Diff → +0 new, -0 removed
2026-07-24 23:03:10  INFO      main  Saved 0 channels → output/
2026-07-24 23:03:10  INFO      main  Scrape cycle complete.
2026-07-25 01:02:22  INFO      main  ============================================================
2026-07-25 01:02:22  INFO      main  Scrape cycle started at 2026-07-25 01:02:22
2026-07-25 01:02:22  INFO      main  [Tamasha] Starting scrape…
2026-07-25 01:02:22  INFO      main  [Tapmad] Starting scrape…
2026-07-25 01:02:22  INFO      main  [MyCo] Starting scrape…
2026-07-25 01:02:22  INFO      main  [ShoqPK] Starting scrape…
2026-07-25 01:02:22  INFO      main  [Tapmad] Found 0 channels
2026-07-25 01:02:22  INFO      main  [MyCo] Found 0 channels
2026-07-25 01:02:22  INFO      main  [ShoqPK] Found 0 channels
2026-07-25 01:02:22  INFO      main  [Tamasha] Found 0 channels
2026-07-25 01:02:22  INFO      main  Total unique channels after merge: 0
2026-07-25 01:02:22  INFO      main  Validating 0 channels…
2026-07-25 01:02:22  INFO      main  Validation complete: 0 live, 0 dead (removed)
2026-07-25 01:02:22  INFO      main  Diff → +0 new, -0 removed
2026-07-25 01:02:22  INFO      main  Saved 0 channels → output/
2026-07-25 01:02:22  INFO      main  Scrape cycle complete.
2026-07-25 04:44:47  INFO      main  ============================================================
2026-07-25 04:44:47  INFO      main  Scrape cycle started at 2026-07-25 04:44:47
2026-07-25 04:44:47  INFO      main  [Tamasha] Starting scrape…
2026-07-25 04:44:47  INFO      main  [Tapmad] Starting scrape…
2026-07-25 04:44:47  INFO      main  [MyCo] Starting scrape…
2026-07-25 04:44:47  INFO      main  [ShoqPK] Starting scrape…
2026-07-25 04:44:47  INFO      main  [MyCo] Found 0 channels
2026-07-25 04:44:48  INFO      main  [Tapmad] Found 0 channels
2026-07-25 04:44:48  INFO      main  [ShoqPK] Found 0 channels
2026-07-25 04:44:48  INFO      main  [Tamasha] Found 0 channels
2026-07-25 04:44:48  INFO      main  Total unique channels after merge: 0
2026-07-25 04:44:48  INFO      main  Validating 0 channels…
2026-07-25 04:44:48  INFO      main  Validation complete: 0 live, 0 dead (removed)
2026-07-25 04:44:48  INFO      main  Diff → +0 new, -0 removed
2026-07-25 04:44:48  INFO      main  Saved 0 channels → output/
2026-07-25 04:44:48  INFO      main  Scrape cycle complete.
2026-07-25 07:19:42  INFO      main  ============================================================
2026-07-25 07:19:42  INFO      main  Scrape cycle started at 2026-07-25 07:19:42
2026-07-25 07:19:42  INFO      main  [Tamasha] Starting scrape…
2026-07-25 07:19:42  INFO      main  [Tapmad] Starting scrape…
2026-07-25 07:19:42  INFO      main  [MyCo] Starting scrape…
2026-07-25 07:19:42  INFO      main  [ShoqPK] Starting scrape…
2026-07-25 07:19:42  INFO      main  [MyCo] Found 0 channels
2026-07-25 07:19:42  INFO      main  [Tapmad] Found 0 channels
2026-07-25 07:19:42  INFO      main  [Tamasha] Found 0 channels
2026-07-25 07:19:43  INFO      main  [ShoqPK] Found 0 channels
2026-07-25 07:19:43  INFO      main  Total unique channels after merge: 0
2026-07-25 07:19:43  INFO      main  Validating 0 channels…
2026-07-25 07:19:43  INFO      main  Validation complete: 0 live, 0 dead (removed)
2026-07-25 07:19:43  INFO      main  Diff → +0 new, -0 removed
2026-07-25 07:19:43  INFO      main  Saved 0 channels → output/
2026-07-25 07:19:43  INFO      main  Scrape cycle complete.
2026-07-25 09:18:04  INFO      main  ============================================================
2026-07-25 09:18:04  INFO      main  Scrape cycle started at 2026-07-25 09:18:04
2026-07-25 09:18:04  INFO      main  [Tamasha] Starting scrape…
2026-07-25 09:18:04  INFO      main  [Tapmad] Starting scrape…
2026-07-25 09:18:04  INFO      main  [MyCo] Starting scrape…
2026-07-25 09:18:04  INFO      main  [ShoqPK] Starting scrape…
2026-07-25 09:18:04  INFO      main  [Tapmad] Found 0 channels
2026-07-25 09:18:04  INFO      main  [MyCo] Found 0 channels
2026-07-25 09:18:04  INFO      main  [Tamasha] Found 0 channels
2026-07-25 09:18:04  INFO      main  [ShoqPK] Found 0 channels
2026-07-25 09:18:04  INFO      main  Total unique channels after merge: 0
2026-07-25 09:18:04  INFO      main  Validating 0 channels…
2026-07-25 09:18:04  INFO      main  Validation complete: 0 live, 0 dead (removed)
2026-07-25 09:18:04  INFO      main  Diff → +0 new, -0 removed
2026-07-25 09:18:04  INFO      main  Saved 0 channels → output/
2026-07-25 09:18:04  INFO      main  Scrape cycle complete.
2026-07-25 10:52:36  INFO      main  ============================================================
2026-07-25 10:52:36  INFO      main  Scrape cycle started at 2026-07-25 10:52:36
2026-07-25 10:52:36  INFO      main  [Tamasha] Starting scrape…
2026-07-25 10:52:36  INFO      main  [Tapmad] Starting scrape…
2026-07-25 10:52:36  INFO      main  [MyCo] Starting scrape…
2026-07-25 10:52:36  INFO      main  [ShoqPK] Starting scrape…
2026-07-25 10:52:36  INFO      main  [MyCo] Found 0 channels
2026-07-25 10:52:36  INFO      main  [Tapmad] Found 0 channels
2026-07-25 10:52:36  INFO      main  [Tamasha] Found 0 channels
2026-07-25 10:52:36  INFO      main  [ShoqPK] Found 0 channels
2026-07-25 10:52:36  INFO      main  Total unique channels after merge: 0
2026-07-25 10:52:36  INFO      main  Validating 0 channels…
2026-07-25 10:52:36  INFO      main  Validation complete: 0 live, 0 dead (removed)
2026-07-25 10:52:36  INFO      main  Diff → +0 new, -0 removed
2026-07-25 10:52:36  INFO      main  Saved 0 channels → output/
2026-07-25 10:52:36  INFO      main  Scrape cycle complete.
2026-07-25 12:03:51  INFO      main  ============================================================
2026-07-25 12:03:51  INFO      main  Scrape cycle started at 2026-07-25 12:03:51
2026-07-25 12:03:51  INFO      main  [Tamasha] Starting scrape…
2026-07-25 12:03:51  INFO      main  [Tapmad] Starting scrape…
2026-07-25 12:03:51  INFO      main  [MyCo] Starting scrape…
2026-07-25 12:03:51  INFO      main  [ShoqPK] Starting scrape…
2026-07-25 12:03:51  INFO      main  [MyCo] Found 0 channels
2026-07-25 12:03:51  INFO      main  [Tapmad] Found 0 channels
2026-07-25 12:03:52  INFO      main  [Tamasha] Found 0 channels
2026-07-25 12:03:52  INFO      main  [ShoqPK] Found 0 channels
2026-07-25 12:03:52  INFO      main  Total unique channels after merge: 0
2026-07-25 12:03:52  INFO      main  Validating 0 channels…
2026-07-25 12:03:52  INFO      main  Validation complete: 0 live, 0 dead (removed)
2026-07-25 12:03:52  INFO      main  Diff → +0 new, -0 removed
2026-07-25 12:03:52  INFO      main  Saved 0 channels → output/
2026-07-25 12:03:52  INFO      main  Scrape cycle complete.
2026-07-25 14:10:33  INFO      main  ============================================================
2026-07-25 14:10:33  INFO      main  Scrape cycle started at 2026-07-25 14:10:33
2026-07-25 14:10:33  INFO      main  [Tamasha] Starting scrape…
2026-07-25 14:10:33  INFO      main  [Tapmad] Starting scrape…
2026-07-25 14:10:33  INFO      main  [MyCo] Starting scrape…
2026-07-25 14:10:33  INFO      main  [ShoqPK] Starting scrape…
2026-07-25 14:10:33  INFO      main  [Tapmad] Found 0 channels
2026-07-25 14:10:33  INFO      main  [MyCo] Found 0 channels
2026-07-25 14:10:33  INFO      main  [ShoqPK] Found 0 channels
2026-07-25 14:10:34  INFO      main  [Tamasha] Found 0 channels
2026-07-25 14:10:34  INFO      main  Total unique channels after merge: 0
2026-07-25 14:10:34  INFO      main  Validating 0 channels…
2026-07-25 14:10:34  INFO      main  Validation complete: 0 live, 0 dead (removed)
2026-07-25 14:10:34  INFO      main  Diff → +0 new, -0 removed
2026-07-25 14:10:34  INFO      main  Saved 0 channels → output/
2026-07-25 14:10:34  INFO      main  Scrape cycle complete.
2026-07-25 15:41:06  INFO      main  ============================================================
2026-07-25 15:41:06  INFO      main  Scrape cycle started at 2026-07-25 15:41:06
2026-07-25 15:41:06  INFO      main  [Tamasha] Starting scrape…
2026-07-25 15:41:06  INFO      main  [Tapmad] Starting scrape…
2026-07-25 15:41:06  INFO      main  [MyCo] Starting scrape…
2026-07-25 15:41:06  INFO      main  [ShoqPK] Starting scrape…
2026-07-25 15:41:06  INFO      main  [Tapmad] Found 0 channels
2026-07-25 15:41:06  INFO      main  [MyCo] Found 0 channels
2026-07-25 15:41:06  INFO      main  [Tamasha] Found 0 channels
2026-07-25 15:41:07  INFO      main  [ShoqPK] Found 0 channels
2026-07-25 15:41:07  INFO      main  Total unique channels after merge: 0
2026-07-25 15:41:07  INFO      main  Validating 0 channels…
2026-07-25 15:41:07  INFO      main  Validation complete: 0 live, 0 dead (removed)
2026-07-25 15:41:07  INFO      main  Diff → +0 new, -0 removed
2026-07-25 15:41:07  INFO      main  Saved 0 channels → output/
2026-07-25 15:41:07  INFO      main  Scrape cycle complete.
2026-07-25 17:02:06  INFO      main  ============================================================
2026-07-25 17:02:06  INFO      main  Scrape cycle started at 2026-07-25 17:02:06
2026-07-25 17:02:06  INFO      main  [Tamasha] Starting scrape…
2026-07-25 17:02:06  INFO      main  [Tapmad] Starting scrape…
2026-07-25 17:02:06  INFO      main  [MyCo] Starting scrape…
2026-07-25 17:02:06  INFO      main  [ShoqPK] Starting scrape…
2026-07-25 17:02:07  INFO      main  [Tapmad] Found 0 channels
2026-07-25 17:02:07  INFO      main  [MyCo] Found 0 channels
2026-07-25 17:02:07  INFO      main  [Tamasha] Found 0 channels
2026-07-25 17:02:07  INFO      main  [ShoqPK] Found 0 channels
2026-07-25 17:02:07  INFO      main  Total unique channels after merge: 0
2026-07-25 17:02:07  INFO      main  Validating 0 channels…
2026-07-25 17:02:07  INFO      main  Validation complete: 0 live, 0 dead (removed)
2026-07-25 17:02:07  INFO      main  Diff → +0 new, -0 removed
2026-07-25 17:02:07  INFO      main  Saved 0 channels → output/
2026-07-25 17:02:07  INFO      main  Scrape cycle complete.
2026-07-25 18:27:00  INFO      main  ============================================================
2026-07-25 18:27:00  INFO      main  Scrape cycle started at 2026-07-25 18:27:00
2026-07-25 18:27:00  INFO      main  [Tamasha] Starting scrape…
2026-07-25 18:27:00  INFO      main  [Tapmad] Starting scrape…
2026-07-25 18:27:00  INFO      main  [MyCo] Starting scrape…
2026-07-25 18:27:00  INFO      main  [ShoqPK] Starting scrape…
2026-07-25 18:27:00  INFO      main  [Tapmad] Found 0 channels
2026-07-25 18:27:00  INFO      main  [MyCo] Found 0 channels
2026-07-25 18:27:00  INFO      main  [ShoqPK] Found 0 channels
2026-07-25 18:27:01  INFO      main  [Tamasha] Found 0 channels
2026-07-25 18:27:01  INFO      main  Total unique channels after merge: 0
2026-07-25 18:27:01  INFO      main  Validating 0 channels…
2026-07-25 18:27:01  INFO      main  Validation complete: 0 live, 0 dead (removed)
2026-07-25 18:27:01  INFO      main  Diff → +0 new, -0 removed
2026-07-25 18:27:01  INFO      main  Saved 0 channels → output/
2026-07-25 18:27:01  INFO      main  Scrape cycle complete.
2026-07-25 19:45:28  INFO      main  ============================================================
2026-07-25 19:45:28  INFO      main  Scrape cycle started at 2026-07-25 19:45:28
2026-07-25 19:45:28  INFO      main  [Tamasha] Starting scrape…
2026-07-25 19:45:28  INFO      main  [Tapmad] Starting scrape…
2026-07-25 19:45:28  INFO      main  [MyCo] Starting scrape…
2026-07-25 19:45:28  INFO      main  [ShoqPK] Starting scrape…
2026-07-25 19:45:28  INFO      main  [Tapmad] Found 0 channels
2026-07-25 19:45:29  INFO      main  [MyCo] Found 0 channels
2026-07-25 19:45:29  INFO      main  [ShoqPK] Found 0 channels
2026-07-25 19:45:29  INFO      main  [Tamasha] Found 0 channels
2026-07-25 19:45:29  INFO      main  Total unique channels after merge: 0
2026-07-25 19:45:29  INFO      main  Validating 0 channels…
2026-07-25 19:45:29  INFO      main  Validation complete: 0 live, 0 dead (removed)
2026-07-25 19:45:29  INFO      main  Diff → +0 new, -0 removed
2026-07-25 19:45:29  INFO      main  Saved 0 channels → output/
2026-07-25 19:45:29  INFO      main  Scrape cycle complete.
2026-07-25 20:54:49  INFO      main  ============================================================
2026-07-25 20:54:49  INFO      main  Scrape cycle started at 2026-07-25 20:54:49
2026-07-25 20:54:49  INFO      main  [Tamasha] Starting scrape…
2026-07-25 20:54:49  INFO      main  [Tapmad] Starting scrape…
2026-07-25 20:54:49  INFO      main  [MyCo] Starting scrape…
2026-07-25 20:54:49  INFO      main  [ShoqPK] Starting scrape…
2026-07-25 20:54:49  INFO      main  [Tapmad] Found 0 channels
2026-07-25 20:54:49  INFO      main  [MyCo] Found 0 channels
2026-07-25 20:54:49  INFO      main  [ShoqPK] Found 0 channels
2026-07-25 20:54:50  INFO      main  [Tamasha] Found 0 channels
2026-07-25 20:54:50  INFO      main  Total unique channels after merge: 0
2026-07-25 20:54:50  INFO      main  Validating 0 channels…
2026-07-25 20:54:50  INFO      main  Validation complete: 0 live, 0 dead (removed)
2026-07-25 20:54:50  INFO      main  Diff → +0 new, -0 removed
2026-07-25 20:54:50  INFO      main  Saved 0 channels → output/
2026-07-25 20:54:50  INFO      main  Scrape cycle complete.
2026-07-25 21:58:23  INFO      main  ============================================================
2026-07-25 21:58:23  INFO      main  Scrape cycle started at 2026-07-25 21:58:23
2026-07-25 21:58:23  INFO      main  [Tamasha] Starting scrape…
2026-07-25 21:58:23  INFO      main  [Tapmad] Starting scrape…
2026-07-25 21:58:23  INFO      main  [MyCo] Starting scrape…
2026-07-25 21:58:23  INFO      main  [ShoqPK] Starting scrape…
2026-07-25 21:58:23  INFO      main  [Tapmad] Found 0 channels
2026-07-25 21:58:24  INFO      main  [MyCo] Found 0 channels
2026-07-25 21:58:24  INFO      main  [ShoqPK] Found 0 channels
2026-07-25 21:58:24  INFO      main  [Tamasha] Found 0 channels
2026-07-25 21:58:24  INFO      main  Total unique channels after merge: 0
2026-07-25 21:58:24  INFO      main  Validating 0 channels…
2026-07-25 21:58:24  INFO      main  Validation complete: 0 live, 0 dead (removed)
2026-07-25 21:58:24  INFO      main  Diff → +0 new, -0 removed
2026-07-25 21:58:24  INFO      main  Saved 0 channels → output/
2026-07-25 21:58:24  INFO      main  Scrape cycle complete.
2026-07-25 23:02:30  INFO      main  ============================================================
2026-07-25 23:02:30  INFO      main  Scrape cycle started at 2026-07-25 23:02:30
2026-07-25 23:02:30  INFO      main  [Tamasha] Starting scrape…
2026-07-25 23:02:30  INFO      main  [Tapmad] Starting scrape…
2026-07-25 23:02:30  INFO      main  [MyCo] Starting scrape…
2026-07-25 23:02:30  INFO      main  [ShoqPK] Starting scrape…
2026-07-25 23:02:30  INFO      main  [ShoqPK] Found 0 channels
2026-07-25 23:02:30  INFO      main  [Tapmad] Found 0 channels
2026-07-25 23:02:30  INFO      main  [MyCo] Found 0 channels
2026-07-25 23:02:30  INFO      main  [Tamasha] Found 0 channels
2026-07-25 23:02:30  INFO      main  Total unique channels after merge: 0
2026-07-25 23:02:30  INFO      main  Validating 0 channels…
2026-07-25 23:02:30  INFO      main  Validation complete: 0 live, 0 dead (removed)
2026-07-25 23:02:30  INFO      main  Diff → +0 new, -0 removed
2026-07-25 23:02:30  INFO      main  Saved 0 channels → output/
2026-07-25 23:02:30  INFO      main  Scrape cycle complete.
2026-07-26 01:07:47  INFO      main  ============================================================
2026-07-26 01:07:47  INFO      main  Scrape cycle started at 2026-07-26 01:07:47
2026-07-26 01:07:47  INFO      main  [Tamasha] Starting scrape…
2026-07-26 01:07:47  INFO      main  [Tapmad] Starting scrape…
2026-07-26 01:07:47  INFO      main  [MyCo] Starting scrape…
2026-07-26 01:07:47  INFO      main  [ShoqPK] Starting scrape…
2026-07-26 01:07:47  INFO      main  [Tapmad] Found 0 channels
2026-07-26 01:07:47  INFO      main  [MyCo] Found 0 channels
2026-07-26 01:07:47  INFO      main  [ShoqPK] Found 0 channels
2026-07-26 01:07:47  INFO      main  [Tamasha] Found 0 channels
2026-07-26 01:07:47  INFO      main  Total unique channels after merge: 0
2026-07-26 01:07:47  INFO      main  Validating 0 channels…
2026-07-26 01:07:47  INFO      main  Validation complete: 0 live, 0 dead (removed)
2026-07-26 01:07:47  INFO      main  Diff → +0 new, -0 removed
2026-07-26 01:07:47  INFO      main  Saved 0 channels → output/
2026-07-26 01:07:47  INFO      main  Scrape cycle complete.
2026-07-26 04:59:02  INFO      main  ============================================================
2026-07-26 04:59:02  INFO      main  Scrape cycle started at 2026-07-26 04:59:02
2026-07-26 04:59:02  INFO      main  [Tamasha] Starting scrape…
2026-07-26 04:59:02  INFO      main  [Tapmad] Starting scrape…
2026-07-26 04:59:02  INFO      main  [MyCo] Starting scrape…
2026-07-26 04:59:02  INFO      main  [ShoqPK] Starting scrape…
2026-07-26 04:59:03  INFO      main  [Tapmad] Found 0 channels
2026-07-26 04:59:03  INFO      main  [MyCo] Found 0 channels
2026-07-26 04:59:03  INFO      main  [ShoqPK] Found 0 channels
2026-07-26 04:59:03  INFO      main  [Tamasha] Found 0 channels
2026-07-26 04:59:03  INFO      main  Total unique channels after merge: 0
2026-07-26 04:59:03  INFO      main  Validating 0 channels…
2026-07-26 04:59:03  INFO      main  Validation complete: 0 live, 0 dead (removed)
2026-07-26 04:59:03  INFO      main  Diff → +0 new, -0 removed
2026-07-26 04:59:03  INFO      main  Saved 0 channels → output/
2026-07-26 04:59:03  INFO      main  Scrape cycle complete.
2026-07-26 07:42:02  INFO      main  ============================================================
2026-07-26 07:42:02  INFO      main  Scrape cycle started at 2026-07-26 07:42:02
2026-07-26 07:42:02  INFO      main  [Tamasha] Starting scrape…
2026-07-26 07:42:02  INFO      main  [Tapmad] Starting scrape…
2026-07-26 07:42:02  INFO      main  [MyCo] Starting scrape…
2026-07-26 07:42:02  INFO      main  [ShoqPK] Starting scrape…
2026-07-26 07:42:02  INFO      main  [Tapmad] Found 0 channels
2026-07-26 07:42:02  INFO      main  [MyCo] Found 0 channels
2026-07-26 07:42:03  INFO      main  [ShoqPK] Found 0 channels
2026-07-26 07:42:03  INFO      main  [Tamasha] Found 0 channels
2026-07-26 07:42:03  INFO      main  Total unique channels after merge: 0
2026-07-26 07:42:03  INFO      main  Validating 0 channels…
2026-07-26 07:42:03  INFO      main  Validation complete: 0 live, 0 dead (removed)
2026-07-26 07:42:03  INFO      main  Diff → +0 new, -0 removed
2026-07-26 07:42:03  INFO      main  Saved 0 channels → output/
2026-07-26 07:42:03  INFO      main  Scrape cycle complete.
2026-07-26 10:02:00  INFO      main  ============================================================
2026-07-26 10:02:00  INFO      main  Scrape cycle started at 2026-07-26 10:02:00
2026-07-26 10:02:00  INFO      main  [Tamasha] Starting scrape…
2026-07-26 10:02:00  INFO      main  [Tapmad] Starting scrape…
2026-07-26 10:02:00  INFO      main  [MyCo] Starting scrape…
2026-07-26 10:02:00  INFO      main  [ShoqPK] Starting scrape…
2026-07-26 10:02:00  INFO      main  [Tapmad] Found 0 channels
2026-07-26 10:02:00  INFO      main  [MyCo] Found 0 channels
2026-07-26 10:02:00  INFO      main  [ShoqPK] Found 0 channels
2026-07-26 10:02:00  INFO      main  [Tamasha] Found 0 channels
2026-07-26 10:02:00  INFO      main  Total unique channels after merge: 0
2026-07-26 10:02:00  INFO      main  Validating 0 channels…
2026-07-26 10:02:00  INFO      main  Validation complete: 0 live, 0 dead (removed)
2026-07-26 10:02:00  INFO      main  Diff → +0 new, -0 removed
2026-07-26 10:02:00  INFO      main  Saved 0 channels → output/
2026-07-26 10:02:00  INFO      main  Scrape cycle complete.
2026-07-26 11:45:06  INFO      main  ============================================================
2026-07-26 11:45:06  INFO      main  Scrape cycle started at 2026-07-26 11:45:06
2026-07-26 11:45:06  INFO      main  [Tamasha] Starting scrape…
2026-07-26 11:45:06  INFO      main  [Tapmad] Starting scrape…
2026-07-26 11:45:06  INFO      main  [MyCo] Starting scrape…
2026-07-26 11:45:06  INFO      main  [ShoqPK] Starting scrape…
2026-07-26 11:45:06  INFO      main  [Tapmad] Found 0 channels
2026-07-26 11:45:06  INFO      main  [MyCo] Found 0 channels
2026-07-26 11:45:06  INFO      main  [ShoqPK] Found 0 channels
2026-07-26 11:45:06  INFO      main  [Tamasha] Found 0 channels
2026-07-26 11:45:06  INFO      main  Total unique channels after merge: 0
2026-07-26 11:45:06  INFO      main  Validating 0 channels…
2026-07-26 11:45:06  INFO      main  Validation complete: 0 live, 0 dead (removed)
2026-07-26 11:45:06  INFO      main  Diff → +0 new, -0 removed
2026-07-26 11:45:06  INFO      main  Saved 0 channels → output/
2026-07-26 11:45:06  INFO      main  Scrape cycle complete.
2026-07-26 13:26:56  INFO      main  ============================================================
2026-07-26 13:26:56  INFO      main  Scrape cycle started at 2026-07-26 13:26:56
2026-07-26 13:26:56  INFO      main  [Tamasha] Starting scrape…
2026-07-26 13:26:56  INFO      main  [Tapmad] Starting scrape…
2026-07-26 13:26:56  INFO      main  [MyCo] Starting scrape…
2026-07-26 13:26:56  INFO      main  [ShoqPK] Starting scrape…
2026-07-26 13:26:56  INFO      main  [Tapmad] Found 0 channels
2026-07-26 13:26:56  INFO      main  [MyCo] Found 0 channels
2026-07-26 13:26:56  INFO      main  [Tamasha] Found 0 channels
2026-07-26 13:26:57  INFO      main  [ShoqPK] Found 0 channels
2026-07-26 13:26:57  INFO      main  Total unique channels after merge: 0
2026-07-26 13:26:57  INFO      main  Validating 0 channels…
2026-07-26 13:26:57  INFO      main  Validation complete: 0 live, 0 dead (removed)
2026-07-26 13:26:57  INFO      main  Diff → +0 new, -0 removed
2026-07-26 13:26:57  INFO      main  Saved 0 channels → output/
2026-07-26 13:26:57  INFO      main  Scrape cycle complete.
2026-07-26 14:49:21  INFO      main  ============================================================
2026-07-26 14:49:21  INFO      main  Scrape cycle started at 2026-07-26 14:49:21
2026-07-26 14:49:21  INFO      main  [Tamasha] Starting scrape…
2026-07-26 14:49:21  INFO      main  [Tapmad] Starting scrape…
2026-07-26 14:49:21  INFO      main  [MyCo] Starting scrape…
2026-07-26 14:49:21  INFO      main  [ShoqPK] Starting scrape…
2026-07-26 14:49:21  INFO      main  [Tapmad] Found 0 channels
2026-07-26 14:49:22  INFO      main  [MyCo] Found 0 channels
2026-07-26 14:49:22  INFO      main  [Tamasha] Found 0 channels
2026-07-26 14:49:22  INFO      main  [ShoqPK] Found 0 channels
2026-07-26 14:49:22  INFO      main  Total unique channels after merge: 0
2026-07-26 14:49:22  INFO      main  Validating 0 channels…
2026-07-26 14:49:22  INFO      main  Validation complete: 0 live, 0 dead (removed)
2026-07-26 14:49:22  INFO      main  Diff → +0 new, -0 removed
2026-07-26 14:49:22  INFO      main  Saved 0 channels → output/
2026-07-26 14:49:22  INFO      main  Scrape cycle complete.
2026-07-26 16:02:39  INFO      main  ============================================================
2026-07-26 16:02:39  INFO      main  Scrape cycle started at 2026-07-26 16:02:39
2026-07-26 16:02:39  INFO      main  [Tamasha] Starting scrape…
2026-07-26 16:02:39  INFO      main  [Tapmad] Starting scrape…
2026-07-26 16:02:39  INFO      main  [MyCo] Starting scrape…
2026-07-26 16:02:39  INFO      main  [ShoqPK] Starting scrape…
2026-07-26 16:02:39  INFO      main  [Tapmad] Found 0 channels
2026-07-26 16:02:40  INFO      main  [MyCo] Found 0 channels
2026-07-26 16:02:40  INFO      main  [ShoqPK] Found 0 channels
2026-07-26 16:02:40  INFO      main  [Tamasha] Found 0 channels
2026-07-26 16:02:40  INFO      main  Total unique channels after merge: 0
2026-07-26 16:02:40  INFO      main  Validating 0 channels…
2026-07-26 16:02:40  INFO      main  Validation complete: 0 live, 0 dead (removed)
2026-07-26 16:02:40  INFO      main  Diff → +0 new, -0 removed
2026-07-26 16:02:40  INFO      main  Saved 0 channels → output/
2026-07-26 16:02:40  INFO      main  Scrape cycle complete.
2026-07-26 17:33:16  INFO      main  ============================================================
2026-07-26 17:33:16  INFO      main  Scrape cycle started at 2026-07-26 17:33:16
2026-07-26 17:33:16  INFO      main  [Tamasha] Starting scrape…
2026-07-26 17:33:16  INFO      main  [Tapmad] Starting scrape…
2026-07-26 17:33:16  INFO      main  [MyCo] Starting scrape…
2026-07-26 17:33:16  INFO      main  [ShoqPK] Starting scrape…
2026-07-26 17:33:16  INFO      main  [Tapmad] Found 0 channels
2026-07-26 17:33:16  INFO      main  [MyCo] Found 0 channels
2026-07-26 17:33:16  INFO      main  [Tamasha] Found 0 channels
2026-07-26 17:33:17  INFO      main  [ShoqPK] Found 0 channels
2026-07-26 17:33:17  INFO      main  Total unique channels after merge: 0
2026-07-26 17:33:17  INFO      main  Validating 0 channels…
2026-07-26 17:33:17  INFO      main  Validation complete: 0 live, 0 dead (removed)
2026-07-26 17:33:17  INFO      main  Diff → +0 new, -0 removed
2026-07-26 17:33:17  INFO      main  Saved 0 channels → output/
2026-07-26 17:33:17  INFO      main  Scrape cycle complete.
2026-07-26 19:14:05  INFO      main  ============================================================
2026-07-26 19:14:05  INFO      main  Scrape cycle started at 2026-07-26 19:14:05
2026-07-26 19:14:05  INFO      main  [Tamasha] Starting scrape…
2026-07-26 19:14:05  INFO      main  [Tapmad] Starting scrape…
2026-07-26 19:14:05  INFO      main  [MyCo] Starting scrape…
2026-07-26 19:14:05  INFO      main  [ShoqPK] Starting scrape…
2026-07-26 19:14:05  INFO      main  [MyCo] Found 0 channels
2026-07-26 19:14:05  INFO      main  [Tapmad] Found 0 channels
2026-07-26 19:14:05  INFO      main  [ShoqPK] Found 0 channels
2026-07-26 19:14:05  INFO      main  [Tamasha] Found 0 channels
2026-07-26 19:14:05  INFO      main  Total unique channels after merge: 0
2026-07-26 19:14:05  INFO      main  Validating 0 channels…
2026-07-26 19:14:05  INFO      main  Validation complete: 0 live, 0 dead (removed)
2026-07-26 19:14:05  INFO      main  Diff → +0 new, -0 removed
2026-07-26 19:14:05  INFO      main  Saved 0 channels → output/
2026-07-26 19:14:05  INFO      main  Scrape cycle complete.
2026-07-26 20:29:34  INFO      main  ============================================================
2026-07-26 20:29:34  INFO      main  Scrape cycle started at 2026-07-26 20:29:34
2026-07-26 20:29:34  INFO      main  [Tamasha] Starting scrape…
2026-07-26 20:29:34  INFO      main  [Tapmad] Starting scrape…
2026-07-26 20:29:34  INFO      main  [MyCo] Starting scrape…
2026-07-26 20:29:34  INFO      main  [ShoqPK] Starting scrape…
2026-07-26 20:29:35  INFO      main  [MyCo] Found 0 channels
2026-07-26 20:29:35  INFO      main  [Tapmad] Found 0 channels
2026-07-26 20:29:35  INFO      main  [ShoqPK] Found 0 channels
2026-07-26 20:29:35  INFO      main  [Tamasha] Found 0 channels
2026-07-26 20:29:35  INFO      main  Total unique channels after merge: 0
2026-07-26 20:29:35  INFO      main  Validating 0 channels…
2026-07-26 20:29:35  INFO      main  Validation complete: 0 live, 0 dead (removed)
2026-07-26 20:29:35  INFO      main  Diff → +0 new, -0 removed
2026-07-26 20:29:35  INFO      main  Saved 0 channels → output/
2026-07-26 20:29:35  INFO      main  Scrape cycle complete.
2026-07-26 21:30:25  INFO      main  ============================================================
2026-07-26 21:30:25  INFO      main  Scrape cycle started at 2026-07-26 21:30:25
2026-07-26 21:30:25  INFO      main  [Tamasha] Starting scrape…
2026-07-26 21:30:25  INFO      main  [Tapmad] Starting scrape…
2026-07-26 21:30:25  INFO      main  [MyCo] Starting scrape…
2026-07-26 21:30:25  INFO      main  [ShoqPK] Starting scrape…
2026-07-26 21:30:25  INFO      main  [Tapmad] Found 0 channels
2026-07-26 21:30:25  INFO      main  [MyCo] Found 0 channels
2026-07-26 21:30:25  INFO      main  [ShoqPK] Found 0 channels
2026-07-26 21:30:25  INFO      main  [Tamasha] Found 0 channels
2026-07-26 21:30:25  INFO      main  Total unique channels after merge: 0
2026-07-26 21:30:25  INFO      main  Validating 0 channels…
2026-07-26 21:30:25  INFO      main  Validation complete: 0 live, 0 dead (removed)
2026-07-26 21:30:25  INFO      main  Diff → +0 new, -0 removed
2026-07-26 21:30:25  INFO      main  Saved 0 channels → output/
2026-07-26 21:30:25  INFO      main  Scrape cycle complete.
2026-07-26 23:00:08  INFO      main  ============================================================
2026-07-26 23:00:08  INFO      main  Scrape cycle started at 2026-07-26 23:00:08
2026-07-26 23:00:08  INFO      main  [Tamasha] Starting scrape…
2026-07-26 23:00:08  INFO      main  [Tapmad] Starting scrape…
2026-07-26 23:00:08  INFO      main  [MyCo] Starting scrape…
2026-07-26 23:00:08  INFO      main  [ShoqPK] Starting scrape…
2026-07-26 23:00:08  INFO      main  [Tapmad] Found 0 channels
2026-07-26 23:00:08  INFO      main  [MyCo] Found 0 channels
2026-07-26 23:00:08  INFO      main  [Tamasha] Found 0 channels
2026-07-26 23:00:09  INFO      main  [ShoqPK] Found 0 channels
2026-07-26 23:00:09  INFO      main  Total unique channels after merge: 0
2026-07-26 23:00:09  INFO      main  Validating 0 channels…
2026-07-26 23:00:09  INFO      main  Validation complete: 0 live, 0 dead (removed)
2026-07-26 23:00:09  INFO      main  Diff → +0 new, -0 removed
2026-07-26 23:00:09  INFO      main  Saved 0 channels → output/
2026-07-26 23:00:09  INFO      main  Scrape cycle complete.
2026-07-27 00:08:44  INFO      main  ============================================================
2026-07-27 00:08:44  INFO      main  Scrape cycle started at 2026-07-27 00:08:44
2026-07-27 00:08:44  INFO      main  [Tamasha] Starting scrape…
2026-07-27 00:08:44  INFO      main  [Tapmad] Starting scrape…
2026-07-27 00:08:44  INFO      main  [MyCo] Starting scrape…
2026-07-27 00:08:44  INFO      main  [ShoqPK] Starting scrape…
2026-07-27 00:08:44  INFO      main  [MyCo] Found 0 channels
2026-07-27 00:08:44  INFO      main  [Tapmad] Found 0 channels
2026-07-27 00:08:45  INFO      main  [Tamasha] Found 0 channels
2026-07-27 00:08:45  INFO      main  [ShoqPK] Found 0 channels
2026-07-27 00:08:45  INFO      main  Total unique channels after merge: 0
2026-07-27 00:08:45  INFO      main  Validating 0 channels…
2026-07-27 00:08:45  INFO      main  Validation complete: 0 live, 0 dead (removed)
2026-07-27 00:08:45  INFO      main  Diff → +0 new, -0 removed
2026-07-27 00:08:45  INFO      main  Saved 0 channels → output/
2026-07-27 00:08:45  INFO      main  Scrape cycle complete.
2026-07-27 04:22:12  INFO      main  ============================================================
2026-07-27 04:22:12  INFO      main  Scrape cycle started at 2026-07-27 04:22:12
2026-07-27 04:22:12  INFO      main  [Tamasha] Starting scrape…
2026-07-27 04:22:12  INFO      main  [Tapmad] Starting scrape…
2026-07-27 04:22:12  INFO      main  [MyCo] Starting scrape…
2026-07-27 04:22:12  INFO      main  [ShoqPK] Starting scrape…
2026-07-27 04:22:12  INFO      main  [Tapmad] Found 0 channels
2026-07-27 04:22:12  INFO      main  [MyCo] Found 0 channels
2026-07-27 04:22:12  INFO      main  [Tamasha] Found 0 channels
2026-07-27 04:22:12  INFO      main  [ShoqPK] Found 0 channels
2026-07-27 04:22:12  INFO      main  Total unique channels after merge: 0
2026-07-27 04:22:12  INFO      main  Validating 0 channels…
2026-07-27 04:22:12  INFO      main  Validation complete: 0 live, 0 dead (removed)
2026-07-27 04:22:12  INFO      main  Diff → +0 new, -0 removed
2026-07-27 04:22:12  INFO      main  Saved 0 channels → output/
2026-07-27 04:22:12  INFO      main  Scrape cycle complete.
2026-07-27 08:01:41  INFO      main  ============================================================
2026-07-27 08:01:41  INFO      main  Scrape cycle started at 2026-07-27 08:01:41
2026-07-27 08:01:41  INFO      main  [Tamasha] Starting scrape…
2026-07-27 08:01:41  INFO      main  [Tapmad] Starting scrape…
2026-07-27 08:01:41  INFO      main  [MyCo] Starting scrape…
2026-07-27 08:01:41  INFO      main  [ShoqPK] Starting scrape…
2026-07-27 08:01:41  INFO      main  [Tapmad] Found 0 channels
2026-07-27 08:01:42  INFO      main  [MyCo] Found 0 channels
2026-07-27 08:01:42  INFO      main  [Tamasha] Found 0 channels
2026-07-27 08:01:42  INFO      main  [ShoqPK] Found 0 channels
2026-07-27 08:01:42  INFO      main  Total unique channels after merge: 0
2026-07-27 08:01:42  INFO      main  Validating 0 channels…
2026-07-27 08:01:42  INFO      main  Validation complete: 0 live, 0 dead (removed)
2026-07-27 08:01:42  INFO      main  Diff → +0 new, -0 removed
2026-07-27 08:01:42  INFO      main  Saved 0 channels → output/
2026-07-27 08:01:42  INFO      main  Scrape cycle complete.
2026-07-27 11:51:52  INFO      main  ============================================================
2026-07-27 11:51:52  INFO      main  Scrape cycle started at 2026-07-27 11:51:52
2026-07-27 11:51:52  INFO      main  [Tamasha] Starting scrape…
2026-07-27 11:51:52  INFO      main  [Tapmad] Starting scrape…
2026-07-27 11:51:52  INFO      main  [MyCo] Starting scrape…
2026-07-27 11:51:52  INFO      main  [ShoqPK] Starting scrape…
2026-07-27 11:51:52  INFO      main  [Tapmad] Found 0 channels
2026-07-27 11:51:52  INFO      main  [MyCo] Found 0 channels
2026-07-27 11:51:52  INFO      main  [ShoqPK] Found 0 channels
2026-07-27 11:51:53  INFO      main  [Tamasha] Found 0 channels
2026-07-27 11:51:53  INFO      main  Total unique channels after merge: 0
2026-07-27 11:51:53  INFO      main  Validating 0 channels…
2026-07-27 11:51:53  INFO      main  Validation complete: 0 live, 0 dead (removed)
2026-07-27 11:51:53  INFO      main  Diff → +0 new, -0 removed
2026-07-27 11:51:53  INFO      main  Saved 0 channels → output/
2026-07-27 11:51:53  INFO      main  Scrape cycle complete.
2026-07-27 14:39:30  INFO      main  ============================================================
2026-07-27 14:39:30  INFO      main  Scrape cycle started at 2026-07-27 14:39:30
2026-07-27 14:39:30  INFO      main  [Tamasha] Starting scrape…
2026-07-27 14:39:30  INFO      main  [Tapmad] Starting scrape…
2026-07-27 14:39:30  INFO      main  [MyCo] Starting scrape…
2026-07-27 14:39:30  INFO      main  [ShoqPK] Starting scrape…
2026-07-27 14:39:30  INFO      main  [Tapmad] Found 0 channels
2026-07-27 14:39:30  INFO      main  [MyCo] Found 0 channels
2026-07-27 14:39:30  INFO      main  [ShoqPK] Found 0 channels
2026-07-27 14:39:30  INFO      main  [Tamasha] Found 0 channels
2026-07-27 14:39:30  INFO      main  Total unique channels after merge: 0
2026-07-27 14:39:30  INFO      main  Validating 0 channels…
2026-07-27 14:39:30  INFO      main  Validation complete: 0 live, 0 dead (removed)
2026-07-27 14:39:30  INFO      main  Diff → +0 new, -0 removed
2026-07-27 14:39:30  INFO      main  Saved 0 channels → output/
2026-07-27 14:39:30  INFO      main  Scrape cycle complete.
2026-07-27 16:59:14  INFO      main  ============================================================
2026-07-27 16:59:14  INFO      main  Scrape cycle started at 2026-07-27 16:59:14
2026-07-27 16:59:14  INFO      main  [Tamasha] Starting scrape…
2026-07-27 16:59:14  INFO      main  [Tapmad] Starting scrape…
2026-07-27 16:59:14  INFO      main  [MyCo] Starting scrape…
2026-07-27 16:59:14  INFO      main  [ShoqPK] Starting scrape…
2026-07-27 16:59:14  INFO      main  [Tapmad] Found 0 channels
2026-07-27 16:59:15  INFO      main  [MyCo] Found 0 channels
2026-07-27 16:59:15  INFO      main  [ShoqPK] Found 0 channels
2026-07-27 16:59:15  INFO      main  [Tamasha] Found 0 channels
2026-07-27 16:59:15  INFO      main  Total unique channels after merge: 0
2026-07-27 16:59:15  INFO      main  Validating 0 channels…
2026-07-27 16:59:15  INFO      main  Validation complete: 0 live, 0 dead (removed)
2026-07-27 16:59:15  INFO      main  Diff → +0 new, -0 removed
2026-07-27 16:59:15  INFO      main  Saved 0 channels → output/
2026-07-27 16:59:15  INFO      main  Scrape cycle complete.
2026-07-27 18:41:54  INFO      main  ============================================================
2026-07-27 18:41:54  INFO      main  Scrape cycle started at 2026-07-27 18:41:54
2026-07-27 18:41:54  INFO      main  [Tamasha] Starting scrape…
2026-07-27 18:41:54  INFO      main  [Tapmad] Starting scrape…
2026-07-27 18:41:54  INFO      main  [MyCo] Starting scrape…
2026-07-27 18:41:54  INFO      main  [ShoqPK] Starting scrape…
2026-07-27 18:41:54  INFO      main  [MyCo] Found 0 channels
2026-07-27 18:41:54  INFO      main  [Tapmad] Found 0 channels
2026-07-27 18:41:54  INFO      main  [Tamasha] Found 0 channels
2026-07-27 18:41:55  INFO      main  [ShoqPK] Found 0 channels
2026-07-27 18:41:55  INFO      main  Total unique channels after merge: 0
2026-07-27 18:41:55  INFO      main  Validating 0 channels…
2026-07-27 18:41:55  INFO      main  Validation complete: 0 live, 0 dead (removed)
2026-07-27 18:41:55  INFO      main  Diff → +0 new, -0 removed
2026-07-27 18:41:55  INFO      main  Saved 0 channels → output/
2026-07-27 18:41:55  INFO      main  Scrape cycle complete.
2026-07-27 20:23:51  INFO      main  ============================================================
2026-07-27 20:23:51  INFO      main  Scrape cycle started at 2026-07-27 20:23:51
2026-07-27 20:23:51  INFO      main  [Tamasha] Starting scrape…
2026-07-27 20:23:51  INFO      main  [Tapmad] Starting scrape…
2026-07-27 20:23:51  INFO      main  [MyCo] Starting scrape…
2026-07-27 20:23:51  INFO      main  [ShoqPK] Starting scrape…
2026-07-27 20:23:51  INFO      main  [MyCo] Found 0 channels
2026-07-27 20:23:51  INFO      main  [Tapmad] Found 0 channels
2026-07-27 20:23:52  INFO      main  [Tamasha] Found 0 channels
2026-07-27 20:23:52  INFO      main  [ShoqPK] Found 0 channels
2026-07-27 20:23:52  INFO      main  Total unique channels after merge: 0
2026-07-27 20:23:52  INFO      main  Validating 0 channels…
2026-07-27 20:23:52  INFO      main  Validation complete: 0 live, 0 dead (removed)
2026-07-27 20:23:52  INFO      main  Diff → +0 new, -0 removed
2026-07-27 20:23:52  INFO      main  Saved 0 channels → output/
2026-07-27 20:23:52  INFO      main  Scrape cycle complete.
2026-07-27 21:39:33  INFO      main  ============================================================
2026-07-27 21:39:33  INFO      main  Scrape cycle started at 2026-07-27 21:39:33
2026-07-27 21:39:33  INFO      main  [Tamasha] Starting scrape…
2026-07-27 21:39:33  INFO      main  [Tapmad] Starting scrape…
2026-07-27 21:39:33  INFO      main  [MyCo] Starting scrape…
2026-07-27 21:39:33  INFO      main  [ShoqPK] Starting scrape…
2026-07-27 21:39:34  INFO      main  [Tapmad] Found 0 channels
2026-07-27 21:39:34  INFO      main  [MyCo] Found 0 channels
2026-07-27 21:39:34  INFO      main  [ShoqPK] Found 0 channels
2026-07-27 21:39:34  INFO      main  [Tamasha] Found 0 channels
2026-07-27 21:39:34  INFO      main  Total unique channels after merge: 0
2026-07-27 21:39:34  INFO      main  Validating 0 channels…
2026-07-27 21:39:34  INFO      main  Validation complete: 0 live, 0 dead (removed)
2026-07-27 21:39:34  INFO      main  Diff → +0 new, -0 removed
2026-07-27 21:39:34  INFO      main  Saved 0 channels → output/
2026-07-27 21:39:34  INFO      main  Scrape cycle complete.
2026-07-27 23:03:53  INFO      main  ============================================================
2026-07-27 23:03:53  INFO      main  Scrape cycle started at 2026-07-27 23:03:53
2026-07-27 23:03:53  INFO      main  [Tamasha] Starting scrape…
2026-07-27 23:03:53  INFO      main  [Tapmad] Starting scrape…
2026-07-27 23:03:53  INFO      main  [MyCo] Starting scrape…
2026-07-27 23:03:53  INFO      main  [ShoqPK] Starting scrape…
2026-07-27 23:03:54  INFO      main  [Tapmad] Found 0 channels
2026-07-27 23:03:54  INFO      main  [MyCo] Found 0 channels
2026-07-27 23:03:54  INFO      main  [ShoqPK] Found 0 channels
2026-07-27 23:03:54  INFO      main  [Tamasha] Found 0 channels
2026-07-27 23:03:54  INFO      main  Total unique channels after merge: 0
2026-07-27 23:03:54  INFO      main  Validating 0 channels…
2026-07-27 23:03:54  INFO      main  Validation complete: 0 live, 0 dead (removed)
2026-07-27 23:03:54  INFO      main  Diff → +0 new, -0 removed
2026-07-27 23:03:54  INFO      main  Saved 0 channels → output/
2026-07-27 23:03:54  INFO      main  Scrape cycle complete.
2026-07-28 00:55:16  INFO      main  ============================================================
2026-07-28 00:55:16  INFO      main  Scrape cycle started at 2026-07-28 00:55:16
2026-07-28 00:55:16  INFO      main  [Tamasha] Starting scrape…
2026-07-28 00:55:17  INFO      main  [Tapmad] Starting scrape…
2026-07-28 00:55:17  INFO      main  [MyCo] Starting scrape…
2026-07-28 00:55:17  INFO      main  [ShoqPK] Starting scrape…
2026-07-28 00:55:17  INFO      main  [Tapmad] Found 0 channels
2026-07-28 00:55:17  INFO      main  [MyCo] Found 0 channels
2026-07-28 00:55:17  INFO      main  [ShoqPK] Found 0 channels
2026-07-28 00:55:17  INFO      main  [Tamasha] Found 0 channels
2026-07-28 00:55:17  INFO      main  Total unique channels after merge: 0
2026-07-28 00:55:17  INFO      main  Validating 0 channels…
2026-07-28 00:55:17  INFO      main  Validation complete: 0 live, 0 dead (removed)
2026-07-28 00:55:17  INFO      main  Diff → +0 new, -0 removed
2026-07-28 00:55:17  INFO      main  Saved 0 channels → output/
2026-07-28 00:55:17  INFO      main  Scrape cycle complete.
2026-07-28 04:11:44  INFO      main  ============================================================
2026-07-28 04:11:44  INFO      main  Scrape cycle started at 2026-07-28 04:11:44
2026-07-28 04:11:44  INFO      main  [Tamasha] Starting scrape…
2026-07-28 04:11:44  INFO      main  [Tapmad] Starting scrape…
2026-07-28 04:11:44  INFO      main  [MyCo] Starting scrape…
2026-07-28 04:11:44  INFO      main  [ShoqPK] Starting scrape…
2026-07-28 04:11:44  INFO      main  [Tapmad] Found 0 channels
2026-07-28 04:11:44  INFO      main  [MyCo] Found 0 channels
2026-07-28 04:11:45  INFO      main  [ShoqPK] Found 0 channels
2026-07-28 04:11:45  INFO      main  [Tamasha] Found 0 channels
2026-07-28 04:11:45  INFO      main  Total unique channels after merge: 0
2026-07-28 04:11:45  INFO      main  Validating 0 channels…
2026-07-28 04:11:45  INFO      main  Validation complete: 0 live, 0 dead (removed)
2026-07-28 04:11:45  INFO      main  Diff → +0 new, -0 removed
2026-07-28 04:11:45  INFO      main  Saved 0 channels → output/
2026-07-28 04:11:45  INFO      main  Scrape cycle complete.
2026-07-28 07:14:43  INFO      main  ============================================================
2026-07-28 07:14:43  INFO      main  Scrape cycle started at 2026-07-28 07:14:43
2026-07-28 07:14:43  INFO      main  [Tamasha] Starting scrape…
2026-07-28 07:14:43  INFO      main  [Tapmad] Starting scrape…
2026-07-28 07:14:43  INFO      main  [MyCo] Starting scrape…
2026-07-28 07:14:43  INFO      main  [ShoqPK] Starting scrape…
2026-07-28 07:14:43  INFO      main  [Tapmad] Found 0 channels
2026-07-28 07:14:43  INFO      main  [MyCo] Found 0 channels
2026-07-28 07:14:43  INFO      main  [ShoqPK] Found 0 channels
2026-07-28 07:14:43  INFO      main  [Tamasha] Found 0 channels
2026-07-28 07:14:43  INFO      main  Total unique channels after merge: 0
2026-07-28 07:14:43  INFO      main  Validating 0 channels…
2026-07-28 07:14:43  INFO      main  Validation complete: 0 live, 0 dead (removed)
2026-07-28 07:14:43  INFO      main  Diff → +0 new, -0 removed
2026-07-28 07:14:43  INFO      main  Saved 0 channels → output/
2026-07-28 07:14:43  INFO      main  Scrape cycle complete.
2026-07-28 10:07:51  INFO      main  ============================================================
2026-07-28 10:07:51  INFO      main  Scrape cycle started at 2026-07-28 10:07:51
2026-07-28 10:07:51  INFO      main  [Tamasha] Starting scrape…
2026-07-28 10:07:51  INFO      main  [Tapmad] Starting scrape…
2026-07-28 10:07:51  INFO      main  [MyCo] Starting scrape…
2026-07-28 10:07:51  INFO      main  [ShoqPK] Starting scrape…
2026-07-28 10:07:52  INFO      main  [Tapmad] Found 0 channels
2026-07-28 10:07:52  INFO      main  [MyCo] Found 0 channels
2026-07-28 10:07:52  INFO      main  [ShoqPK] Found 0 channels
2026-07-28 10:07:52  INFO      main  [Tamasha] Found 0 channels
2026-07-28 10:07:52  INFO      main  Total unique channels after merge: 0
2026-07-28 10:07:52  INFO      main  Validating 0 channels…
2026-07-28 10:07:52  INFO      main  Validation complete: 0 live, 0 dead (removed)
2026-07-28 10:07:52  INFO      main  Diff → +0 new, -0 removed
2026-07-28 10:07:52  INFO      main  Saved 0 channels → output/
2026-07-28 10:07:52  INFO      main  Scrape cycle complete.
2026-07-28 12:21:14  INFO      main  ============================================================
2026-07-28 12:21:14  INFO      main  Scrape cycle started at 2026-07-28 12:21:14
2026-07-28 12:21:14  INFO      main  [Tamasha] Starting scrape…
2026-07-28 12:21:14  INFO      main  [Tapmad] Starting scrape…
2026-07-28 12:21:14  INFO      main  [MyCo] Starting scrape…
2026-07-28 12:21:14  INFO      main  [ShoqPK] Starting scrape…
2026-07-28 12:21:14  INFO      main  [Tapmad] Found 0 channels
2026-07-28 12:21:14  INFO      main  [MyCo] Found 0 channels
2026-07-28 12:21:14  INFO      main  [Tamasha] Found 0 channels
2026-07-28 12:21:14  INFO      main  [ShoqPK] Found 0 channels
2026-07-28 12:21:14  INFO      main  Total unique channels after merge: 0
2026-07-28 12:21:14  INFO      main  Validating 0 channels…
2026-07-28 12:21:14  INFO      main  Validation complete: 0 live, 0 dead (removed)
2026-07-28 12:21:14  INFO      main  Diff → +0 new, -0 removed
2026-07-28 12:21:14  INFO      main  Saved 0 channels → output/
2026-07-28 12:21:14  INFO      main  Scrape cycle complete.
2026-07-28 14:59:47  INFO      main  ============================================================
2026-07-28 14:59:47  INFO      main  Scrape cycle started at 2026-07-28 14:59:47
2026-07-28 14:59:47  INFO      main  [Tamasha] Starting scrape…
2026-07-28 14:59:47  INFO      main  [Tapmad] Starting scrape…
2026-07-28 14:59:47  INFO      main  [MyCo] Starting scrape…
2026-07-28 14:59:47  INFO      main  [ShoqPK] Starting scrape…
2026-07-28 14:59:47  INFO      main  [Tapmad] Found 0 channels
2026-07-28 14:59:47  INFO      main  [MyCo] Found 0 channels
2026-07-28 14:59:48  INFO      main  [ShoqPK] Found 0 channels
2026-07-28 14:59:48  INFO      main  [Tamasha] Found 0 channels
2026-07-28 14:59:48  INFO      main  Total unique channels after merge: 0
2026-07-28 14:59:48  INFO      main  Validating 0 channels…
2026-07-28 14:59:48  INFO      main  Validation complete: 0 live, 0 dead (removed)
2026-07-28 14:59:48  INFO      main  Diff → +0 new, -0 removed
2026-07-28 14:59:48  INFO      main  Saved 0 channels → output/
2026-07-28 14:59:48  INFO      main  Scrape cycle complete.
2026-07-28 16:46:44  INFO      main  ============================================================
2026-07-28 16:46:44  INFO      main  Scrape cycle started at 2026-07-28 16:46:44
2026-07-28 16:46:44  INFO      main  [Tamasha] Starting scrape…
2026-07-28 16:46:44  INFO      main  [Tapmad] Starting scrape…
2026-07-28 16:46:44  INFO      main  [MyCo] Starting scrape…
2026-07-28 16:46:44  INFO      main  [ShoqPK] Starting scrape…
2026-07-28 16:46:44  INFO      main  [Tapmad] Found 0 channels
2026-07-28 16:46:44  INFO      main  [MyCo] Found 0 channels
2026-07-28 16:46:45  INFO      main  [ShoqPK] Found 0 channels
2026-07-28 16:46:45  INFO      main  [Tamasha] Found 0 channels
2026-07-28 16:46:45  INFO      main  Total unique channels after merge: 0
2026-07-28 16:46:45  INFO      main  Validating 0 channels…
2026-07-28 16:46:45  INFO      main  Validation complete: 0 live, 0 dead (removed)
2026-07-28 16:46:45  INFO      main  Diff → +0 new, -0 removed
2026-07-28 16:46:45  INFO      main  Saved 0 channels → output/
2026-07-28 16:46:45  INFO      main  Scrape cycle complete.
2026-07-28 18:15:57  INFO      main  ============================================================
2026-07-28 18:15:57  INFO      main  Scrape cycle started at 2026-07-28 18:15:57
2026-07-28 18:15:57  INFO      main  [Tamasha] Starting scrape…
2026-07-28 18:15:57  INFO      main  [Tapmad] Starting scrape…
2026-07-28 18:15:57  INFO      main  [MyCo] Starting scrape…
2026-07-28 18:15:57  INFO      main  [ShoqPK] Starting scrape…
2026-07-28 18:15:57  INFO      main  [Tapmad] Found 0 channels
2026-07-28 18:15:57  INFO      main  [MyCo] Found 0 channels
2026-07-28 18:15:57  INFO      main  [ShoqPK] Found 0 channels
2026-07-28 18:15:58  INFO      main  [Tamasha] Found 0 channels
2026-07-28 18:15:58  INFO      main  Total unique channels after merge: 0
2026-07-28 18:15:58  INFO      main  Validating 0 channels…
2026-07-28 18:15:58  INFO      main  Validation complete: 0 live, 0 dead (removed)
2026-07-28 18:15:58  INFO      main  Diff → +0 new, -0 removed
2026-07-28 18:15:58  INFO      main  Saved 0 channels → output/
2026-07-28 18:15:58  INFO      main  Scrape cycle complete.
2026-07-28 20:01:18  INFO      main  ============================================================
2026-07-28 20:01:18  INFO      main  Scrape cycle started at 2026-07-28 20:01:18
2026-07-28 20:01:18  INFO      main  [Tamasha] Starting scrape…
2026-07-28 20:01:18  INFO      main  [Tapmad] Starting scrape…
2026-07-28 20:01:18  INFO      main  [MyCo] Starting scrape…
2026-07-28 20:01:18  INFO      main  [ShoqPK] Starting scrape…
2026-07-28 20:01:18  INFO      main  [Tapmad] Found 0 channels
2026-07-28 20:01:19  INFO      main  [MyCo] Found 0 channels
2026-07-28 20:01:19  INFO      main  [ShoqPK] Found 0 channels
2026-07-28 20:01:19  INFO      main  [Tamasha] Found 0 channels
2026-07-28 20:01:19  INFO      main  Total unique channels after merge: 0
2026-07-28 20:01:19  INFO      main  Validating 0 channels…
2026-07-28 20:01:19  INFO      main  Validation complete: 0 live, 0 dead (removed)
2026-07-28 20:01:19  INFO      main  Diff → +0 new, -0 removed
2026-07-28 20:01:19  INFO      main  Saved 0 channels → output/
2026-07-28 20:01:19  INFO      main  Scrape cycle complete.
2026-07-28 21:39:19  INFO      main  ============================================================
2026-07-28 21:39:19  INFO      main  Scrape cycle started at 2026-07-28 21:39:19
2026-07-28 21:39:19  INFO      main  [Tamasha] Starting scrape…
2026-07-28 21:39:19  INFO      main  [Tapmad] Starting scrape…
2026-07-28 21:39:19  INFO      main  [MyCo] Starting scrape…
2026-07-28 21:39:19  INFO      main  [ShoqPK] Starting scrape…
2026-07-28 21:39:20  INFO      main  [Tapmad] Found 0 channels
2026-07-28 21:39:20  INFO      main  [MyCo] Found 0 channels
2026-07-28 21:39:20  INFO      main  [Tamasha] Found 0 channels
2026-07-28 21:39:20  INFO      main  [ShoqPK] Found 0 channels
2026-07-28 21:39:20  INFO      main  Total unique channels after merge: 0
2026-07-28 21:39:20  INFO      main  Validating 0 channels…
2026-07-28 21:39:20  INFO      main  Validation complete: 0 live, 0 dead (removed)
2026-07-28 21:39:20  INFO      main  Diff → +0 new, -0 removed
2026-07-28 21:39:20  INFO      main  Saved 0 channels → output/
2026-07-28 21:39:20  INFO      main  Scrape cycle complete.
2026-07-28 23:01:19  INFO      main  ============================================================
2026-07-28 23:01:19  INFO      main  Scrape cycle started at 2026-07-28 23:01:19
2026-07-28 23:01:19  INFO      main  [Tamasha] Starting scrape…
2026-07-28 23:01:19  INFO      main  [Tapmad] Starting scrape…
2026-07-28 23:01:19  INFO      main  [MyCo] Starting scrape…
2026-07-28 23:01:19  INFO      main  [ShoqPK] Starting scrape…
2026-07-28 23:01:19  INFO      main  [MyCo] Found 0 channels
2026-07-28 23:01:19  INFO      main  [Tapmad] Found 0 channels
2026-07-28 23:01:20  INFO      main  [ShoqPK] Found 0 channels
2026-07-28 23:01:20  INFO      main  [Tamasha] Found 0 channels
2026-07-28 23:01:20  INFO      main  Total unique channels after merge: 0
2026-07-28 23:01:20  INFO      main  Validating 0 channels…
2026-07-28 23:01:20  INFO      main  Validation complete: 0 live, 0 dead (removed)
2026-07-28 23:01:20  INFO      main  Diff → +0 new, -0 removed
2026-07-28 23:01:20  INFO      main  Saved 0 channels → output/
2026-07-28 23:01:20  INFO      main  Scrape cycle complete.
2026-07-29 00:57:07  INFO      main  ============================================================
2026-07-29 00:57:07  INFO      main  Scrape cycle started at 2026-07-29 00:57:07
2026-07-29 00:57:07  INFO      main  [Tamasha] Starting scrape…
2026-07-29 00:57:07  INFO      main  [Tapmad] Starting scrape…
2026-07-29 00:57:07  INFO      main  [MyCo] Starting scrape…
2026-07-29 00:57:07  INFO      main  [ShoqPK] Starting scrape…
2026-07-29 00:57:07  INFO      main  [MyCo] Found 0 channels
2026-07-29 00:57:07  INFO      main  [Tapmad] Found 0 channels
2026-07-29 00:57:07  INFO      main  [Tamasha] Found 0 channels
2026-07-29 00:57:08  INFO      main  [ShoqPK] Found 0 channels
2026-07-29 00:57:08  INFO      main  Total unique channels after merge: 0
2026-07-29 00:57:08  INFO      main  Validating 0 channels…
2026-07-29 00:57:08  INFO      main  Validation complete: 0 live, 0 dead (removed)
2026-07-29 00:57:08  INFO      main  Diff → +0 new, -0 removed
2026-07-29 00:57:08  INFO      main  Saved 0 channels → output/
2026-07-29 00:57:08  INFO      main  Scrape cycle complete.
2026-07-29 04:17:58  INFO      main  ============================================================
2026-07-29 04:17:58  INFO      main  Scrape cycle started at 2026-07-29 04:17:58
2026-07-29 04:17:58  INFO      main  [Tamasha] Starting scrape…
2026-07-29 04:17:58  INFO      main  [Tapmad] Starting scrape…
2026-07-29 04:17:58  INFO      main  [MyCo] Starting scrape…
2026-07-29 04:17:58  INFO      main  [ShoqPK] Starting scrape…
2026-07-29 04:17:58  INFO      main  [Tapmad] Found 0 channels
2026-07-29 04:17:58  INFO      main  [MyCo] Found 0 channels
2026-07-29 04:17:58  INFO      main  [Tamasha] Found 0 channels
2026-07-29 04:17:59  INFO      main  [ShoqPK] Found 0 channels
2026-07-29 04:17:59  INFO      main  Total unique channels after merge: 0
2026-07-29 04:17:59  INFO      main  Validating 0 channels…
2026-07-29 04:17:59  INFO      main  Validation complete: 0 live, 0 dead (removed)
2026-07-29 04:17:59  INFO      main  Diff → +0 new, -0 removed
2026-07-29 04:17:59  INFO      main  Saved 0 channels → output/
2026-07-29 04:17:59  INFO      main  Scrape cycle complete.
2026-07-29 07:19:41  INFO      main  ============================================================
2026-07-29 07:19:41  INFO      main  Scrape cycle started at 2026-07-29 07:19:41
2026-07-29 07:19:41  INFO      main  [Tamasha] Starting scrape…
2026-07-29 07:19:41  INFO      main  [Tapmad] Starting scrape…
2026-07-29 07:19:41  INFO      main  [MyCo] Starting scrape…
2026-07-29 07:19:41  INFO      main  [ShoqPK] Starting scrape…
2026-07-29 07:19:41  INFO      main  [Tapmad] Found 0 channels
2026-07-29 07:19:41  INFO      main  [ShoqPK] Found 0 channels
2026-07-29 07:19:41  INFO      main  [MyCo] Found 0 channels
2026-07-29 07:19:41  INFO      main  [Tamasha] Found 0 channels
2026-07-29 07:19:41  INFO      main  Total unique channels after merge: 0
2026-07-29 07:19:41  INFO      main  Validating 0 channels…
2026-07-29 07:19:41  INFO      main  Validation complete: 0 live, 0 dead (removed)
2026-07-29 07:19:41  INFO      main  Diff → +0 new, -0 removed
2026-07-29 07:19:41  INFO      main  Saved 0 channels → output/
2026-07-29 07:19:41  INFO      main  Scrape cycle complete.
2026-07-29 10:08:49  INFO      main  ============================================================
2026-07-29 10:08:49  INFO      main  Scrape cycle started at 2026-07-29 10:08:49
2026-07-29 10:08:49  INFO      main  [Tamasha] Starting scrape…
2026-07-29 10:08:49  INFO      main  [Tapmad] Starting scrape…
2026-07-29 10:08:49  INFO      main  [MyCo] Starting scrape…
2026-07-29 10:08:49  INFO      main  [ShoqPK] Starting scrape…
2026-07-29 10:08:49  INFO      main  [Tapmad] Found 0 channels
2026-07-29 10:08:49  INFO      main  [MyCo] Found 0 channels
2026-07-29 10:08:49  INFO      main  [Tamasha] Found 0 channels
2026-07-29 10:08:50  INFO      main  [ShoqPK] Found 0 channels
2026-07-29 10:08:50  INFO      main  Total unique channels after merge: 0
2026-07-29 10:08:50  INFO      main  Validating 0 channels…
2026-07-29 10:08:50  INFO      main  Validation complete: 0 live, 0 dead (removed)
2026-07-29 10:08:50  INFO      main  Diff → +0 new, -0 removed
2026-07-29 10:08:50  INFO      main  Saved 0 channels → output/
2026-07-29 10:08:50  INFO      main  Scrape cycle complete.
2026-07-29 12:29:05  INFO      main  ============================================================
2026-07-29 12:29:05  INFO      main  Scrape cycle started at 2026-07-29 12:29:05
2026-07-29 12:29:05  INFO      main  [Tamasha] Starting scrape…
2026-07-29 12:29:05  INFO      main  [Tapmad] Starting scrape…
2026-07-29 12:29:05  INFO      main  [MyCo] Starting scrape…
2026-07-29 12:29:05  INFO      main  [ShoqPK] Starting scrape…
2026-07-29 12:29:06  INFO      main  [Tapmad] Found 0 channels
2026-07-29 12:29:06  INFO      main  [MyCo] Found 0 channels
2026-07-29 12:29:06  INFO      main  [ShoqPK] Found 0 channels
2026-07-29 12:29:06  INFO      main  [Tamasha] Found 0 channels
2026-07-29 12:29:06  INFO      main  Total unique channels after merge: 0
2026-07-29 12:29:06  INFO      main  Validating 0 channels…
2026-07-29 12:29:06  INFO      main  Validation complete: 0 live, 0 dead (removed)
2026-07-29 12:29:06  INFO      main  Diff → +0 new, -0 removed
2026-07-29 12:29:06  INFO      main  Saved 0 channels → output/
2026-07-29 12:29:06  INFO      main  Scrape cycle complete.
2026-07-29 14:54:32  INFO      main  ============================================================
2026-07-29 14:54:32  INFO      main  Scrape cycle started at 2026-07-29 14:54:32
2026-07-29 14:54:32  INFO      main  [Tamasha] Starting scrape…
2026-07-29 14:54:32  INFO      main  [Tapmad] Starting scrape…
2026-07-29 14:54:32  INFO      main  [MyCo] Starting scrape…
2026-07-29 14:54:32  INFO      main  [ShoqPK] Starting scrape…
2026-07-29 14:54:32  INFO      main  [Tapmad] Found 0 channels
2026-07-29 14:54:33  INFO      main  [MyCo] Found 0 channels
2026-07-29 14:54:33  INFO      main  [Tamasha] Found 0 channels
2026-07-29 14:54:33  INFO      main  [ShoqPK] Found 0 channels
2026-07-29 14:54:33  INFO      main  Total unique channels after merge: 0
2026-07-29 14:54:33  INFO      main  Validating 0 channels…
2026-07-29 14:54:33  INFO      main  Validation complete: 0 live, 0 dead (removed)
2026-07-29 14:54:33  INFO      main  Diff → +0 new, -0 removed
2026-07-29 14:54:33  INFO      main  Saved 0 channels → output/
2026-07-29 14:54:33  INFO      main  Scrape cycle complete.
2026-07-29 16:23:03  INFO      main  ============================================================
2026-07-29 16:23:03  INFO      main  Scrape cycle started at 2026-07-29 16:23:03
2026-07-29 16:23:03  INFO      main  [Tamasha] Starting scrape…
2026-07-29 16:23:03  INFO      main  [Tapmad] Starting scrape…
2026-07-29 16:23:03  INFO      main  [MyCo] Starting scrape…
2026-07-29 16:23:03  INFO      main  [ShoqPK] Starting scrape…
2026-07-29 16:23:03  INFO      main  [Tapmad] Found 0 channels
2026-07-29 16:23:03  INFO      main  [MyCo] Found 0 channels
2026-07-29 16:23:03  INFO      main  [ShoqPK] Found 0 channels
2026-07-29 16:23:03  INFO      main  [Tamasha] Found 0 channels
2026-07-29 16:23:03  INFO      main  Total unique channels after merge: 0
2026-07-29 16:23:03  INFO      main  Validating 0 channels…
2026-07-29 16:23:03  INFO      main  Validation complete: 0 live, 0 dead (removed)
2026-07-29 16:23:03  INFO      main  Diff → +0 new, -0 removed
2026-07-29 16:23:03  INFO      main  Saved 0 channels → output/
2026-07-29 16:23:03  INFO      main  Scrape cycle complete.
2026-07-29 17:48:05  INFO      main  ============================================================
2026-07-29 17:48:05  INFO      main  Scrape cycle started at 2026-07-29 17:48:05
2026-07-29 17:48:05  INFO      main  [Tamasha] Starting scrape…
2026-07-29 17:48:05  INFO      main  [Tapmad] Starting scrape…
2026-07-29 17:48:05  INFO      main  [MyCo] Starting scrape…
2026-07-29 17:48:05  INFO      main  [ShoqPK] Starting scrape…
2026-07-29 17:48:05  INFO      main  [Tapmad] Found 0 channels
2026-07-29 17:48:05  INFO      main  [MyCo] Found 0 channels
2026-07-29 17:48:06  INFO      main  [ShoqPK] Found 0 channels
2026-07-29 17:48:15  INFO      main  [Tamasha] Found 0 channels
2026-07-29 17:48:15  INFO      main  Total unique channels after merge: 0
2026-07-29 17:48:15  INFO      main  Validating 0 channels…
2026-07-29 17:48:15  INFO      main  Validation complete: 0 live, 0 dead (removed)
2026-07-29 17:48:15  INFO      main  Diff → +0 new, -0 removed
2026-07-29 17:48:15  INFO      main  Saved 0 channels → output/
2026-07-29 17:48:15  INFO      main  Scrape cycle complete.
2026-07-29 19:19:34  INFO      main  ============================================================
2026-07-29 19:19:34  INFO      main  Scrape cycle started at 2026-07-29 19:19:34
2026-07-29 19:19:34  INFO      main  [Tamasha] Starting scrape…
2026-07-29 19:19:34  INFO      main  [Tapmad] Starting scrape…
2026-07-29 19:19:34  INFO      main  [MyCo] Starting scrape…
2026-07-29 19:19:34  INFO      main  [ShoqPK] Starting scrape…
2026-07-29 19:19:34  INFO      main  [MyCo] Found 0 channels
2026-07-29 19:19:35  INFO      main  [Tapmad] Found 0 channels
2026-07-29 19:19:35  INFO      main  [ShoqPK] Found 0 channels
2026-07-29 19:19:35  INFO      main  [Tamasha] Found 0 channels
2026-07-29 19:19:35  INFO      main  Total unique channels after merge: 0
2026-07-29 19:19:35  INFO      main  Validating 0 channels…
2026-07-29 19:19:35  INFO      main  Validation complete: 0 live, 0 dead (removed)
2026-07-29 19:19:35  INFO      main  Diff → +0 new, -0 removed
2026-07-29 19:19:35  INFO      main  Saved 0 channels → output/
2026-07-29 19:19:35  INFO      main  Scrape cycle complete.
2026-07-29 20:30:50  INFO      main  ============================================================
2026-07-29 20:30:50  INFO      main  Scrape cycle started at 2026-07-29 20:30:50
2026-07-29 20:30:50  INFO      main  [Tamasha] Starting scrape…
2026-07-29 20:30:50  INFO      main  [Tapmad] Starting scrape…
2026-07-29 20:30:50  INFO      main  [MyCo] Starting scrape…
2026-07-29 20:30:50  INFO      main  [ShoqPK] Starting scrape…
2026-07-29 20:30:50  INFO      main  [Tapmad] Found 0 channels
2026-07-29 20:30:50  INFO      main  [MyCo] Found 0 channels
2026-07-29 20:30:51  INFO      main  [Tamasha] Found 0 channels
2026-07-29 20:30:51  INFO      main  [ShoqPK] Found 0 channels
2026-07-29 20:30:51  INFO      main  Total unique channels after merge: 0
2026-07-29 20:30:51  INFO      main  Validating 0 channels…
2026-07-29 20:30:51  INFO      main  Validation complete: 0 live, 0 dead (removed)
2026-07-29 20:30:51  INFO      main  Diff → +0 new, -0 removed
2026-07-29 20:30:51  INFO      main  Saved 0 channels → output/
2026-07-29 20:30:51  INFO      main  Scrape cycle complete.
2026-07-29 22:02:37  INFO      main  ============================================================
2026-07-29 22:02:37  INFO      main  Scrape cycle started at 2026-07-29 22:02:37
2026-07-29 22:02:37  INFO      main  [Tamasha] Starting scrape…
2026-07-29 22:02:37  INFO      main  [Tapmad] Starting scrape…
2026-07-29 22:02:37  INFO      main  [MyCo] Starting scrape…
2026-07-29 22:02:37  INFO      main  [ShoqPK] Starting scrape…
2026-07-29 22:02:37  INFO      main  [MyCo] Found 0 channels
2026-07-29 22:02:37  INFO      main  [Tapmad] Found 0 channels
2026-07-29 22:02:38  INFO      main  [ShoqPK] Found 0 channels
2026-07-29 22:02:38  INFO      main  [Tamasha] Found 0 channels
2026-07-29 22:02:38  INFO      main  Total unique channels after merge: 0
2026-07-29 22:02:38  INFO      main  Validating 0 channels…
2026-07-29 22:02:38  INFO      main  Validation complete: 0 live, 0 dead (removed)
2026-07-29 22:02:38  INFO      main  Diff → +0 new, -0 removed
2026-07-29 22:02:38  INFO      main  Saved 0 channels → output/
2026-07-29 22:02:38  INFO      main  Scrape cycle complete.
2026-07-29 23:30:43  INFO      main  ============================================================
2026-07-29 23:30:43  INFO      main  Scrape cycle started at 2026-07-29 23:30:43
2026-07-29 23:30:43  INFO      main  [Tamasha] Starting scrape…
2026-07-29 23:30:43  INFO      main  [Tapmad] Starting scrape…
2026-07-29 23:30:43  INFO      main  [MyCo] Starting scrape…
2026-07-29 23:30:43  INFO      main  [ShoqPK] Starting scrape…
2026-07-29 23:30:43  INFO      main  [MyCo] Found 0 channels
2026-07-29 23:30:43  INFO      main  [Tapmad] Found 0 channels
2026-07-29 23:30:43  INFO      main  [ShoqPK] Found 0 channels
2026-07-29 23:30:43  INFO      main  [Tamasha] Found 0 channels
2026-07-29 23:30:43  INFO      main  Total unique channels after merge: 0
2026-07-29 23:30:43  INFO      main  Validating 0 channels…
2026-07-29 23:30:43  INFO      main  Validation complete: 0 live, 0 dead (removed)
2026-07-29 23:30:43  INFO      main  Diff → +0 new, -0 removed
2026-07-29 23:30:43  INFO      main  Saved 0 channels → output/
2026-07-29 23:30:43  INFO      main  Scrape cycle complete.
2026-07-30 02:33:04  INFO      main  ============================================================
2026-07-30 02:33:04  INFO      main  Scrape cycle started at 2026-07-30 02:33:04
2026-07-30 02:33:04  INFO      main  [Tamasha] Starting scrape…
2026-07-30 02:33:04  INFO      main  [Tapmad] Starting scrape…
2026-07-30 02:33:04  INFO      main  [MyCo] Starting scrape…
2026-07-30 02:33:04  INFO      main  [ShoqPK] Starting scrape…
2026-07-30 02:33:04  INFO      main  [MyCo] Found 0 channels
2026-07-30 02:33:04  INFO      main  [Tapmad] Found 0 channels
2026-07-30 02:33:05  INFO      main  [ShoqPK] Found 0 channels
2026-07-30 02:33:05  INFO      main  [Tamasha] Found 0 channels
2026-07-30 02:33:05  INFO      main  Total unique channels after merge: 0
2026-07-30 02:33:05  INFO      main  Validating 0 channels…
2026-07-30 02:33:05  INFO      main  Validation complete: 0 live, 0 dead (removed)
2026-07-30 02:33:05  INFO      main  Diff → +0 new, -0 removed
2026-07-30 02:33:05  INFO      main  Saved 0 channels → output/
2026-07-30 02:33:05  INFO      main  Scrape cycle complete.
2026-07-30 05:42:47  INFO      main  ============================================================
2026-07-30 05:42:47  INFO      main  Scrape cycle started at 2026-07-30 05:42:47
2026-07-30 05:42:47  INFO      main  [Tamasha] Starting scrape…
2026-07-30 05:42:47  INFO      main  [Tapmad] Starting scrape…
2026-07-30 05:42:47  INFO      main  [MyCo] Starting scrape…
2026-07-30 05:42:47  INFO      main  [ShoqPK] Starting scrape…
2026-07-30 05:42:47  INFO      main  [ShoqPK] Found 0 channels
2026-07-30 05:42:47  INFO      main  [MyCo] Found 0 channels
2026-07-30 05:42:47  INFO      main  [Tapmad] Found 0 channels
2026-07-30 05:42:47  INFO      main  [Tamasha] Found 0 channels
2026-07-30 05:42:47  INFO      main  Total unique channels after merge: 0
2026-07-30 05:42:47  INFO      main  Validating 0 channels…
2026-07-30 05:42:47  INFO      main  Validation complete: 0 live, 0 dead (removed)
2026-07-30 05:42:47  INFO      main  Diff → +0 new, -0 removed
2026-07-30 05:42:47  INFO      main  Saved 0 channels → output/
2026-07-30 05:42:47  INFO      main  Scrape cycle complete.
2026-07-30 08:29:54  INFO      main  ============================================================
2026-07-30 08:29:54  INFO      main  Scrape cycle started at 2026-07-30 08:29:54
2026-07-30 08:29:54  INFO      main  [Tamasha] Starting scrape…
2026-07-30 08:29:54  INFO      main  [Tapmad] Starting scrape…
2026-07-30 08:29:54  INFO      main  [MyCo] Starting scrape…
2026-07-30 08:29:54  INFO      main  [ShoqPK] Starting scrape…
2026-07-30 08:29:54  INFO      main  [MyCo] Found 0 channels
2026-07-30 08:29:54  INFO      main  [Tapmad] Found 0 channels
2026-07-30 08:29:55  INFO      main  [Tamasha] Found 0 channels
2026-07-30 08:29:55  INFO      main  [ShoqPK] Found 0 channels
2026-07-30 08:29:55  INFO      main  Total unique channels after merge: 0
2026-07-30 08:29:55  INFO      main  Validating 0 channels…
2026-07-30 08:29:55  INFO      main  Validation complete: 0 live, 0 dead (removed)
2026-07-30 08:29:55  INFO      main  Diff → +0 new, -0 removed
2026-07-30 08:29:55  INFO      main  Saved 0 channels → output/
2026-07-30 08:29:55  INFO      main  Scrape cycle complete.
2026-07-30 10:39:36  INFO      main  ============================================================
2026-07-30 10:39:36  INFO      main  Scrape cycle started at 2026-07-30 10:39:36
2026-07-30 10:39:36  INFO      main  [Tamasha] Starting scrape…
2026-07-30 10:39:36  INFO      main  [Tapmad] Starting scrape…
2026-07-30 10:39:36  INFO      main  [MyCo] Starting scrape…
2026-07-30 10:39:36  INFO      main  [ShoqPK] Starting scrape…
2026-07-30 10:39:36  INFO      main  [Tapmad] Found 0 channels
2026-07-30 10:39:37  INFO      main  [MyCo] Found 0 channels
2026-07-30 10:39:37  INFO      main  [ShoqPK] Found 0 channels
2026-07-30 10:39:37  INFO      main  [Tamasha] Found 0 channels
2026-07-30 10:39:37  INFO      main  Total unique channels after merge: 0
2026-07-30 10:39:37  INFO      main  Validating 0 channels…
2026-07-30 10:39:37  INFO      main  Validation complete: 0 live, 0 dead (removed)
2026-07-30 10:39:37  INFO      main  Diff → +0 new, -0 removed
2026-07-30 10:39:37  INFO      main  Saved 0 channels → output/
2026-07-30 10:39:37  INFO      main  Scrape cycle complete.
2026-07-30 12:45:34  INFO      main  ============================================================
2026-07-30 12:45:34  INFO      main  Scrape cycle started at 2026-07-30 12:45:34
2026-07-30 12:45:34  INFO      main  [Tamasha] Starting scrape…
2026-07-30 12:45:34  INFO      main  [Tapmad] Starting scrape…
2026-07-30 12:45:34  INFO      main  [MyCo] Starting scrape…
2026-07-30 12:45:34  INFO      main  [ShoqPK] Starting scrape…
2026-07-30 12:45:34  INFO      main  [Tapmad] Found 0 channels
2026-07-30 12:45:34  INFO      main  [MyCo] Found 0 channels
2026-07-30 12:45:34  INFO      main  [ShoqPK] Found 0 channels
2026-07-30 12:45:35  INFO      main  [Tamasha] Found 0 channels
2026-07-30 12:45:35  INFO      main  Total unique channels after merge: 0
2026-07-30 12:45:35  INFO      main  Validating 0 channels…
2026-07-30 12:45:35  INFO      main  Validation complete: 0 live, 0 dead (removed)
2026-07-30 12:45:35  INFO      main  Diff → +0 new, -0 removed
2026-07-30 12:45:35  INFO      main  Saved 0 channels → output/
2026-07-30 12:45:35  INFO      main  Scrape cycle complete.
2026-07-30 15:11:36  INFO      main  ============================================================
2026-07-30 15:11:36  INFO      main  Scrape cycle started at 2026-07-30 15:11:36
2026-07-30 15:11:36  INFO      main  [Tamasha] Starting scrape…
2026-07-30 15:11:36  INFO      main  [Tapmad] Starting scrape…
2026-07-30 15:11:36  INFO      main  [MyCo] Starting scrape…
2026-07-30 15:11:36  INFO      main  [ShoqPK] Starting scrape…
2026-07-30 15:11:36  INFO      main  [Tapmad] Found 0 channels
2026-07-30 15:11:36  INFO      main  [MyCo] Found 0 channels
2026-07-30 15:11:36  INFO      main  [ShoqPK] Found 0 channels
2026-07-30 15:11:36  INFO      main  [Tamasha] Found 0 channels
2026-07-30 15:11:36  INFO      main  Total unique channels after merge: 0
2026-07-30 15:11:36  INFO      main  Validating 0 channels…
2026-07-30 15:11:36  INFO      main  Validation complete: 0 live, 0 dead (removed)
2026-07-30 15:11:36  INFO      main  Diff → +0 new, -0 removed
2026-07-30 15:11:36  INFO      main  Saved 0 channels → output/
2026-07-30 15:11:36  INFO      main  Scrape cycle complete.
2026-07-30 17:00:41  INFO      main  ============================================================
2026-07-30 17:00:41  INFO      main  Scrape cycle started at 2026-07-30 17:00:41
2026-07-30 17:00:41  INFO      main  [Tamasha] Starting scrape…
2026-07-30 17:00:41  INFO      main  [Tapmad] Starting scrape…
2026-07-30 17:00:41  INFO      main  [MyCo] Starting scrape…
2026-07-30 17:00:41  INFO      main  [ShoqPK] Starting scrape…
2026-07-30 17:00:41  INFO      main  [Tapmad] Found 0 channels
2026-07-30 17:00:41  INFO      main  [MyCo] Found 0 channels
2026-07-30 17:00:41  INFO      main  [ShoqPK] Found 0 channels
2026-07-30 17:00:41  INFO      main  [Tamasha] Found 0 channels
2026-07-30 17:00:41  INFO      main  Total unique channels after merge: 0
2026-07-30 17:00:41  INFO      main  Validating 0 channels…
2026-07-30 17:00:41  INFO      main  Validation complete: 0 live, 0 dead (removed)
2026-07-30 17:00:41  INFO      main  Diff → +0 new, -0 removed
2026-07-30 17:00:41  INFO      main  Saved 0 channels → output/
2026-07-30 17:00:41  INFO      main  Scrape cycle complete.
2026-07-30 18:55:49  INFO      main  ============================================================
2026-07-30 18:55:49  INFO      main  Scrape cycle started at 2026-07-30 18:55:49
2026-07-30 18:55:49  INFO      main  [Tamasha] Starting scrape…
2026-07-30 18:55:49  INFO      main  [Tapmad] Starting scrape…
2026-07-30 18:55:49  INFO      main  [MyCo] Starting scrape…
2026-07-30 18:55:49  INFO      main  [ShoqPK] Starting scrape…
2026-07-30 18:55:49  INFO      main  [MyCo] Found 0 channels
2026-07-30 18:55:49  INFO      main  [Tapmad] Found 0 channels
2026-07-30 18:55:50  INFO      main  [ShoqPK] Found 0 channels
2026-07-30 18:55:50  INFO      main  [Tamasha] Found 0 channels
2026-07-30 18:55:50  INFO      main  Total unique channels after merge: 0
2026-07-30 18:55:50  INFO      main  Validating 0 channels…
2026-07-30 18:55:50  INFO      main  Validation complete: 0 live, 0 dead (removed)
2026-07-30 18:55:50  INFO      main  Diff → +0 new, -0 removed
2026-07-30 18:55:50  INFO      main  Saved 0 channels → output/
2026-07-30 18:55:50  INFO      main  Scrape cycle complete.
2026-07-30 20:16:34  INFO      main  ============================================================
2026-07-30 20:16:34  INFO      main  Scrape cycle started at 2026-07-30 20:16:34
2026-07-30 20:16:34  INFO      main  [Tamasha] Starting scrape…
2026-07-30 20:16:34  INFO      main  [Tapmad] Starting scrape…
2026-07-30 20:16:34  INFO      main  [MyCo] Starting scrape…
2026-07-30 20:16:34  INFO      main  [ShoqPK] Starting scrape…
2026-07-30 20:16:34  INFO      main  [Tapmad] Found 0 channels
2026-07-30 20:16:34  INFO      main  [MyCo] Found 0 channels
2026-07-30 20:16:34  INFO      main  [Tamasha] Found 0 channels
2026-07-30 20:16:34  INFO      main  [ShoqPK] Found 0 channels
2026-07-30 20:16:34  INFO      main  Total unique channels after merge: 0
2026-07-30 20:16:34  INFO      main  Validating 0 channels…
2026-07-30 20:16:34  INFO      main  Validation complete: 0 live, 0 dead (removed)
2026-07-30 20:16:34  INFO      main  Diff → +0 new, -0 removed
2026-07-30 20:16:34  INFO      main  Saved 0 channels → output/
2026-07-30 20:16:34  INFO      main  Scrape cycle complete.
2026-07-30 21:43:27  INFO      main  ============================================================
2026-07-30 21:43:27  INFO      main  Scrape cycle started at 2026-07-30 21:43:27
2026-07-30 21:43:27  INFO      main  [Tamasha] Starting scrape…
2026-07-30 21:43:27  INFO      main  [Tapmad] Starting scrape…
2026-07-30 21:43:27  INFO      main  [MyCo] Starting scrape…
2026-07-30 21:43:27  INFO      main  [ShoqPK] Starting scrape…
2026-07-30 21:43:27  INFO      main  [Tapmad] Found 0 channels
2026-07-30 21:43:27  INFO      main  [MyCo] Found 0 channels
2026-07-30 21:43:27  INFO      main  [ShoqPK] Found 0 channels
2026-07-30 21:43:27  INFO      main  [Tamasha] Found 0 channels
2026-07-30 21:43:27  INFO      main  Total unique channels after merge: 0
2026-07-30 21:43:27  INFO      main  Validating 0 channels…
2026-07-30 21:43:27  INFO      main  Validation complete: 0 live, 0 dead (removed)
2026-07-30 21:43:27  INFO      main  Diff → +0 new, -0 removed
2026-07-30 21:43:27  INFO      main  Saved 0 channels → output/
2026-07-30 21:43:27  INFO      main  Scrape cycle complete.
2026-07-30 23:09:27  INFO      main  ============================================================
2026-07-30 23:09:27  INFO      main  Scrape cycle started at 2026-07-30 23:09:27
2026-07-30 23:09:27  INFO      main  [Tamasha] Starting scrape…
2026-07-30 23:09:27  INFO      main  [Tapmad] Starting scrape…
2026-07-30 23:09:27  INFO      main  [MyCo] Starting scrape…
2026-07-30 23:09:27  INFO      main  [ShoqPK] Starting scrape…
2026-07-30 23:09:27  INFO      main  [MyCo] Found 0 channels
2026-07-30 23:09:27  INFO      main  [Tapmad] Found 0 channels
2026-07-30 23:09:27  INFO      main  [ShoqPK] Found 0 channels
2026-07-30 23:09:28  INFO      main  [Tamasha] Found 0 channels
2026-07-30 23:09:28  INFO      main  Total unique channels after merge: 0
2026-07-30 23:09:28  INFO      main  Validating 0 channels…
2026-07-30 23:09:28  INFO      main  Validation complete: 0 live, 0 dead (removed)
2026-07-30 23:09:28  INFO      main  Diff → +0 new, -0 removed
2026-07-30 23:09:28  INFO      main  Saved 0 channels → output/
2026-07-30 23:09:28  INFO      main  Scrape cycle complete.
2026-07-31 01:05:29  INFO      main  ============================================================
2026-07-31 01:05:29  INFO      main  Scrape cycle started at 2026-07-31 01:05:29
2026-07-31 01:05:29  INFO      main  [Tamasha] Starting scrape…
2026-07-31 01:05:29  INFO      main  [Tapmad] Starting scrape…
2026-07-31 01:05:29  INFO      main  [MyCo] Starting scrape…
2026-07-31 01:05:29  INFO      main  [ShoqPK] Starting scrape…
2026-07-31 01:05:29  INFO      main  [Tapmad] Found 0 channels
2026-07-31 01:05:29  INFO      main  [MyCo] Found 0 channels
2026-07-31 01:05:30  INFO      main  [Tamasha] Found 0 channels
2026-07-31 01:05:30  INFO      main  [ShoqPK] Found 0 channels
2026-07-31 01:05:30  INFO      main  Total unique channels after merge: 0
2026-07-31 01:05:30  INFO      main  Validating 0 channels…
2026-07-31 01:05:30  INFO      main  Validation complete: 0 live, 0 dead (removed)
2026-07-31 01:05:30  INFO      main  Diff → +0 new, -0 removed
2026-07-31 01:05:30  INFO      main  Saved 0 channels → output/
2026-07-31 01:05:30  INFO      main  Scrape cycle complete.
2026-07-31 05:00:58  INFO      main  ============================================================
2026-07-31 05:00:58  INFO      main  Scrape cycle started at 2026-07-31 05:00:58
2026-07-31 05:00:58  INFO      main  [Tamasha] Starting scrape…
2026-07-31 05:00:58  INFO      main  [Tapmad] Starting scrape…
2026-07-31 05:00:58  INFO      main  [MyCo] Starting scrape…
2026-07-31 05:00:58  INFO      main  [ShoqPK] Starting scrape…
2026-07-31 05:00:58  INFO      main  [Tapmad] Found 0 channels
2026-07-31 05:00:58  INFO      main  [ShoqPK] Found 0 channels
2026-07-31 05:00:58  INFO      main  [MyCo] Found 0 channels
2026-07-31 05:00:58  INFO      main  [Tamasha] Found 0 channels
2026-07-31 05:00:58  INFO      main  Total unique channels after merge: 0
2026-07-31 05:00:58  INFO      main  Validating 0 channels…
2026-07-31 05:00:58  INFO      main  Validation complete: 0 live, 0 dead (removed)
2026-07-31 05:00:58  INFO      main  Diff → +0 new, -0 removed
2026-07-31 05:00:58  INFO      main  Saved 0 channels → output/
2026-07-31 05:00:58  INFO      main  Scrape cycle complete.
2026-07-31 08:16:29  INFO      main  ============================================================
2026-07-31 08:16:29  INFO      main  Scrape cycle started at 2026-07-31 08:16:29
2026-07-31 08:16:29  INFO      main  [Tamasha] Starting scrape…
2026-07-31 08:16:29  INFO      main  [Tapmad] Starting scrape…
2026-07-31 08:16:29  INFO      main  [MyCo] Starting scrape…
2026-07-31 08:16:29  INFO      main  [ShoqPK] Starting scrape…
2026-07-31 08:16:29  INFO      main  [Tapmad] Found 0 channels
2026-07-31 08:16:30  INFO      main  [MyCo] Found 0 channels
2026-07-31 08:16:30  INFO      main  [Tamasha] Found 0 channels
2026-07-31 08:16:30  INFO      main  [ShoqPK] Found 0 channels
2026-07-31 08:16:30  INFO      main  Total unique channels after merge: 0
2026-07-31 08:16:30  INFO      main  Validating 0 channels…
2026-07-31 08:16:30  INFO      main  Validation complete: 0 live, 0 dead (removed)
2026-07-31 08:16:30  INFO      main  Diff → +0 new, -0 removed
2026-07-31 08:16:30  INFO      main  Saved 0 channels → output/
2026-07-31 08:16:30  INFO      main  Scrape cycle complete.
2026-07-31 11:06:25  INFO      main  ============================================================
2026-07-31 11:06:25  INFO      main  Scrape cycle started at 2026-07-31 11:06:25
2026-07-31 11:06:25  INFO      main  [Tamasha] Starting scrape…
2026-07-31 11:06:25  INFO      main  [Tapmad] Starting scrape…
2026-07-31 11:06:25  INFO      main  [MyCo] Starting scrape…
2026-07-31 11:06:25  INFO      main  [ShoqPK] Starting scrape…
2026-07-31 11:06:25  INFO      main  [Tapmad] Found 0 channels
2026-07-31 11:06:25  INFO      main  [MyCo] Found 0 channels
2026-07-31 11:06:25  INFO      main  [Tamasha] Found 0 channels
2026-07-31 11:06:26  INFO      main  [ShoqPK] Found 0 channels
2026-07-31 11:06:26  INFO      main  Total unique channels after merge: 0
2026-07-31 11:06:26  INFO      main  Validating 0 channels…
2026-07-31 11:06:26  INFO      main  Validation complete: 0 live, 0 dead (removed)
2026-07-31 11:06:26  INFO      main  Diff → +0 new, -0 removed
2026-07-31 11:06:26  INFO      main  Saved 0 channels → output/
2026-07-31 11:06:26  INFO      main  Scrape cycle complete.
2026-07-31 13:14:46  INFO      main  ============================================================
2026-07-31 13:14:46  INFO      main  Scrape cycle started at 2026-07-31 13:14:46
2026-07-31 13:14:46  INFO      main  [Tamasha] Starting scrape…
2026-07-31 13:14:46  INFO      main  [Tapmad] Starting scrape…
2026-07-31 13:14:46  INFO      main  [MyCo] Starting scrape…
2026-07-31 13:14:46  INFO      main  [ShoqPK] Starting scrape…
2026-07-31 13:14:46  INFO      main  [Tapmad] Found 0 channels
2026-07-31 13:14:46  INFO      main  [MyCo] Found 0 channels
2026-07-31 13:14:46  INFO      main  [ShoqPK] Found 0 channels
2026-07-31 13:14:46  INFO      main  [Tamasha] Found 0 channels
2026-07-31 13:14:46  INFO      main  Total unique channels after merge: 0
2026-07-31 13:14:46  INFO      main  Validating 0 channels…
2026-07-31 13:14:46  INFO      main  Validation complete: 0 live, 0 dead (removed)
2026-07-31 13:14:46  INFO      main  Diff → +0 new, -0 removed
2026-07-31 13:14:46  INFO      main  Saved 0 channels → output/
2026-07-31 13:14:46  INFO      main  Scrape cycle complete.
2026-07-31 15:37:35  INFO      main  ============================================================
2026-07-31 15:37:35  INFO      main  Scrape cycle started at 2026-07-31 15:37:35
2026-07-31 15:37:35  INFO      main  [Tamasha] Starting scrape…
2026-07-31 15:37:35  INFO      main  [Tapmad] Starting scrape…
2026-07-31 15:37:35  INFO      main  [MyCo] Starting scrape…
2026-07-31 15:37:35  INFO      main  [ShoqPK] Starting scrape…
2026-07-31 15:37:35  INFO      main  [MyCo] Found 0 channels
2026-07-31 15:37:35  INFO      main  [Tapmad] Found 0 channels
2026-07-31 15:37:35  INFO      main  [Tamasha] Found 0 channels
2026-07-31 15:37:36  INFO      main  [ShoqPK] Found 0 channels
2026-07-31 15:37:36  INFO      main  Total unique channels after merge: 0
2026-07-31 15:37:36  INFO      main  Validating 0 channels…
2026-07-31 15:37:36  INFO      main  Validation complete: 0 live, 0 dead (removed)
2026-07-31 15:37:36  INFO      main  Diff → +0 new, -0 removed
2026-07-31 15:37:36  INFO      main  Saved 0 channels → output/
2026-07-31 15:37:36  INFO      main  Scrape cycle complete.
2026-07-31 17:40:18  INFO      main  ============================================================
2026-07-31 17:40:18  INFO      main  Scrape cycle started at 2026-07-31 17:40:18
2026-07-31 17:40:18  INFO      main  [Tamasha] Starting scrape…
2026-07-31 17:40:18  INFO      main  [Tapmad] Starting scrape…
2026-07-31 17:40:18  INFO      main  [MyCo] Starting scrape…
2026-07-31 17:40:18  INFO      main  [ShoqPK] Starting scrape…
2026-07-31 17:40:18  INFO      main  [MyCo] Found 0 channels
2026-07-31 17:40:18  INFO      main  [Tapmad] Found 0 channels
2026-07-31 17:40:18  INFO      main  [Tamasha] Found 0 channels
2026-07-31 17:40:18  INFO      main  [ShoqPK] Found 0 channels
2026-07-31 17:40:18  INFO      main  Total unique channels after merge: 0
2026-07-31 17:40:18  INFO      main  Validating 0 channels…
2026-07-31 17:40:18  INFO      main  Validation complete: 0 live, 0 dead (removed)
2026-07-31 17:40:18  INFO      main  Diff → +0 new, -0 removed
2026-07-31 17:40:18  INFO      main  Saved 0 channels → output/
2026-07-31 17:40:18  INFO      main  Scrape cycle complete.
2026-07-31 19:36:09  INFO      main  ============================================================
2026-07-31 19:36:09  INFO      main  Scrape cycle started at 2026-07-31 19:36:09
2026-07-31 19:36:09  INFO      main  [Tamasha] Starting scrape…
2026-07-31 19:36:09  INFO      main  [Tapmad] Starting scrape…
2026-07-31 19:36:09  INFO      main  [MyCo] Starting scrape…
2026-07-31 19:36:09  INFO      main  [ShoqPK] Starting scrape…
2026-07-31 19:36:09  INFO      main  [MyCo] Found 0 channels
2026-07-31 19:36:09  INFO      main  [Tapmad] Found 0 channels
2026-07-31 19:36:09  INFO      main  [ShoqPK] Found 0 channels
2026-07-31 19:36:09  INFO      main  [Tamasha] Found 0 channels
2026-07-31 19:36:09  INFO      main  Total unique channels after merge: 0
2026-07-31 19:36:09  INFO      main  Validating 0 channels…
2026-07-31 19:36:09  INFO      main  Validation complete: 0 live, 0 dead (removed)
2026-07-31 19:36:09  INFO      main  Diff → +0 new, -0 removed
2026-07-31 19:36:09  INFO      main  Saved 0 channels → output/
2026-07-31 19:36:09  INFO      main  Scrape cycle complete.
2026-07-31 21:06:49  INFO      main  ============================================================
2026-07-31 21:06:49  INFO      main  Scrape cycle started at 2026-07-31 21:06:49
2026-07-31 21:06:49  INFO      main  [Tamasha] Starting scrape…
2026-07-31 21:06:49  INFO      main  [Tapmad] Starting scrape…
2026-07-31 21:06:49  INFO      main  [MyCo] Starting scrape…
2026-07-31 21:06:49  INFO      main  [ShoqPK] Starting scrape…
2026-07-31 21:06:49  INFO      main  [MyCo] Found 0 channels
2026-07-31 21:06:49  INFO      main  [Tapmad] Found 0 channels
2026-07-31 21:06:50  INFO      main  [Tamasha] Found 0 channels
2026-07-31 21:06:50  INFO      main  [ShoqPK] Found 0 channels
2026-07-31 21:06:50  INFO      main  Total unique channels after merge: 0
2026-07-31 21:06:50  INFO      main  Validating 0 channels…
2026-07-31 21:06:50  INFO      main  Validation complete: 0 live, 0 dead (removed)
2026-07-31 21:06:50  INFO      main  Diff → +0 new, -0 removed
2026-07-31 21:06:50  INFO      main  Saved 0 channels → output/
2026-07-31 21:06:50  INFO      main  Scrape cycle complete.
2026-07-31 22:33:02  INFO      main  ============================================================
2026-07-31 22:33:02  INFO      main  Scrape cycle started at 2026-07-31 22:33:02
2026-07-31 22:33:02  INFO      main  [Tamasha] Starting scrape…
2026-07-31 22:33:02  INFO      main  [Tapmad] Starting scrape…
2026-07-31 22:33:02  INFO      main  [MyCo] Starting scrape…
2026-07-31 22:33:02  INFO      main  [ShoqPK] Starting scrape…
2026-07-31 22:33:02  INFO      main  [Tapmad] Found 0 channels
2026-07-31 22:33:02  INFO      main  [MyCo] Found 0 channels
2026-07-31 22:33:02  INFO      main  [Tamasha] Found 0 channels
2026-07-31 22:33:03  INFO      main  [ShoqPK] Found 0 channels
2026-07-31 22:33:03  INFO      main  Total unique channels after merge: 0
2026-07-31 22:33:03  INFO      main  Validating 0 channels…
2026-07-31 22:33:03  INFO      main  Validation complete: 0 live, 0 dead (removed)
2026-07-31 22:33:03  INFO      main  Diff → +0 new, -0 removed
2026-07-31 22:33:03  INFO      main  Saved 0 channels → output/
2026-07-31 22:33:03  INFO      main  Scrape cycle complete.
2026-08-01 00:02:55  INFO      main  ============================================================
2026-08-01 00:02:55  INFO      main  Scrape cycle started at 2026-08-01 00:02:55
2026-08-01 00:02:55  INFO      main  [Tamasha] Starting scrape…
2026-08-01 00:02:55  INFO      main  [Tapmad] Starting scrape…
2026-08-01 00:02:55  INFO      main  [MyCo] Starting scrape…
2026-08-01 00:02:55  INFO      main  [ShoqPK] Starting scrape…
2026-08-01 00:02:55  INFO      main  [Tapmad] Found 0 channels
2026-08-01 00:02:55  INFO      main  [MyCo] Found 0 channels
2026-08-01 00:02:55  INFO      main  [ShoqPK] Found 0 channels
2026-08-01 00:02:55  INFO      main  [Tamasha] Found 0 channels
2026-08-01 00:02:55  INFO      main  Total unique channels after merge: 0
2026-08-01 00:02:55  INFO      main  Validating 0 channels…
2026-08-01 00:02:55  INFO      main  Validation complete: 0 live, 0 dead (removed)
2026-08-01 00:02:55  INFO      main  Diff → +0 new, -0 removed
2026-08-01 00:02:55  INFO      main  Saved 0 channels → output/
2026-08-01 00:02:55  INFO      main  Scrape cycle complete.
2026-08-01 04:01:06  INFO      main  ============================================================
2026-08-01 04:01:06  INFO      main  Scrape cycle started at 2026-08-01 04:01:06
2026-08-01 04:01:06  INFO      main  [Tamasha] Starting scrape…
2026-08-01 04:01:06  INFO      main  [Tapmad] Starting scrape…
2026-08-01 04:01:06  INFO      main  [MyCo] Starting scrape…
2026-08-01 04:01:06  INFO      main  [ShoqPK] Starting scrape…
2026-08-01 04:01:06  INFO      main  [Tapmad] Found 0 channels
2026-08-01 04:01:06  INFO      main  [MyCo] Found 0 channels
2026-08-01 04:01:06  INFO      main  [Tamasha] Found 0 channels
2026-08-01 04:01:07  INFO      main  [ShoqPK] Found 0 channels
2026-08-01 04:01:07  INFO      main  Total unique channels after merge: 0
2026-08-01 04:01:07  INFO      main  Validating 0 channels…
2026-08-01 04:01:07  INFO      main  Validation complete: 0 live, 0 dead (removed)
2026-08-01 04:01:07  INFO      main  Diff → +0 new, -0 removed
2026-08-01 04:01:07  INFO      main  Saved 0 channels → output/
2026-08-01 04:01:07  INFO      main  Scrape cycle complete.
2026-08-01 07:02:46  INFO      main  ============================================================
2026-08-01 07:02:46  INFO      main  Scrape cycle started at 2026-08-01 07:02:46
2026-08-01 07:02:46  INFO      main  [Tamasha] Starting scrape…
2026-08-01 07:02:46  INFO      main  [Tapmad] Starting scrape…
2026-08-01 07:02:46  INFO      main  [MyCo] Starting scrape…
2026-08-01 07:02:46  INFO      main  [ShoqPK] Starting scrape…
2026-08-01 07:02:46  INFO      main  [MyCo] Found 0 channels
2026-08-01 07:02:46  INFO      main  [Tapmad] Found 0 channels
2026-08-01 07:02:46  INFO      main  [Tamasha] Found 0 channels
2026-08-01 07:02:46  INFO      main  [ShoqPK] Found 0 channels
2026-08-01 07:02:46  INFO      main  Total unique channels after merge: 0
2026-08-01 07:02:46  INFO      main  Validating 0 channels…
2026-08-01 07:02:46  INFO      main  Validation complete: 0 live, 0 dead (removed)
2026-08-01 07:02:46  INFO      main  Diff → +0 new, -0 removed
2026-08-01 07:02:46  INFO      main  Saved 0 channels → output/
2026-08-01 07:02:46  INFO      main  Scrape cycle complete.
2026-08-01 09:31:33  INFO      main  ============================================================
2026-08-01 09:31:33  INFO      main  Scrape cycle started at 2026-08-01 09:31:33
2026-08-01 09:31:33  INFO      main  [Tamasha] Starting scrape…
2026-08-01 09:31:33  INFO      main  [Tapmad] Starting scrape…
2026-08-01 09:31:33  INFO      main  [MyCo] Starting scrape…
2026-08-01 09:31:33  INFO      main  [ShoqPK] Starting scrape…
2026-08-01 09:31:33  INFO      main  [MyCo] Found 0 channels
2026-08-01 09:31:33  INFO      main  [Tapmad] Found 0 channels
2026-08-01 09:31:33  INFO      main  [ShoqPK] Found 0 channels
2026-08-01 09:31:33  INFO      main  [Tamasha] Found 0 channels
2026-08-01 09:31:33  INFO      main  Total unique channels after merge: 0
2026-08-01 09:31:33  INFO      main  Validating 0 channels…
2026-08-01 09:31:33  INFO      main  Validation complete: 0 live, 0 dead (removed)
2026-08-01 09:31:33  INFO      main  Diff → +0 new, -0 removed
2026-08-01 09:31:33  INFO      main  Saved 0 channels → output/
2026-08-01 09:31:33  INFO      main  Scrape cycle complete.
2026-08-01 11:17:35  INFO      main  ============================================================
2026-08-01 11:17:35  INFO      main  Scrape cycle started at 2026-08-01 11:17:35
2026-08-01 11:17:35  INFO      main  [Tamasha] Starting scrape…
2026-08-01 11:17:35  INFO      main  [Tapmad] Starting scrape…
2026-08-01 11:17:35  INFO      main  [MyCo] Starting scrape…
2026-08-01 11:17:35  INFO      main  [ShoqPK] Starting scrape…
2026-08-01 11:17:35  INFO      main  [MyCo] Found 0 channels
2026-08-01 11:17:35  INFO      main  [Tapmad] Found 0 channels
2026-08-01 11:17:35  INFO      main  [Tamasha] Found 0 channels
2026-08-01 11:17:35  INFO      main  [ShoqPK] Found 0 channels
2026-08-01 11:17:35  INFO      main  Total unique channels after merge: 0
2026-08-01 11:17:35  INFO      main  Validating 0 channels…
2026-08-01 11:17:35  INFO      main  Validation complete: 0 live, 0 dead (removed)
2026-08-01 11:17:35  INFO      main  Diff → +0 new, -0 removed
2026-08-01 11:17:35  INFO      main  Saved 0 channels → output/
2026-08-01 11:17:35  INFO      main  Scrape cycle complete.
2026-08-01 12:33:08  INFO      main  ============================================================
2026-08-01 12:33:08  INFO      main  Scrape cycle started at 2026-08-01 12:33:08
2026-08-01 12:33:08  INFO      main  [Tamasha] Starting scrape…
2026-08-01 12:33:08  INFO      main  [Tapmad] Starting scrape…
2026-08-01 12:33:08  INFO      main  [MyCo] Starting scrape…
2026-08-01 12:33:08  INFO      main  [ShoqPK] Starting scrape…
2026-08-01 12:33:08  INFO      main  [Tapmad] Found 0 channels
2026-08-01 12:33:09  INFO      main  [MyCo] Found 0 channels
2026-08-01 12:33:09  INFO      main  [Tamasha] Found 0 channels
2026-08-01 12:33:09  INFO      main  [ShoqPK] Found 0 channels
2026-08-01 12:33:09  INFO      main  Total unique channels after merge: 0
2026-08-01 12:33:09  INFO      main  Validating 0 channels…
2026-08-01 12:33:09  INFO      main  Validation complete: 0 live, 0 dead (removed)
2026-08-01 12:33:09  INFO      main  Diff → +0 new, -0 removed
2026-08-01 12:33:09  INFO      main  Saved 0 channels → output/
2026-08-01 12:33:09  INFO      main  Scrape cycle complete.
2026-08-01 14:27:34  INFO      main  ============================================================
2026-08-01 14:27:34  INFO      main  Scrape cycle started at 2026-08-01 14:27:34
2026-08-01 14:27:34  INFO      main  [Tamasha] Starting scrape…
2026-08-01 14:27:34  INFO      main  [Tapmad] Starting scrape…
2026-08-01 14:27:34  INFO      main  [MyCo] Starting scrape…
2026-08-01 14:27:34  INFO      main  [ShoqPK] Starting scrape…
2026-08-01 14:27:35  INFO      main  [Tapmad] Found 0 channels
2026-08-01 14:27:35  INFO      main  [MyCo] Found 0 channels
2026-08-01 14:27:35  INFO      main  [Tamasha] Found 0 channels
2026-08-01 14:27:35  INFO      main  [ShoqPK] Found 0 channels
2026-08-01 14:27:35  INFO      main  Total unique channels after merge: 0
2026-08-01 14:27:35  INFO      main  Validating 0 channels…
2026-08-01 14:27:35  INFO      main  Validation complete: 0 live, 0 dead (removed)
2026-08-01 14:27:35  INFO      main  Diff → +0 new, -0 removed
2026-08-01 14:27:35  INFO      main  Saved 0 channels → output/
2026-08-01 14:27:35  INFO      main  Scrape cycle complete.
2026-08-01 15:38:49  INFO      main  ============================================================
2026-08-01 15:38:49  INFO      main  Scrape cycle started at 2026-08-01 15:38:49
2026-08-01 15:38:49  INFO      main  [Tamasha] Starting scrape…
2026-08-01 15:38:49  INFO      main  [Tapmad] Starting scrape…
2026-08-01 15:38:49  INFO      main  [MyCo] Starting scrape…
2026-08-01 15:38:49  INFO      main  [ShoqPK] Starting scrape…
2026-08-01 15:38:49  INFO      main  [Tapmad] Found 0 channels
2026-08-01 15:38:49  INFO      main  [MyCo] Found 0 channels
2026-08-01 15:38:49  INFO      main  [Tamasha] Found 0 channels
2026-08-01 15:38:49  INFO      main  [ShoqPK] Found 0 channels
2026-08-01 15:38:49  INFO      main  Total unique channels after merge: 0
2026-08-01 15:38:49  INFO      main  Validating 0 channels…
2026-08-01 15:38:49  INFO      main  Validation complete: 0 live, 0 dead (removed)
2026-08-01 15:38:49  INFO      main  Diff → +0 new, -0 removed
2026-08-01 15:38:49  INFO      main  Saved 0 channels → output/
2026-08-01 15:38:49  INFO      main  Scrape cycle complete.
2026-08-01 17:01:39  INFO      main  ============================================================
2026-08-01 17:01:39  INFO      main  Scrape cycle started at 2026-08-01 17:01:39
2026-08-01 17:01:39  INFO      main  [Tamasha] Starting scrape…
2026-08-01 17:01:39  INFO      main  [Tapmad] Starting scrape…
2026-08-01 17:01:39  INFO      main  [MyCo] Starting scrape…
2026-08-01 17:01:39  INFO      main  [ShoqPK] Starting scrape…
2026-08-01 17:01:39  INFO      main  [Tapmad] Found 0 channels
2026-08-01 17:01:39  INFO      main  [MyCo] Found 0 channels
2026-08-01 17:01:39  INFO      main  [Tamasha] Found 0 channels
2026-08-01 17:01:40  INFO      main  [ShoqPK] Found 0 channels
2026-08-01 17:01:40  INFO      main  Total unique channels after merge: 0
2026-08-01 17:01:40  INFO      main  Validating 0 channels…
2026-08-01 17:01:40  INFO      main  Validation complete: 0 live, 0 dead (removed)
2026-08-01 17:01:40  INFO      main  Diff → +0 new, -0 removed
2026-08-01 17:01:40  INFO      main  Saved 0 channels → output/
2026-08-01 17:01:40  INFO      main  Scrape cycle complete.
2026-08-01 18:29:19  INFO      main  ============================================================
2026-08-01 18:29:19  INFO      main  Scrape cycle started at 2026-08-01 18:29:19
2026-08-01 18:29:19  INFO      main  [Tamasha] Starting scrape…
2026-08-01 18:29:19  INFO      main  [Tapmad] Starting scrape…
2026-08-01 18:29:19  INFO      main  [MyCo] Starting scrape…
2026-08-01 18:29:19  INFO      main  [ShoqPK] Starting scrape…
2026-08-01 18:29:19  INFO      main  [MyCo] Found 0 channels
2026-08-01 18:29:19  INFO      main  [Tapmad] Found 0 channels
2026-08-01 18:29:19  INFO      main  [Tamasha] Found 0 channels
2026-08-01 18:29:19  INFO      main  [ShoqPK] Found 0 channels
2026-08-01 18:29:19  INFO      main  Total unique channels after merge: 0
2026-08-01 18:29:19  INFO      main  Validating 0 channels…
2026-08-01 18:29:19  INFO      main  Validation complete: 0 live, 0 dead (removed)
2026-08-01 18:29:19  INFO      main  Diff → +0 new, -0 removed
2026-08-01 18:29:19  INFO      main  Saved 0 channels → output/
2026-08-01 18:29:19  INFO      main  Scrape cycle complete.
2026-08-01 19:46:39  INFO      main  ============================================================
2026-08-01 19:46:39  INFO      main  Scrape cycle started at 2026-08-01 19:46:39
2026-08-01 19:46:39  INFO      main  [Tamasha] Starting scrape…
2026-08-01 19:46:39  INFO      main  [Tapmad] Starting scrape…
2026-08-01 19:46:39  INFO      main  [MyCo] Starting scrape…
2026-08-01 19:46:39  INFO      main  [ShoqPK] Starting scrape…
2026-08-01 19:46:40  INFO      main  [Tapmad] Found 0 channels
2026-08-01 19:46:40  INFO      main  [MyCo] Found 0 channels
2026-08-01 19:46:40  INFO      main  [ShoqPK] Found 0 channels
2026-08-01 19:46:40  INFO      main  [Tamasha] Found 0 channels
2026-08-01 19:46:40  INFO      main  Total unique channels after merge: 0
2026-08-01 19:46:40  INFO      main  Validating 0 channels…
2026-08-01 19:46:40  INFO      main  Validation complete: 0 live, 0 dead (removed)
2026-08-01 19:46:40  INFO      main  Diff → +0 new, -0 removed
2026-08-01 19:46:40  INFO      main  Saved 0 channels → output/
2026-08-01 19:46:40  INFO      main  Scrape cycle complete.
2026-08-01 20:55:00  INFO      main  ============================================================
2026-08-01 20:55:00  INFO      main  Scrape cycle started at 2026-08-01 20:55:00
2026-08-01 20:55:00  INFO      main  [Tamasha] Starting scrape…
2026-08-01 20:55:00  INFO      main  [Tapmad] Starting scrape…
2026-08-01 20:55:00  INFO      main  [MyCo] Starting scrape…
2026-08-01 20:55:00  INFO      main  [ShoqPK] Starting scrape…
2026-08-01 20:55:00  INFO      main  [Tapmad] Found 0 channels
2026-08-01 20:55:00  INFO      main  [MyCo] Found 0 channels
2026-08-01 20:55:00  INFO      main  [Tamasha] Found 0 channels
2026-08-01 20:55:00  INFO      main  [ShoqPK] Found 0 channels
2026-08-01 20:55:00  INFO      main  Total unique channels after merge: 0
2026-08-01 20:55:00  INFO      main  Validating 0 channels…
2026-08-01 20:55:00  INFO      main  Validation complete: 0 live, 0 dead (removed)
2026-08-01 20:55:00  INFO      main  Diff → +0 new, -0 removed
2026-08-01 20:55:00  INFO      main  Saved 0 channels → output/
2026-08-01 20:55:00  INFO      main  Scrape cycle complete.
2026-08-01 21:58:34  INFO      main  ============================================================
2026-08-01 21:58:34  INFO      main  Scrape cycle started at 2026-08-01 21:58:34
2026-08-01 21:58:34  INFO      main  [Tamasha] Starting scrape…
2026-08-01 21:58:34  INFO      main  [Tapmad] Starting scrape…
2026-08-01 21:58:34  INFO      main  [MyCo] Starting scrape…
2026-08-01 21:58:34  INFO      main  [ShoqPK] Starting scrape…
2026-08-01 21:58:34  INFO      main  [MyCo] Found 0 channels
2026-08-01 21:58:34  INFO      main  [Tapmad] Found 0 channels
2026-08-01 21:58:34  INFO      main  [ShoqPK] Found 0 channels
2026-08-01 21:58:34  INFO      main  [Tamasha] Found 0 channels
2026-08-01 21:58:34  INFO      main  Total unique channels after merge: 0
2026-08-01 21:58:34  INFO      main  Validating 0 channels…
2026-08-01 21:58:34  INFO      main  Validation complete: 0 live, 0 dead (removed)
2026-08-01 21:58:34  INFO      main  Diff → +0 new, -0 removed
2026-08-01 21:58:34  INFO      main  Saved 0 channels → output/
2026-08-01 21:58:34  INFO      main  Scrape cycle complete.
2026-08-01 23:02:14  INFO      main  ============================================================
2026-08-01 23:02:14  INFO      main  Scrape cycle started at 2026-08-01 23:02:14
2026-08-01 23:02:14  INFO      main  [Tamasha] Starting scrape…
2026-08-01 23:02:14  INFO      main  [Tapmad] Starting scrape…
2026-08-01 23:02:14  INFO      main  [MyCo] Starting scrape…
2026-08-01 23:02:14  INFO      main  [ShoqPK] Starting scrape…
2026-08-01 23:02:14  INFO      main  [MyCo] Found 0 channels
2026-08-01 23:02:14  INFO      main  [Tapmad] Found 0 channels
2026-08-01 23:02:14  INFO      main  [ShoqPK] Found 0 channels
2026-08-01 23:02:15  INFO      main  [Tamasha] Found 0 channels
2026-08-01 23:02:15  INFO      main  Total unique channels after merge: 0
2026-08-01 23:02:15  INFO      main  Validating 0 channels…
2026-08-01 23:02:15  INFO      main  Validation complete: 0 live, 0 dead (removed)
2026-08-01 23:02:15  INFO      main  Diff → +0 new, -0 removed
2026-08-01 23:02:15  INFO      main  Saved 0 channels → output/
2026-08-01 23:02:15  INFO      main  Scrape cycle complete.
2026-08-02 01:06:59  INFO      main  ============================================================
2026-08-02 01:06:59  INFO      main  Scrape cycle started at 2026-08-02 01:06:59
2026-08-02 01:06:59  INFO      main  [Tamasha] Starting scrape…
2026-08-02 01:06:59  INFO      main  [Tapmad] Starting scrape…
2026-08-02 01:06:59  INFO      main  [MyCo] Starting scrape…
2026-08-02 01:06:59  INFO      main  [ShoqPK] Starting scrape…
2026-08-02 01:06:59  INFO      main  [Tapmad] Found 0 channels
2026-08-02 01:06:59  INFO      main  [ShoqPK] Found 0 channels
2026-08-02 01:06:59  INFO      main  [MyCo] Found 0 channels
2026-08-02 01:06:59  INFO      main  [Tamasha] Found 0 channels
2026-08-02 01:06:59  INFO      main  Total unique channels after merge: 0
2026-08-02 01:06:59  INFO      main  Validating 0 channels…
2026-08-02 01:06:59  INFO      main  Validation complete: 0 live, 0 dead (removed)
2026-08-02 01:06:59  INFO      main  Diff → +0 new, -0 removed
2026-08-02 01:06:59  INFO      main  Saved 0 channels → output/
2026-08-02 01:06:59  INFO      main  Scrape cycle complete.
2026-08-02 04:55:08  INFO      main  ============================================================
2026-08-02 04:55:08  INFO      main  Scrape cycle started at 2026-08-02 04:55:08
2026-08-02 04:55:08  INFO      main  [Tamasha] Starting scrape…
2026-08-02 04:55:08  INFO      main  [Tapmad] Starting scrape…
2026-08-02 04:55:08  INFO      main  [MyCo] Starting scrape…
2026-08-02 04:55:08  INFO      main  [ShoqPK] Starting scrape…
2026-08-02 04:55:08  INFO      main  [Tapmad] Found 0 channels
2026-08-02 04:55:08  INFO      main  [ShoqPK] Found 0 channels
2026-08-02 04:55:08  INFO      main  [MyCo] Found 0 channels
2026-08-02 04:55:08  INFO      main  [Tamasha] Found 0 channels
2026-08-02 04:55:08  INFO      main  Total unique channels after merge: 0
2026-08-02 04:55:08  INFO      main  Validating 0 channels…
2026-08-02 04:55:08  INFO      main  Validation complete: 0 live, 0 dead (removed)
2026-08-02 04:55:08  INFO      main  Diff → +0 new, -0 removed
2026-08-02 04:55:08  INFO      main  Saved 0 channels → output/
2026-08-02 04:55:08  INFO      main  Scrape cycle complete.
2026-08-02 07:32:53  INFO      main  ============================================================
2026-08-02 07:32:53  INFO      main  Scrape cycle started at 2026-08-02 07:32:53
2026-08-02 07:32:53  INFO      main  [Tamasha] Starting scrape…
2026-08-02 07:32:53  INFO      main  [Tapmad] Starting scrape…
2026-08-02 07:32:53  INFO      main  [MyCo] Starting scrape…
2026-08-02 07:32:53  INFO      main  [ShoqPK] Starting scrape…
2026-08-02 07:32:53  INFO      main  [Tapmad] Found 0 channels
2026-08-02 07:32:53  INFO      main  [MyCo] Found 0 channels
2026-08-02 07:32:54  INFO      main  [ShoqPK] Found 0 channels
2026-08-02 07:32:54  INFO      main  [Tamasha] Found 0 channels
2026-08-02 07:32:54  INFO      main  Total unique channels after merge: 0
2026-08-02 07:32:54  INFO      main  Validating 0 channels…
2026-08-02 07:32:54  INFO      main  Validation complete: 0 live, 0 dead (removed)
2026-08-02 07:32:54  INFO      main  Diff → +0 new, -0 removed
2026-08-02 07:32:54  INFO      main  Saved 0 channels → output/
2026-08-02 07:32:54  INFO      main  Scrape cycle complete.
2026-08-02 09:59:02  INFO      main  ============================================================
2026-08-02 09:59:02  INFO      main  Scrape cycle started at 2026-08-02 09:59:02
2026-08-02 09:59:02  INFO      main  [Tamasha] Starting scrape…
2026-08-02 09:59:02  INFO      main  [Tapmad] Starting scrape…
2026-08-02 09:59:02  INFO      main  [MyCo] Starting scrape…
2026-08-02 09:59:02  INFO      main  [ShoqPK] Starting scrape…
2026-08-02 09:59:02  INFO      main  [MyCo] Found 0 channels
2026-08-02 09:59:02  INFO      main  [Tapmad] Found 0 channels
2026-08-02 09:59:03  INFO      main  [ShoqPK] Found 0 channels
2026-08-02 09:59:03  INFO      main  [Tamasha] Found 0 channels
2026-08-02 09:59:03  INFO      main  Total unique channels after merge: 0
2026-08-02 09:59:03  INFO      main  Validating 0 channels…
2026-08-02 09:59:03  INFO      main  Validation complete: 0 live, 0 dead (removed)
2026-08-02 09:59:03  INFO      main  Diff → +0 new, -0 removed
2026-08-02 09:59:03  INFO      main  Saved 0 channels → output/
2026-08-02 09:59:03  INFO      main  Scrape cycle complete.
2026-08-02 11:23:03  INFO      main  ============================================================
2026-08-02 11:23:03  INFO      main  Scrape cycle started at 2026-08-02 11:23:03
2026-08-02 11:23:03  INFO      main  [Tamasha] Starting scrape…
2026-08-02 11:23:03  INFO      main  [Tapmad] Starting scrape…
2026-08-02 11:23:03  INFO      main  [MyCo] Starting scrape…
2026-08-02 11:23:03  INFO      main  [ShoqPK] Starting scrape…
2026-08-02 11:23:03  INFO      main  [Tapmad] Found 0 channels
2026-08-02 11:23:04  INFO      main  [MyCo] Found 0 channels
2026-08-02 11:23:04  INFO      main  [Tamasha] Found 0 channels
2026-08-02 11:23:04  INFO      main  [ShoqPK] Found 0 channels
2026-08-02 11:23:04  INFO      main  Total unique channels after merge: 0
2026-08-02 11:23:04  INFO      main  Validating 0 channels…
2026-08-02 11:23:04  INFO      main  Validation complete: 0 live, 0 dead (removed)
2026-08-02 11:23:04  INFO      main  Diff → +0 new, -0 removed
2026-08-02 11:23:04  INFO      main  Saved 0 channels → output/
2026-08-02 11:23:04  INFO      main  Scrape cycle complete.
2026-08-02 12:35:23  INFO      main  ============================================================
2026-08-02 12:35:23  INFO      main  Scrape cycle started at 2026-08-02 12:35:23
2026-08-02 12:35:23  INFO      main  [Tamasha] Starting scrape…
2026-08-02 12:35:23  INFO      main  [Tapmad] Starting scrape…
2026-08-02 12:35:23  INFO      main  [MyCo] Starting scrape…
2026-08-02 12:35:23  INFO      main  [ShoqPK] Starting scrape…
2026-08-02 12:35:23  INFO      main  [MyCo] Found 0 channels
2026-08-02 12:35:23  INFO      main  [Tapmad] Found 0 channels
2026-08-02 12:35:24  INFO      main  [ShoqPK] Found 0 channels
2026-08-02 12:35:24  INFO      main  [Tamasha] Found 0 channels
2026-08-02 12:35:24  INFO      main  Total unique channels after merge: 0
2026-08-02 12:35:24  INFO      main  Validating 0 channels…
2026-08-02 12:35:24  INFO      main  Validation complete: 0 live, 0 dead (removed)
2026-08-02 12:35:24  INFO      main  Diff → +0 new, -0 removed
2026-08-02 12:35:24  INFO      main  Saved 0 channels → output/
2026-08-02 12:35:24  INFO      main  Scrape cycle complete.
2026-08-02 14:36:50  INFO      main  ============================================================
2026-08-02 14:36:50  INFO      main  Scrape cycle started at 2026-08-02 14:36:50
2026-08-02 14:36:50  INFO      main  [Tamasha] Starting scrape…
2026-08-02 14:36:50  INFO      main  [Tapmad] Starting scrape…
2026-08-02 14:36:50  INFO      main  [MyCo] Starting scrape…
2026-08-02 14:36:50  INFO      main  [ShoqPK] Starting scrape…
2026-08-02 14:36:50  INFO      main  [MyCo] Found 0 channels
2026-08-02 14:36:50  INFO      main  [Tapmad] Found 0 channels
2026-08-02 14:36:51  INFO      main  [ShoqPK] Found 0 channels
2026-08-02 14:36:51  INFO      main  [Tamasha] Found 0 channels
2026-08-02 14:36:51  INFO      main  Total unique channels after merge: 0
2026-08-02 14:36:51  INFO      main  Validating 0 channels…
2026-08-02 14:36:51  INFO      main  Validation complete: 0 live, 0 dead (removed)
2026-08-02 14:36:51  INFO      main  Diff → +0 new, -0 removed
2026-08-02 14:36:51  INFO      main  Saved 0 channels → output/
2026-08-02 14:36:51  INFO      main  Scrape cycle complete.
2026-08-02 16:01:47  INFO      main  ============================================================
2026-08-02 16:01:47  INFO      main  Scrape cycle started at 2026-08-02 16:01:47
2026-08-02 16:01:47  INFO      main  [Tamasha] Starting scrape…
2026-08-02 16:01:47  INFO      main  [Tapmad] Starting scrape…
2026-08-02 16:01:47  INFO      main  [MyCo] Starting scrape…
2026-08-02 16:01:47  INFO      main  [ShoqPK] Starting scrape…
2026-08-02 16:01:47  INFO      main  [Tapmad] Found 0 channels
2026-08-02 16:01:48  INFO      main  [MyCo] Found 0 channels
2026-08-02 16:01:48  INFO      main  [ShoqPK] Found 0 channels
2026-08-02 16:01:48  INFO      main  [Tamasha] Found 0 channels
2026-08-02 16:01:48  INFO      main  Total unique channels after merge: 0
2026-08-02 16:01:48  INFO      main  Validating 0 channels…
2026-08-02 16:01:48  INFO      main  Validation complete: 0 live, 0 dead (removed)
2026-08-02 16:01:48  INFO      main  Diff → +0 new, -0 removed
2026-08-02 16:01:48  INFO      main  Saved 0 channels → output/
2026-08-02 16:01:48  INFO      main  Scrape cycle complete.
2026-08-02 17:32:21  INFO      main  ============================================================
2026-08-02 17:32:21  INFO      main  Scrape cycle started at 2026-08-02 17:32:21
2026-08-02 17:32:21  INFO      main  [Tamasha] Starting scrape…
2026-08-02 17:32:21  INFO      main  [Tapmad] Starting scrape…
2026-08-02 17:32:21  INFO      main  [MyCo] Starting scrape…
2026-08-02 17:32:21  INFO      main  [ShoqPK] Starting scrape…
2026-08-02 17:32:21  INFO      main  [MyCo] Found 0 channels
2026-08-02 17:32:22  INFO      main  [Tapmad] Found 0 channels
2026-08-02 17:32:22  INFO      main  [ShoqPK] Found 0 channels
2026-08-02 17:32:22  INFO      main  [Tamasha] Found 0 channels
2026-08-02 17:32:22  INFO      main  Total unique channels after merge: 0
2026-08-02 17:32:22  INFO      main  Validating 0 channels…
2026-08-02 17:32:22  INFO      main  Validation complete: 0 live, 0 dead (removed)
2026-08-02 17:32:22  INFO      main  Diff → +0 new, -0 removed
2026-08-02 17:32:22  INFO      main  Saved 0 channels → output/
2026-08-02 17:32:22  INFO      main  Scrape cycle complete.
2026-08-02 19:12:58  INFO      main  ============================================================
2026-08-02 19:12:58  INFO      main  Scrape cycle started at 2026-08-02 19:12:58
2026-08-02 19:12:58  INFO      main  [Tamasha] Starting scrape…
2026-08-02 19:12:58  INFO      main  [Tapmad] Starting scrape…
2026-08-02 19:12:58  INFO      main  [MyCo] Starting scrape…
2026-08-02 19:12:58  INFO      main  [ShoqPK] Starting scrape…
2026-08-02 19:12:58  INFO      main  [Tapmad] Found 0 channels
2026-08-02 19:12:58  INFO      main  [MyCo] Found 0 channels
2026-08-02 19:12:58  INFO      main  [ShoqPK] Found 0 channels
2026-08-02 19:12:58  INFO      main  [Tamasha] Found 0 channels
2026-08-02 19:12:58  INFO      main  Total unique channels after merge: 0
2026-08-02 19:12:58  INFO      main  Validating 0 channels…
2026-08-02 19:12:58  INFO      main  Validation complete: 0 live, 0 dead (removed)
2026-08-02 19:12:58  INFO      main  Diff → +0 new, -0 removed
2026-08-02 19:12:58  INFO      main  Saved 0 channels → output/
2026-08-02 19:12:58  INFO      main  Scrape cycle complete.
2026-08-02 20:28:16  INFO      main  ============================================================
2026-08-02 20:28:16  INFO      main  Scrape cycle started at 2026-08-02 20:28:16
2026-08-02 20:28:16  INFO      main  [Tamasha] Starting scrape…
2026-08-02 20:28:16  INFO      main  [Tapmad] Starting scrape…
2026-08-02 20:28:16  INFO      main  [MyCo] Starting scrape…
2026-08-02 20:28:16  INFO      main  [ShoqPK] Starting scrape…
2026-08-02 20:28:16  INFO      main  [MyCo] Found 0 channels
2026-08-02 20:28:16  INFO      main  [Tapmad] Found 0 channels
2026-08-02 20:28:16  INFO      main  [Tamasha] Found 0 channels
2026-08-02 20:28:16  INFO      main  [ShoqPK] Found 0 channels
2026-08-02 20:28:16  INFO      main  Total unique channels after merge: 0
2026-08-02 20:28:16  INFO      main  Validating 0 channels…
2026-08-02 20:28:16  INFO      main  Validation complete: 0 live, 0 dead (removed)
2026-08-02 20:28:16  INFO      main  Diff → +0 new, -0 removed
2026-08-02 20:28:16  INFO      main  Saved 0 channels → output/
2026-08-02 20:28:16  INFO      main  Scrape cycle complete.
2026-08-02 21:27:44  INFO      main  ============================================================
2026-08-02 21:27:44  INFO      main  Scrape cycle started at 2026-08-02 21:27:44
2026-08-02 21:27:44  INFO      main  [Tamasha] Starting scrape…
2026-08-02 21:27:44  INFO      main  [Tapmad] Starting scrape…
2026-08-02 21:27:44  INFO      main  [MyCo] Starting scrape…
2026-08-02 21:27:44  INFO      main  [ShoqPK] Starting scrape…
2026-08-02 21:27:44  INFO      main  [MyCo] Found 0 channels
2026-08-02 21:27:44  INFO      main  [Tapmad] Found 0 channels
2026-08-02 21:27:44  INFO      main  [Tamasha] Found 0 channels
2026-08-02 21:27:44  INFO      main  [ShoqPK] Found 0 channels
2026-08-02 21:27:44  INFO      main  Total unique channels after merge: 0
2026-08-02 21:27:44  INFO      main  Validating 0 channels…
2026-08-02 21:27:44  INFO      main  Validation complete: 0 live, 0 dead (removed)
2026-08-02 21:27:44  INFO      main  Diff → +0 new, -0 removed
2026-08-02 21:27:44  INFO      main  Saved 0 channels → output/
2026-08-02 21:27:44  INFO      main  Scrape cycle complete.
2026-08-02 22:29:46  INFO      main  ============================================================
2026-08-02 22:29:46  INFO      main  Scrape cycle started at 2026-08-02 22:29:46
2026-08-02 22:29:46  INFO      main  [Tamasha] Starting scrape…
2026-08-02 22:29:46  INFO      main  [Tapmad] Starting scrape…
2026-08-02 22:29:46  INFO      main  [MyCo] Starting scrape…
2026-08-02 22:29:46  INFO      main  [ShoqPK] Starting scrape…
2026-08-02 22:29:46  INFO      main  [Tapmad] Found 0 channels
2026-08-02 22:29:46  INFO      main  [MyCo] Found 0 channels
2026-08-02 22:29:46  INFO      main  [Tamasha] Found 0 channels
2026-08-02 22:29:46  INFO      main  [ShoqPK] Found 0 channels
2026-08-02 22:29:46  INFO      main  Total unique channels after merge: 0
2026-08-02 22:29:46  INFO      main  Validating 0 channels…
2026-08-02 22:29:46  INFO      main  Validation complete: 0 live, 0 dead (removed)
2026-08-02 22:29:46  INFO      main  Diff → +0 new, -0 removed
2026-08-02 22:29:46  INFO      main  Saved 0 channels → output/
2026-08-02 22:29:46  INFO      main  Scrape cycle complete.
2026-08-02 23:32:28  INFO      main  ============================================================
2026-08-02 23:32:28  INFO      main  Scrape cycle started at 2026-08-02 23:32:28
2026-08-02 23:32:28  INFO      main  [Tamasha] Starting scrape…
2026-08-02 23:32:28  INFO      main  [Tapmad] Starting scrape…
2026-08-02 23:32:28  INFO      main  [MyCo] Starting scrape…
2026-08-02 23:32:28  INFO      main  [ShoqPK] Starting scrape…
2026-08-02 23:32:28  INFO      main  [Tapmad] Found 0 channels
2026-08-02 23:32:28  INFO      main  [MyCo] Found 0 channels
2026-08-02 23:32:29  INFO      main  [ShoqPK] Found 0 channels
2026-08-02 23:32:29  INFO      main  [Tamasha] Found 0 channels
2026-08-02 23:32:29  INFO      main  Total unique channels after merge: 0
2026-08-02 23:32:29  INFO      main  Validating 0 channels…
2026-08-02 23:32:29  INFO      main  Validation complete: 0 live, 0 dead (removed)
2026-08-02 23:32:29  INFO      main  Diff → +0 new, -0 removed
2026-08-02 23:32:29  INFO      main  Saved 0 channels → output/
2026-08-02 23:32:29  INFO      main  Scrape cycle complete.
2026-08-03 03:14:36  INFO      main  ============================================================
2026-08-03 03:14:36  INFO      main  Scrape cycle started at 2026-08-03 03:14:36
2026-08-03 03:14:36  INFO      main  [Tamasha] Starting scrape…
2026-08-03 03:14:36  INFO      main  [Tapmad] Starting scrape…
2026-08-03 03:14:36  INFO      main  [MyCo] Starting scrape…
2026-08-03 03:14:36  INFO      main  [ShoqPK] Starting scrape…
2026-08-03 03:14:36  INFO      main  [Tapmad] Found 0 channels
2026-08-03 03:14:36  INFO      main  [Tamasha] Found 0 channels
2026-08-03 03:14:36  INFO      main  [MyCo] Found 0 channels
2026-08-03 03:14:37  INFO      main  [ShoqPK] Found 0 channels
2026-08-03 03:14:37  INFO      main  Total unique channels after merge: 0
2026-08-03 03:14:37  INFO      main  Validating 0 channels…
2026-08-03 03:14:37  INFO      main  Validation complete: 0 live, 0 dead (removed)
2026-08-03 03:14:37  INFO      main  Diff → +0 new, -0 removed
2026-08-03 03:14:37  INFO      main  Saved 0 channels → output/
2026-08-03 03:14:37  INFO      main  Scrape cycle complete.
2026-08-03 06:44:31  INFO      main  ============================================================
2026-08-03 06:44:31  INFO      main  Scrape cycle started at 2026-08-03 06:44:31
2026-08-03 06:44:31  INFO      main  [Tamasha] Starting scrape…
2026-08-03 06:44:31  INFO      main  [Tapmad] Starting scrape…
2026-08-03 06:44:31  INFO      main  [MyCo] Starting scrape…
2026-08-03 06:44:31  INFO      main  [ShoqPK] Starting scrape…
2026-08-03 06:44:31  INFO      main  [MyCo] Found 0 channels
2026-08-03 06:44:31  INFO      main  [Tapmad] Found 0 channels
2026-08-03 06:44:32  INFO      main  [ShoqPK] Found 0 channels
2026-08-03 06:44:32  INFO      main  [Tamasha] Found 0 channels
2026-08-03 06:44:32  INFO      main  Total unique channels after merge: 0
2026-08-03 06:44:32  INFO      main  Validating 0 channels…
2026-08-03 06:44:32  INFO      main  Validation complete: 0 live, 0 dead (removed)
2026-08-03 06:44:32  INFO      main  Diff → +0 new, -0 removed
2026-08-03 06:44:32  INFO      main  Saved 0 channels → output/
2026-08-03 06:44:32  INFO      main  Scrape cycle complete.
2026-08-03 10:44:28  INFO      main  ============================================================
2026-08-03 10:44:28  INFO      main  Scrape cycle started at 2026-08-03 10:44:28
2026-08-03 10:44:28  INFO      main  [Tamasha] Starting scrape…
2026-08-03 10:44:28  INFO      main  [Tapmad] Starting scrape…
2026-08-03 10:44:28  INFO      main  [MyCo] Starting scrape…
2026-08-03 10:44:28  INFO      main  [ShoqPK] Starting scrape…
2026-08-03 10:44:28  INFO      main  [Tapmad] Found 0 channels
2026-08-03 10:44:28  INFO      main  [MyCo] Found 0 channels
2026-08-03 10:44:29  INFO      main  [Tamasha] Found 0 channels
2026-08-03 10:44:29  INFO      main  [ShoqPK] Found 0 channels
2026-08-03 10:44:29  INFO      main  Total unique channels after merge: 0
2026-08-03 10:44:29  INFO      main  Validating 0 channels…
2026-08-03 10:44:29  INFO      main  Validation complete: 0 live, 0 dead (removed)
2026-08-03 10:44:29  INFO      main  Diff → +0 new, -0 removed
2026-08-03 10:44:29  INFO      main  Saved 0 channels → output/
2026-08-03 10:44:29  INFO      main  Scrape cycle complete.
2026-08-03 13:42:25  INFO      main  ============================================================
2026-08-03 13:42:25  INFO      main  Scrape cycle started at 2026-08-03 13:42:25
2026-08-03 13:42:25  INFO      main  [Tamasha] Starting scrape…
2026-08-03 13:42:25  INFO      main  [Tapmad] Starting scrape…
2026-08-03 13:42:25  INFO      main  [MyCo] Starting scrape…
2026-08-03 13:42:25  INFO      main  [ShoqPK] Starting scrape…
2026-08-03 13:42:25  INFO      main  [MyCo] Found 0 channels
2026-08-03 13:42:25  INFO      main  [Tapmad] Found 0 channels
2026-08-03 13:42:25  INFO      main  [ShoqPK] Found 0 channels
2026-08-03 13:42:25  INFO      main  [Tamasha] Found 0 channels
2026-08-03 13:42:25  INFO      main  Total unique channels after merge: 0
2026-08-03 13:42:25  INFO      main  Validating 0 channels…
2026-08-03 13:42:25  INFO      main  Validation complete: 0 live, 0 dead (removed)
2026-08-03 13:42:25  INFO      main  Diff → +0 new, -0 removed
2026-08-03 13:42:25  INFO      main  Saved 0 channels → output/
2026-08-03 13:42:25  INFO      main  Scrape cycle complete.
2026-08-03 16:27:32  INFO      main  ============================================================
2026-08-03 16:27:32  INFO      main  Scrape cycle started at 2026-08-03 16:27:32
2026-08-03 16:27:32  INFO      main  [Tamasha] Starting scrape…
2026-08-03 16:27:32  INFO      main  [Tapmad] Starting scrape…
2026-08-03 16:27:32  INFO      main  [MyCo] Starting scrape…
2026-08-03 16:27:32  INFO      main  [ShoqPK] Starting scrape…
2026-08-03 16:27:32  INFO      main  [Tapmad] Found 0 channels
2026-08-03 16:27:32  INFO      main  [MyCo] Found 0 channels
2026-08-03 16:27:33  INFO      main  [ShoqPK] Found 0 channels
2026-08-03 16:27:33  INFO      main  [Tamasha] Found 0 channels
2026-08-03 16:27:33  INFO      main  Total unique channels after merge: 0
2026-08-03 16:27:33  INFO      main  Validating 0 channels…
2026-08-03 16:27:33  INFO      main  Validation complete: 0 live, 0 dead (removed)
2026-08-03 16:27:33  INFO      main  Diff → +0 new, -0 removed
2026-08-03 16:27:33  INFO      main  Saved 0 channels → output/
2026-08-03 16:27:33  INFO      main  Scrape cycle complete.
2026-08-03 18:18:40  INFO      main  ============================================================
2026-08-03 18:18:40  INFO      main  Scrape cycle started at 2026-08-03 18:18:40
2026-08-03 18:18:40  INFO      main  [Tamasha] Starting scrape…
2026-08-03 18:18:40  INFO      main  [Tapmad] Starting scrape…
2026-08-03 18:18:40  INFO      main  [MyCo] Starting scrape…
2026-08-03 18:18:40  INFO      main  [ShoqPK] Starting scrape…
2026-08-03 18:18:40  INFO      main  [MyCo] Found 0 channels
2026-08-03 18:18:40  INFO      main  [Tapmad] Found 0 channels
2026-08-03 18:18:41  INFO      main  [Tamasha] Found 0 channels
2026-08-03 18:18:41  INFO      main  [ShoqPK] Found 0 channels
2026-08-03 18:18:41  INFO      main  Total unique channels after merge: 0
2026-08-03 18:18:41  INFO      main  Validating 0 channels…
2026-08-03 18:18:41  INFO      main  Validation complete: 0 live, 0 dead (removed)
2026-08-03 18:18:41  INFO      main  Diff → +0 new, -0 removed
2026-08-03 18:18:41  INFO      main  Saved 0 channels → output/
2026-08-03 18:18:41  INFO      main  Scrape cycle complete.
2026-08-03 20:12:13  INFO      main  ============================================================
2026-08-03 20:12:13  INFO      main  Scrape cycle started at 2026-08-03 20:12:13
2026-08-03 20:12:13  INFO      main  [Tamasha] Starting scrape…
2026-08-03 20:12:13  INFO      main  [Tapmad] Starting scrape…
2026-08-03 20:12:13  INFO      main  [MyCo] Starting scrape…
2026-08-03 20:12:13  INFO      main  [ShoqPK] Starting scrape…
2026-08-03 20:12:13  INFO      main  [Tapmad] Found 0 channels
2026-08-03 20:12:13  INFO      main  [MyCo] Found 0 channels
2026-08-03 20:12:13  INFO      main  [ShoqPK] Found 0 channels
2026-08-03 20:12:14  INFO      main  [Tamasha] Found 0 channels
2026-08-03 20:12:14  INFO      main  Total unique channels after merge: 0
2026-08-03 20:12:14  INFO      main  Validating 0 channels…
2026-08-03 20:12:14  INFO      main  Validation complete: 0 live, 0 dead (removed)
2026-08-03 20:12:14  INFO      main  Diff → +0 new, -0 removed
2026-08-03 20:12:14  INFO      main  Saved 0 channels → output/
2026-08-03 20:12:14  INFO      main  Scrape cycle complete.
2026-08-03 21:40:42  INFO      main  ============================================================
2026-08-03 21:40:42  INFO      main  Scrape cycle started at 2026-08-03 21:40:42
2026-08-03 21:40:42  INFO      main  [Tamasha] Starting scrape…
2026-08-03 21:40:42  INFO      main  [Tapmad] Starting scrape…
2026-08-03 21:40:42  INFO      main  [MyCo] Starting scrape…
2026-08-03 21:40:42  INFO      main  [ShoqPK] Starting scrape…
2026-08-03 21:40:42  INFO      main  [Tapmad] Found 0 channels
2026-08-03 21:40:42  INFO      main  [ShoqPK] Found 0 channels
2026-08-03 21:40:42  INFO      main  [MyCo] Found 0 channels
2026-08-03 21:40:42  INFO      main  [Tamasha] Found 0 channels
2026-08-03 21:40:42  INFO      main  Total unique channels after merge: 0
2026-08-03 21:40:42  INFO      main  Validating 0 channels…
2026-08-03 21:40:42  INFO      main  Validation complete: 0 live, 0 dead (removed)
2026-08-03 21:40:42  INFO      main  Diff → +0 new, -0 removed
2026-08-03 21:40:42  INFO      main  Saved 0 channels → output/
2026-08-03 21:40:42  INFO      main  Scrape cycle complete.
2026-08-03 23:02:45  INFO      main  ============================================================
2026-08-03 23:02:45  INFO      main  Scrape cycle started at 2026-08-03 23:02:45
2026-08-03 23:02:45  INFO      main  [Tamasha] Starting scrape…
2026-08-03 23:02:45  INFO      main  [Tapmad] Starting scrape…
2026-08-03 23:02:45  INFO      main  [MyCo] Starting scrape…
2026-08-03 23:02:45  INFO      main  [ShoqPK] Starting scrape…
2026-08-03 23:02:45  INFO      main  [Tapmad] Found 0 channels
2026-08-03 23:02:45  INFO      main  [MyCo] Found 0 channels
2026-08-03 23:02:45  INFO      main  [Tamasha] Found 0 channels
2026-08-03 23:02:45  INFO      main  [ShoqPK] Found 0 channels
2026-08-03 23:02:45  INFO      main  Total unique channels after merge: 0
2026-08-03 23:02:45  INFO      main  Validating 0 channels…
2026-08-03 23:02:45  INFO      main  Validation complete: 0 live, 0 dead (removed)
2026-08-03 23:02:45  INFO      main  Diff → +0 new, -0 removed
2026-08-03 23:02:45  INFO      main  Saved 0 channels → output/
2026-08-03 23:02:45  INFO      main  Scrape cycle complete.
2026-08-04 00:59:38  INFO      main  ============================================================
2026-08-04 00:59:38  INFO      main  Scrape cycle started at 2026-08-04 00:59:38
2026-08-04 00:59:38  INFO      main  [Tamasha] Starting scrape…
2026-08-04 00:59:38  INFO      main  [Tapmad] Starting scrape…
2026-08-04 00:59:38  INFO      main  [MyCo] Starting scrape…
2026-08-04 00:59:38  INFO      main  [ShoqPK] Starting scrape…
2026-08-04 00:59:38  INFO      main  [MyCo] Found 0 channels
2026-08-04 00:59:38  INFO      main  [Tapmad] Found 0 channels
2026-08-04 00:59:39  INFO      main  [Tamasha] Found 0 channels
2026-08-04 00:59:39  INFO      main  [ShoqPK] Found 0 channels
2026-08-04 00:59:39  INFO      main  Total unique channels after merge: 0
2026-08-04 00:59:39  INFO      main  Validating 0 channels…
2026-08-04 00:59:39  INFO      main  Validation complete: 0 live, 0 dead (removed)
2026-08-04 00:59:39  INFO      main  Diff → +0 new, -0 removed
2026-08-04 00:59:39  INFO      main  Saved 0 channels → output/
2026-08-04 00:59:39  INFO      main  Scrape cycle complete.
2026-08-04 04:21:08  INFO      main  ============================================================
2026-08-04 04:21:08  INFO      main  Scrape cycle started at 2026-08-04 04:21:08
2026-08-04 04:21:08  INFO      main  [Tamasha] Starting scrape…
2026-08-04 04:21:08  INFO      main  [Tapmad] Starting scrape…
2026-08-04 04:21:08  INFO      main  [MyCo] Starting scrape…
2026-08-04 04:21:08  INFO      main  [ShoqPK] Starting scrape…
2026-08-04 04:21:08  INFO      main  [MyCo] Found 0 channels
2026-08-04 04:21:08  INFO      main  [Tapmad] Found 0 channels
2026-08-04 04:21:08  INFO      main  [ShoqPK] Found 0 channels
2026-08-04 04:21:09  INFO      main  [Tamasha] Found 0 channels
2026-08-04 04:21:09  INFO      main  Total unique channels after merge: 0
2026-08-04 04:21:09  INFO      main  Validating 0 channels…
2026-08-04 04:21:09  INFO      main  Validation complete: 0 live, 0 dead (removed)
2026-08-04 04:21:09  INFO      main  Diff → +0 new, -0 removed
2026-08-04 04:21:09  INFO      main  Saved 0 channels → output/
2026-08-04 04:21:09  INFO      main  Scrape cycle complete.
2026-08-04 07:13:54  INFO      main  ============================================================
2026-08-04 07:13:54  INFO      main  Scrape cycle started at 2026-08-04 07:13:54
2026-08-04 07:13:54  INFO      main  [Tamasha] Starting scrape…
2026-08-04 07:13:54  INFO      main  [Tapmad] Starting scrape…
2026-08-04 07:13:54  INFO      main  [MyCo] Starting scrape…
2026-08-04 07:13:54  INFO      main  [ShoqPK] Starting scrape…
2026-08-04 07:13:54  INFO      main  [Tapmad] Found 0 channels
2026-08-04 07:13:54  INFO      main  [MyCo] Found 0 channels
2026-08-04 07:13:54  INFO      main  [ShoqPK] Found 0 channels
2026-08-04 07:13:54  INFO      main  [Tamasha] Found 0 channels
2026-08-04 07:13:54  INFO      main  Total unique channels after merge: 0
2026-08-04 07:13:54  INFO      main  Validating 0 channels…
2026-08-04 07:13:54  INFO      main  Validation complete: 0 live, 0 dead (removed)
2026-08-04 07:13:54  INFO      main  Diff → +0 new, -0 removed
2026-08-04 07:13:54  INFO      main  Saved 0 channels → output/
2026-08-04 07:13:54  INFO      main  Scrape cycle complete.
2026-08-04 10:11:12  INFO      main  ============================================================
2026-08-04 10:11:12  INFO      main  Scrape cycle started at 2026-08-04 10:11:12
2026-08-04 10:11:12  INFO      main  [Tamasha] Starting scrape…
2026-08-04 10:11:12  INFO      main  [Tapmad] Starting scrape…
2026-08-04 10:11:12  INFO      main  [MyCo] Starting scrape…
2026-08-04 10:11:12  INFO      main  [ShoqPK] Starting scrape…
2026-08-04 10:11:13  INFO      main  [MyCo] Found 0 channels
2026-08-04 10:11:13  INFO      main  [Tapmad] Found 0 channels
2026-08-04 10:11:13  INFO      main  [Tamasha] Found 0 channels
2026-08-04 10:11:13  INFO      main  [ShoqPK] Found 0 channels
2026-08-04 10:11:13  INFO      main  Total unique channels after merge: 0
2026-08-04 10:11:13  INFO      main  Validating 0 channels…
2026-08-04 10:11:13  INFO      main  Validation complete: 0 live, 0 dead (removed)
2026-08-04 10:11:13  INFO      main  Diff → +0 new, -0 removed
2026-08-04 10:11:13  INFO      main  Saved 0 channels → output/
2026-08-04 10:11:13  INFO      main  Scrape cycle complete.
2026-08-04 12:25:59  INFO      main  ============================================================
2026-08-04 12:25:59  INFO      main  Scrape cycle started at 2026-08-04 12:25:59
2026-08-04 12:25:59  INFO      main  [Tamasha] Starting scrape…
2026-08-04 12:25:59  INFO      main  [Tapmad] Starting scrape…
2026-08-04 12:25:59  INFO      main  [MyCo] Starting scrape…
2026-08-04 12:25:59  INFO      main  [ShoqPK] Starting scrape…
2026-08-04 12:25:59  INFO      main  [MyCo] Found 0 channels
2026-08-04 12:25:59  INFO      main  [Tapmad] Found 0 channels
2026-08-04 12:25:59  INFO      main  [ShoqPK] Found 0 channels
2026-08-04 12:26:00  INFO      main  [Tamasha] Found 0 channels
2026-08-04 12:26:00  INFO      main  Total unique channels after merge: 0
2026-08-04 12:26:00  INFO      main  Validating 0 channels…
2026-08-04 12:26:00  INFO      main  Validation complete: 0 live, 0 dead (removed)
2026-08-04 12:26:00  INFO      main  Diff → +0 new, -0 removed
2026-08-04 12:26:00  INFO      main  Saved 0 channels → output/
2026-08-04 12:26:00  INFO      main  Scrape cycle complete.
2026-08-04 15:02:35  INFO      main  ============================================================
2026-08-04 15:02:35  INFO      main  Scrape cycle started at 2026-08-04 15:02:35
2026-08-04 15:02:35  INFO      main  [Tamasha] Starting scrape…
2026-08-04 15:02:35  INFO      main  [Tapmad] Starting scrape…
2026-08-04 15:02:35  INFO      main  [MyCo] Starting scrape…
2026-08-04 15:02:35  INFO      main  [ShoqPK] Starting scrape…
2026-08-04 15:02:35  INFO      main  [MyCo] Found 0 channels
2026-08-04 15:02:35  INFO      main  [Tapmad] Found 0 channels
2026-08-04 15:02:35  INFO      main  [Tamasha] Found 0 channels
2026-08-04 15:02:35  INFO      main  [ShoqPK] Found 0 channels
2026-08-04 15:02:35  INFO      main  Total unique channels after merge: 0
2026-08-04 15:02:35  INFO      main  Validating 0 channels…
2026-08-04 15:02:35  INFO      main  Validation complete: 0 live, 0 dead (removed)
2026-08-04 15:02:35  INFO      main  Diff → +0 new, -0 removed
2026-08-04 15:02:35  INFO      main  Saved 0 channels → output/
2026-08-04 15:02:35  INFO      main  Scrape cycle complete.
2026-08-04 17:12:48  INFO      main  ============================================================
2026-08-04 17:12:48  INFO      main  Scrape cycle started at 2026-08-04 17:12:48
2026-08-04 17:12:48  INFO      main  [Tamasha] Starting scrape…
2026-08-04 17:12:48  INFO      main  [Tapmad] Starting scrape…
2026-08-04 17:12:48  INFO      main  [MyCo] Starting scrape…
2026-08-04 17:12:48  INFO      main  [ShoqPK] Starting scrape…
2026-08-04 17:12:48  INFO      main  [MyCo] Found 0 channels
2026-08-04 17:12:48  INFO      main  [Tapmad] Found 0 channels
2026-08-04 17:12:48  INFO      main  [Tamasha] Found 0 channels
2026-08-04 17:12:48  INFO      main  [ShoqPK] Found 0 channels
2026-08-04 17:12:48  INFO      main  Total unique channels after merge: 0
2026-08-04 17:12:48  INFO      main  Validating 0 channels…
2026-08-04 17:12:48  INFO      main  Validation complete: 0 live, 0 dead (removed)
2026-08-04 17:12:48  INFO      main  Diff → +0 new, -0 removed
2026-08-04 17:12:48  INFO      main  Saved 0 channels → output/
2026-08-04 17:12:48  INFO      main  Scrape cycle complete.
2026-08-04 19:07:38  INFO      main  ============================================================
2026-08-04 19:07:38  INFO      main  Scrape cycle started at 2026-08-04 19:07:38
2026-08-04 19:07:38  INFO      main  [Tamasha] Starting scrape…
2026-08-04 19:07:38  INFO      main  [Tapmad] Starting scrape…
2026-08-04 19:07:38  INFO      main  [MyCo] Starting scrape…
2026-08-04 19:07:38  INFO      main  [ShoqPK] Starting scrape…
2026-08-04 19:07:38  INFO      main  [Tapmad] Found 0 channels
2026-08-04 19:07:38  INFO      main  [MyCo] Found 0 channels
2026-08-04 19:07:39  INFO      main  [ShoqPK] Found 0 channels
2026-08-04 19:07:39  INFO      main  [Tamasha] Found 0 channels
2026-08-04 19:07:39  INFO      main  Total unique channels after merge: 0
2026-08-04 19:07:39  INFO      main  Validating 0 channels…
2026-08-04 19:07:39  INFO      main  Validation complete: 0 live, 0 dead (removed)
2026-08-04 19:07:39  INFO      main  Diff → +0 new, -0 removed
2026-08-04 19:07:39  INFO      main  Saved 0 channels → output/
2026-08-04 19:07:39  INFO      main  Scrape cycle complete.
2026-08-04 20:50:53  INFO      main  ============================================================
2026-08-04 20:50:53  INFO      main  Scrape cycle started at 2026-08-04 20:50:53
2026-08-04 20:50:53  INFO      main  [Tamasha] Starting scrape…
2026-08-04 20:50:53  INFO      main  [Tapmad] Starting scrape…
2026-08-04 20:50:53  INFO      main  [MyCo] Starting scrape…
2026-08-04 20:50:53  INFO      main  [ShoqPK] Starting scrape…
2026-08-04 20:50:53  INFO      main  [Tapmad] Found 0 channels
2026-08-04 20:50:53  INFO      main  [MyCo] Found 0 channels
2026-08-04 20:50:53  INFO      main  [ShoqPK] Found 0 channels
2026-08-04 20:50:53  INFO      main  [Tamasha] Found 0 channels
2026-08-04 20:50:53  INFO      main  Total unique channels after merge: 0
2026-08-04 20:50:53  INFO      main  Validating 0 channels…
2026-08-04 20:50:53  INFO      main  Validation complete: 0 live, 0 dead (removed)
2026-08-04 20:50:53  INFO      main  Diff → +0 new, -0 removed
2026-08-04 20:50:53  INFO      main  Saved 0 channels → output/
2026-08-04 20:50:53  INFO      main  Scrape cycle complete.
2026-08-04 22:14:13  INFO      main  ============================================================
2026-08-04 22:14:13  INFO      main  Scrape cycle started at 2026-08-04 22:14:13
2026-08-04 22:14:13  INFO      main  [Tamasha] Starting scrape…
2026-08-04 22:14:13  INFO      main  [Tapmad] Starting scrape…
2026-08-04 22:14:13  INFO      main  [MyCo] Starting scrape…
2026-08-04 22:14:13  INFO      main  [ShoqPK] Starting scrape…
2026-08-04 22:14:13  INFO      main  [MyCo] Found 0 channels
2026-08-04 22:14:13  INFO      main  [Tapmad] Found 0 channels
2026-08-04 22:14:13  INFO      main  [Tamasha] Found 0 channels
2026-08-04 22:14:14  INFO      main  [ShoqPK] Found 0 channels
2026-08-04 22:14:14  INFO      main  Total unique channels after merge: 0
2026-08-04 22:14:14  INFO      main  Validating 0 channels…
2026-08-04 22:14:14  INFO      main  Validation complete: 0 live, 0 dead (removed)
2026-08-04 22:14:14  INFO      main  Diff → +0 new, -0 removed
2026-08-04 22:14:14  INFO      main  Saved 0 channels → output/
2026-08-04 22:14:14  INFO      main  Scrape cycle complete.
2026-08-04 23:33:23  INFO      main  ============================================================
2026-08-04 23:33:23  INFO      main  Scrape cycle started at 2026-08-04 23:33:23
2026-08-04 23:33:23  INFO      main  [Tamasha] Starting scrape…
2026-08-04 23:33:23  INFO      main  [Tapmad] Starting scrape…
2026-08-04 23:33:23  INFO      main  [MyCo] Starting scrape…
2026-08-04 23:33:23  INFO      main  [ShoqPK] Starting scrape…
2026-08-04 23:33:23  INFO      main  [MyCo] Found 0 channels
2026-08-04 23:33:23  INFO      main  [Tapmad] Found 0 channels
2026-08-04 23:33:23  INFO      main  [ShoqPK] Found 0 channels
2026-08-04 23:33:28  INFO      main  [Tamasha] Found 0 channels
2026-08-04 23:33:28  INFO      main  Total unique channels after merge: 0
2026-08-04 23:33:28  INFO      main  Validating 0 channels…
2026-08-04 23:33:28  INFO      main  Validation complete: 0 live, 0 dead (removed)
2026-08-04 23:33:28  INFO      main  Diff → +0 new, -0 removed
2026-08-04 23:33:28  INFO      main  Saved 0 channels → output/
2026-08-04 23:33:28  INFO      main  Scrape cycle complete.
2026-08-05 02:41:20  INFO      main  ============================================================
2026-08-05 02:41:20  INFO      main  Scrape cycle started at 2026-08-05 02:41:20
2026-08-05 02:41:20  INFO      main  [Tamasha] Starting scrape…
2026-08-05 02:41:20  INFO      main  [Tapmad] Starting scrape…
2026-08-05 02:41:20  INFO      main  [MyCo] Starting scrape…
2026-08-05 02:41:20  INFO      main  [ShoqPK] Starting scrape…
2026-08-05 02:41:20  INFO      main  [MyCo] Found 0 channels
2026-08-05 02:41:20  INFO      main  [Tapmad] Found 0 channels
2026-08-05 02:41:21  INFO      main  [ShoqPK] Found 0 channels
2026-08-05 02:41:21  INFO      main  [Tamasha] Found 0 channels
2026-08-05 02:41:21  INFO      main  Total unique channels after merge: 0
2026-08-05 02:41:21  INFO      main  Validating 0 channels…
2026-08-05 02:41:21  INFO      main  Validation complete: 0 live, 0 dead (removed)
2026-08-05 02:41:21  INFO      main  Diff → +0 new, -0 removed
2026-08-05 02:41:21  INFO      main  Saved 0 channels → output/
2026-08-05 02:41:21  INFO      main  Scrape cycle complete.
2026-08-05 05:47:31  INFO      main  ============================================================
2026-08-05 05:47:31  INFO      main  Scrape cycle started at 2026-08-05 05:47:31
2026-08-05 05:47:31  INFO      main  [Tamasha] Starting scrape…
2026-08-05 05:47:31  INFO      main  [Tapmad] Starting scrape…
2026-08-05 05:47:31  INFO      main  [MyCo] Starting scrape…
2026-08-05 05:47:31  INFO      main  [ShoqPK] Starting scrape…
2026-08-05 05:47:31  INFO      main  [Tapmad] Found 0 channels
2026-08-05 05:47:31  INFO      main  [MyCo] Found 0 channels
2026-08-05 05:47:31  INFO      main  [ShoqPK] Found 0 channels
2026-08-05 05:47:31  INFO      main  [Tamasha] Found 0 channels
2026-08-05 05:47:31  INFO      main  Total unique channels after merge: 0
2026-08-05 05:47:31  INFO      main  Validating 0 channels…
2026-08-05 05:47:31  INFO      main  Validation complete: 0 live, 0 dead (removed)
2026-08-05 05:47:31  INFO      main  Diff → +0 new, -0 removed
2026-08-05 05:47:31  INFO      main  Saved 0 channels → output/
2026-08-05 05:47:31  INFO      main  Scrape cycle complete.
2026-08-05 08:38:29  INFO      main  ============================================================
2026-08-05 08:38:29  INFO      main  Scrape cycle started at 2026-08-05 08:38:29
2026-08-05 08:38:29  INFO      main  [Tamasha] Starting scrape…
2026-08-05 08:38:29  INFO      main  [Tapmad] Starting scrape…
2026-08-05 08:38:29  INFO      main  [MyCo] Starting scrape…
2026-08-05 08:38:29  INFO      main  [ShoqPK] Starting scrape…
2026-08-05 08:38:29  INFO      main  [MyCo] Found 0 channels
2026-08-05 08:38:29  INFO      main  [Tapmad] Found 0 channels
2026-08-05 08:38:30  INFO      main  [ShoqPK] Found 0 channels
2026-08-05 08:38:30  INFO      main  [Tamasha] Found 0 channels
2026-08-05 08:38:30  INFO      main  Total unique channels after merge: 0
2026-08-05 08:38:30  INFO      main  Validating 0 channels…
2026-08-05 08:38:30  INFO      main  Validation complete: 0 live, 0 dead (removed)
2026-08-05 08:38:30  INFO      main  Diff → +0 new, -0 removed
2026-08-05 08:38:30  INFO      main  Saved 0 channels → output/
2026-08-05 08:38:30  INFO      main  Scrape cycle complete.
2026-08-05 11:22:23  INFO      main  ============================================================
2026-08-05 11:22:23  INFO      main  Scrape cycle started at 2026-08-05 11:22:23
2026-08-05 11:22:23  INFO      main  [Tamasha] Starting scrape…
2026-08-05 11:22:23  INFO      main  [Tapmad] Starting scrape…
2026-08-05 11:22:23  INFO      main  [MyCo] Starting scrape…
2026-08-05 11:22:23  INFO      main  [ShoqPK] Starting scrape…
2026-08-05 11:22:23  INFO      main  [MyCo] Found 0 channels
2026-08-05 11:22:23  INFO      main  [Tapmad] Found 0 channels
2026-08-05 11:22:23  INFO      main  [Tamasha] Found 0 channels
2026-08-05 11:22:24  INFO      main  [ShoqPK] Found 0 channels
2026-08-05 11:22:24  INFO      main  Total unique channels after merge: 0
2026-08-05 11:22:24  INFO      main  Validating 0 channels…
2026-08-05 11:22:24  INFO      main  Validation complete: 0 live, 0 dead (removed)
2026-08-05 11:22:24  INFO      main  Diff → +0 new, -0 removed
2026-08-05 11:22:24  INFO      main  Saved 0 channels → output/
2026-08-05 11:22:24  INFO      main  Scrape cycle complete.
2026-08-05 13:11:17  INFO      main  ============================================================
2026-08-05 13:11:17  INFO      main  Scrape cycle started at 2026-08-05 13:11:17
2026-08-05 13:11:17  INFO      main  [Tamasha] Starting scrape…
2026-08-05 13:11:17  INFO      main  [Tapmad] Starting scrape…
2026-08-05 13:11:17  INFO      main  [MyCo] Starting scrape…
2026-08-05 13:11:17  INFO      main  [ShoqPK] Starting scrape…
2026-08-05 13:11:17  INFO      main  [MyCo] Found 0 channels
2026-08-05 13:11:17  INFO      main  [Tapmad] Found 0 channels
2026-08-05 13:11:17  INFO      main  [ShoqPK] Found 0 channels
2026-08-05 13:11:18  INFO      main  [Tamasha] Found 0 channels
2026-08-05 13:11:18  INFO      main  Total unique channels after merge: 0
2026-08-05 13:11:18  INFO      main  Validating 0 channels…
2026-08-05 13:11:18  INFO      main  Validation complete: 0 live, 0 dead (removed)
2026-08-05 13:11:18  INFO      main  Diff → +0 new, -0 removed
2026-08-05 13:11:18  INFO      main  Saved 0 channels → output/
2026-08-05 13:11:18  INFO      main  Scrape cycle complete.
2026-08-05 15:38:35  INFO      main  ============================================================
2026-08-05 15:38:35  INFO      main  Scrape cycle started at 2026-08-05 15:38:35
2026-08-05 15:38:35  INFO      main  [Tamasha] Starting scrape…
2026-08-05 15:38:35  INFO      main  [Tapmad] Starting scrape…
2026-08-05 15:38:35  INFO      main  [MyCo] Starting scrape…
2026-08-05 15:38:35  INFO      main  [ShoqPK] Starting scrape…
2026-08-05 15:38:35  INFO      main  [Tapmad] Found 0 channels
2026-08-05 15:38:35  INFO      main  [Tamasha] Found 0 channels
2026-08-05 15:38:35  INFO      main  [MyCo] Found 0 channels
2026-08-05 15:38:35  INFO      main  [ShoqPK] Found 0 channels
2026-08-05 15:38:35  INFO      main  Total unique channels after merge: 0
2026-08-05 15:38:35  INFO      main  Validating 0 channels…
2026-08-05 15:38:35  INFO      main  Validation complete: 0 live, 0 dead (removed)
2026-08-05 15:38:35  INFO      main  Diff → +0 new, -0 removed
2026-08-05 15:38:35  INFO      main  Saved 0 channels → output/
2026-08-05 15:38:35  INFO      main  Scrape cycle complete.
2026-08-05 17:40:24  INFO      main  ============================================================
2026-08-05 17:40:24  INFO      main  Scrape cycle started at 2026-08-05 17:40:24
2026-08-05 17:40:24  INFO      main  [Tamasha] Starting scrape…
2026-08-05 17:40:24  INFO      main  [Tapmad] Starting scrape…
2026-08-05 17:40:24  INFO      main  [MyCo] Starting scrape…
2026-08-05 17:40:24  INFO      main  [ShoqPK] Starting scrape…
2026-08-05 17:40:24  INFO      main  [Tapmad] Found 0 channels
2026-08-05 17:40:24  INFO      main  [MyCo] Found 0 channels
2026-08-05 17:40:24  INFO      main  [ShoqPK] Found 0 channels
2026-08-05 17:40:24  INFO      main  [Tamasha] Found 0 channels
2026-08-05 17:40:24  INFO      main  Total unique channels after merge: 0
2026-08-05 17:40:24  INFO      main  Validating 0 channels…
2026-08-05 17:40:24  INFO      main  Validation complete: 0 live, 0 dead (removed)
2026-08-05 17:40:24  INFO      main  Diff → +0 new, -0 removed
2026-08-05 17:40:24  INFO      main  Saved 0 channels → output/
2026-08-05 17:40:24  INFO      main  Scrape cycle complete.
2026-08-05 19:37:16  INFO      main  ============================================================
2026-08-05 19:37:16  INFO      main  Scrape cycle started at 2026-08-05 19:37:16
2026-08-05 19:37:16  INFO      main  [Tamasha] Starting scrape…
2026-08-05 19:37:16  INFO      main  [Tapmad] Starting scrape…
2026-08-05 19:37:16  INFO      main  [MyCo] Starting scrape…
2026-08-05 19:37:16  INFO      main  [ShoqPK] Starting scrape…
2026-08-05 19:37:17  INFO      main  [Tapmad] Found 0 channels
2026-08-05 19:37:17  INFO      main  [MyCo] Found 0 channels
2026-08-05 19:37:17  INFO      main  [ShoqPK] Found 0 channels
2026-08-05 19:37:17  INFO      main  [Tamasha] Found 0 channels
2026-08-05 19:37:17  INFO      main  Total unique channels after merge: 0
2026-08-05 19:37:17  INFO      main  Validating 0 channels…
2026-08-05 19:37:17  INFO      main  Validation complete: 0 live, 0 dead (removed)
2026-08-05 19:37:17  INFO      main  Diff → +0 new, -0 removed
2026-08-05 19:37:17  INFO      main  Saved 0 channels → output/
2026-08-05 19:37:17  INFO      main  Scrape cycle complete.
2026-08-05 21:11:53  INFO      main  ============================================================
2026-08-05 21:11:53  INFO      main  Scrape cycle started at 2026-08-05 21:11:53
2026-08-05 21:11:53  INFO      main  [Tamasha] Starting scrape…
2026-08-05 21:11:53  INFO      main  [Tapmad] Starting scrape…
2026-08-05 21:11:53  INFO      main  [MyCo] Starting scrape…
2026-08-05 21:11:53  INFO      main  [ShoqPK] Starting scrape…
2026-08-05 21:11:53  INFO      main  [Tapmad] Found 0 channels
2026-08-05 21:11:53  INFO      main  [MyCo] Found 0 channels
2026-08-05 21:11:53  INFO      main  [ShoqPK] Found 0 channels
2026-08-05 21:11:54  INFO      main  [Tamasha] Found 0 channels
2026-08-05 21:11:54  INFO      main  Total unique channels after merge: 0
2026-08-05 21:11:54  INFO      main  Validating 0 channels…
2026-08-05 21:11:54  INFO      main  Validation complete: 0 live, 0 dead (removed)
2026-08-05 21:11:54  INFO      main  Diff → +0 new, -0 removed
2026-08-05 21:11:54  INFO      main  Saved 0 channels → output/
2026-08-05 21:11:54  INFO      main  Scrape cycle complete.
2026-08-05 22:34:45  INFO      main  ============================================================
2026-08-05 22:34:45  INFO      main  Scrape cycle started at 2026-08-05 22:34:45
2026-08-05 22:34:45  INFO      main  [Tamasha] Starting scrape…
2026-08-05 22:34:45  INFO      main  [Tapmad] Starting scrape…
2026-08-05 22:34:45  INFO      main  [MyCo] Starting scrape…
2026-08-05 22:34:45  INFO      main  [ShoqPK] Starting scrape…
2026-08-05 22:34:45  INFO      main  [Tapmad] Found 0 channels
2026-08-05 22:34:45  INFO      main  [Tamasha] Found 0 channels
2026-08-05 22:34:45  INFO      main  [MyCo] Found 0 channels
2026-08-05 22:34:45  INFO      main  [ShoqPK] Found 0 channels
2026-08-05 22:34:45  INFO      main  Total unique channels after merge: 0
2026-08-05 22:34:45  INFO      main  Validating 0 channels…
2026-08-05 22:34:45  INFO      main  Validation complete: 0 live, 0 dead (removed)
2026-08-05 22:34:45  INFO      main  Diff → +0 new, -0 removed
2026-08-05 22:34:45  INFO      main  Saved 0 channels → output/
2026-08-05 22:34:45  INFO      main  Scrape cycle complete.
2026-08-06 00:01:07  INFO      main  ============================================================
2026-08-06 00:01:07  INFO      main  Scrape cycle started at 2026-08-06 00:01:07
2026-08-06 00:01:07  INFO      main  [Tamasha] Starting scrape…
2026-08-06 00:01:07  INFO      main  [Tapmad] Starting scrape…
2026-08-06 00:01:07  INFO      main  [MyCo] Starting scrape…
2026-08-06 00:01:07  INFO      main  [ShoqPK] Starting scrape…
2026-08-06 00:01:07  INFO      main  [Tapmad] Found 0 channels
2026-08-06 00:01:07  INFO      main  [MyCo] Found 0 channels
2026-08-06 00:01:07  INFO      main  [Tamasha] Found 0 channels
2026-08-06 00:01:07  INFO      main  [ShoqPK] Found 0 channels
2026-08-06 00:01:07  INFO      main  Total unique channels after merge: 0
2026-08-06 00:01:07  INFO      main  Validating 0 channels…
2026-08-06 00:01:07  INFO      main  Validation complete: 0 live, 0 dead (removed)
2026-08-06 00:01:07  INFO      main  Diff → +0 new, -0 removed
2026-08-06 00:01:07  INFO      main  Saved 0 channels → output/
2026-08-06 00:01:07  INFO      main  Scrape cycle complete.
2026-08-06 03:49:45  INFO      main  ============================================================
2026-08-06 03:49:45  INFO      main  Scrape cycle started at 2026-08-06 03:49:45
2026-08-06 03:49:45  INFO      main  [Tamasha] Starting scrape…
2026-08-06 03:49:45  INFO      main  [Tapmad] Starting scrape…
2026-08-06 03:49:45  INFO      main  [MyCo] Starting scrape…
2026-08-06 03:49:45  INFO      main  [ShoqPK] Starting scrape…
2026-08-06 03:49:45  INFO      main  [MyCo] Found 0 channels
2026-08-06 03:49:45  INFO      main  [Tapmad] Found 0 channels
2026-08-06 03:49:45  INFO      main  [Tamasha] Found 0 channels
2026-08-06 03:49:45  INFO      main  [ShoqPK] Found 0 channels
2026-08-06 03:49:45  INFO      main  Total unique channels after merge: 0
2026-08-06 03:49:45  INFO      main  Validating 0 channels…
2026-08-06 03:49:45  INFO      main  Validation complete: 0 live, 0 dead (removed)
2026-08-06 03:49:45  INFO      main  Diff → +0 new, -0 removed
2026-08-06 03:49:45  INFO      main  Saved 0 channels → output/
2026-08-06 03:49:45  INFO      main  Scrape cycle complete.
2026-08-06 06:33:07  INFO      main  ============================================================
2026-08-06 06:33:07  INFO      main  Scrape cycle started at 2026-08-06 06:33:07
2026-08-06 06:33:07  INFO      main  [Tamasha] Starting scrape…
2026-08-06 06:33:07  INFO      main  [Tapmad] Starting scrape…
2026-08-06 06:33:07  INFO      main  [MyCo] Starting scrape…
2026-08-06 06:33:07  INFO      main  [ShoqPK] Starting scrape…
2026-08-06 06:33:07  INFO      main  [MyCo] Found 0 channels
2026-08-06 06:33:07  INFO      main  [Tapmad] Found 0 channels
2026-08-06 06:33:07  INFO      main  [ShoqPK] Found 0 channels
2026-08-06 06:33:07  INFO      main  [Tamasha] Found 0 channels
2026-08-06 06:33:07  INFO      main  Total unique channels after merge: 0
2026-08-06 06:33:07  INFO      main  Validating 0 channels…
2026-08-06 06:33:07  INFO      main  Validation complete: 0 live, 0 dead (removed)
2026-08-06 06:33:07  INFO      main  Diff → +0 new, -0 removed
2026-08-06 06:33:07  INFO      main  Saved 0 channels → output/
2026-08-06 06:33:07  INFO      main  Scrape cycle complete.
2026-08-06 09:40:58  INFO      main  ============================================================
2026-08-06 09:40:58  INFO      main  Scrape cycle started at 2026-08-06 09:40:58
2026-08-06 09:40:58  INFO      main  [Tamasha] Starting scrape…
2026-08-06 09:40:58  INFO      main  [Tapmad] Starting scrape…
2026-08-06 09:40:58  INFO      main  [MyCo] Starting scrape…
2026-08-06 09:40:58  INFO      main  [ShoqPK] Starting scrape…
2026-08-06 09:40:58  INFO      main  [Tapmad] Found 0 channels
2026-08-06 09:40:59  INFO      main  [MyCo] Found 0 channels
2026-08-06 09:40:59  INFO      main  [ShoqPK] Found 0 channels
2026-08-06 09:40:59  INFO      main  [Tamasha] Found 0 channels
2026-08-06 09:40:59  INFO      main  Total unique channels after merge: 0
2026-08-06 09:40:59  INFO      main  Validating 0 channels…
2026-08-06 09:40:59  INFO      main  Validation complete: 0 live, 0 dead (removed)
2026-08-06 09:40:59  INFO      main  Diff → +0 new, -0 removed
2026-08-06 09:40:59  INFO      main  Saved 0 channels → output/
2026-08-06 09:40:59  INFO      main  Scrape cycle complete.
2026-08-06 12:03:26  INFO      main  ============================================================
2026-08-06 12:03:26  INFO      main  Scrape cycle started at 2026-08-06 12:03:26
2026-08-06 12:03:26  INFO      main  [Tamasha] Starting scrape…
2026-08-06 12:03:26  INFO      main  [Tapmad] Starting scrape…
2026-08-06 12:03:26  INFO      main  [MyCo] Starting scrape…
2026-08-06 12:03:26  INFO      main  [ShoqPK] Starting scrape…
2026-08-06 12:03:26  INFO      main  [MyCo] Found 0 channels
2026-08-06 12:03:26  INFO      main  [Tapmad] Found 0 channels
2026-08-06 12:03:26  INFO      main  [ShoqPK] Found 0 channels
2026-08-06 12:03:27  INFO      main  [Tamasha] Found 0 channels
2026-08-06 12:03:27  INFO      main  Total unique channels after merge: 0
2026-08-06 12:03:27  INFO      main  Validating 0 channels…
2026-08-06 12:03:27  INFO      main  Validation complete: 0 live, 0 dead (removed)
2026-08-06 12:03:27  INFO      main  Diff → +0 new, -0 removed
2026-08-06 12:03:27  INFO      main  Saved 0 channels → output/
2026-08-06 12:03:27  INFO      main  Scrape cycle complete.
2026-08-06 14:53:40  INFO      main  ============================================================
2026-08-06 14:53:40  INFO      main  Scrape cycle started at 2026-08-06 14:53:40
2026-08-06 14:53:40  INFO      main  [Tamasha] Starting scrape…
2026-08-06 14:53:40  INFO      main  [Tapmad] Starting scrape…
2026-08-06 14:53:40  INFO      main  [MyCo] Starting scrape…
2026-08-06 14:53:40  INFO      main  [ShoqPK] Starting scrape…
2026-08-06 14:53:40  INFO      main  [MyCo] Found 0 channels
2026-08-06 14:53:40  INFO      main  [Tapmad] Found 0 channels
2026-08-06 14:53:41  INFO      main  [ShoqPK] Found 0 channels
2026-08-06 14:53:41  INFO      main  [Tamasha] Found 0 channels
2026-08-06 14:53:41  INFO      main  Total unique channels after merge: 0
2026-08-06 14:53:41  INFO      main  Validating 0 channels…
2026-08-06 14:53:41  INFO      main  Validation complete: 0 live, 0 dead (removed)
2026-08-06 14:53:41  INFO      main  Diff → +0 new, -0 removed
2026-08-06 14:53:41  INFO      main  Saved 0 channels → output/
2026-08-06 14:53:41  INFO      main  Scrape cycle complete.
2026-08-07 00:24:37  INFO      main  ============================================================
2026-08-07 00:24:37  INFO      main  Scrape cycle started at 2026-08-07 00:24:37
2026-08-07 00:24:37  INFO      main  [Tamasha] Starting scrape…
2026-08-07 00:24:37  INFO      main  [Tapmad] Starting scrape…
2026-08-07 00:24:37  INFO      main  [MyCo] Starting scrape…
2026-08-07 00:24:37  INFO      main  [ShoqPK] Starting scrape…
2026-08-07 00:24:37  INFO      main  [MyCo] Found 0 channels
2026-08-07 00:24:37  INFO      main  [Tapmad] Found 0 channels
2026-08-07 00:24:37  INFO      main  [ShoqPK] Found 0 channels
2026-08-07 00:24:38  INFO      main  [Tamasha] Found 0 channels
2026-08-07 00:24:38  INFO      main  Total unique channels after merge: 0
2026-08-07 00:24:38  INFO      main  Validating 0 channels…
2026-08-07 00:24:38  INFO      main  Validation complete: 0 live, 0 dead (removed)
2026-08-07 00:24:38  INFO      main  Diff → +0 new, -0 removed
2026-08-07 00:24:38  INFO      main  Saved 0 channels → output/
2026-08-07 00:24:38  INFO      main  Scrape cycle complete.
2026-08-07 03:28:59  INFO      main  ============================================================
2026-08-07 03:28:59  INFO      main  Scrape cycle started at 2026-08-07 03:28:59
2026-08-07 03:28:59  INFO      main  [Tamasha] Starting scrape…
2026-08-07 03:28:59  INFO      main  [Tapmad] Starting scrape…
2026-08-07 03:28:59  INFO      main  [MyCo] Starting scrape…
2026-08-07 03:28:59  INFO      main  [ShoqPK] Starting scrape…
2026-08-07 03:28:59  INFO      main  [Tapmad] Found 0 channels
2026-08-07 03:28:59  INFO      main  [MyCo] Found 0 channels
2026-08-07 03:29:00  INFO      main  [ShoqPK] Found 0 channels
2026-08-07 03:29:00  INFO      main  [Tamasha] Found 0 channels
2026-08-07 03:29:00  INFO      main  Total unique channels after merge: 0
2026-08-07 03:29:00  INFO      main  Validating 0 channels…
2026-08-07 03:29:00  INFO      main  Validation complete: 0 live, 0 dead (removed)
2026-08-07 03:29:00  INFO      main  Diff → +0 new, -0 removed
2026-08-07 03:29:00  INFO      main  Saved 0 channels → output/
2026-08-07 03:29:00  INFO      main  Scrape cycle complete.
2026-08-07 05:17:17  INFO      main  ============================================================
2026-08-07 05:17:17  INFO      main  Scrape cycle started at 2026-08-07 05:17:17
2026-08-07 05:17:17  INFO      main  [Tamasha] Starting scrape…
2026-08-07 05:17:17  INFO      main  [Tapmad] Starting scrape…
2026-08-07 05:17:17  INFO      main  [MyCo] Starting scrape…
2026-08-07 05:17:17  INFO      main  [ShoqPK] Starting scrape…
2026-08-07 05:17:17  INFO      main  [MyCo] Found 0 channels
2026-08-07 05:17:17  INFO      main  [Tapmad] Found 0 channels
2026-08-07 05:17:18  INFO      main  [Tamasha] Found 0 channels
2026-08-07 05:17:18  INFO      main  [ShoqPK] Found 0 channels
2026-08-07 05:17:18  INFO      main  Total unique channels after merge: 0
2026-08-07 05:17:18  INFO      main  Validating 0 channels…
2026-08-07 05:17:18  INFO      main  Validation complete: 0 live, 0 dead (removed)
2026-08-07 05:17:18  INFO      main  Diff → +0 new, -0 removed
2026-08-07 05:17:18  INFO      main  Saved 0 channels → output/
2026-08-07 05:17:18  INFO      main  Scrape cycle complete.
2026-08-07 06:47:28  INFO      main  ============================================================
2026-08-07 06:47:28  INFO      main  Scrape cycle started at 2026-08-07 06:47:28
2026-08-07 06:47:28  INFO      main  [Tamasha] Starting scrape…
2026-08-07 06:47:28  INFO      main  [Tapmad] Starting scrape…
2026-08-07 06:47:28  INFO      main  [MyCo] Starting scrape…
2026-08-07 06:47:28  INFO      main  [ShoqPK] Starting scrape…
2026-08-07 06:47:28  INFO      main  [MyCo] Found 0 channels
2026-08-07 06:47:28  INFO      main  [Tapmad] Found 0 channels
2026-08-07 06:47:28  INFO      main  [ShoqPK] Found 0 channels
2026-08-07 06:47:33  INFO      main  [Tamasha] Found 0 channels
2026-08-07 06:47:33  INFO      main  Total unique channels after merge: 0
2026-08-07 06:47:33  INFO      main  Validating 0 channels…
2026-08-07 06:47:33  INFO      main  Validation complete: 0 live, 0 dead (removed)
2026-08-07 06:47:33  INFO      main  Diff → +0 new, -0 removed
2026-08-07 06:47:33  INFO      main  Saved 0 channels → output/
2026-08-07 06:47:33  INFO      main  Scrape cycle complete.
2026-08-07 08:15:25  INFO      main  ============================================================
2026-08-07 08:15:25  INFO      main  Scrape cycle started at 2026-08-07 08:15:25
2026-08-07 08:15:25  INFO      main  [Tamasha] Starting scrape…
2026-08-07 08:15:25  INFO      main  [Tapmad] Starting scrape…
2026-08-07 08:15:25  INFO      main  [MyCo] Starting scrape…
2026-08-07 08:15:25  INFO      main  [ShoqPK] Starting scrape…
2026-08-07 08:15:26  INFO      main  [Tapmad] Found 0 channels
2026-08-07 08:15:26  INFO      main  [MyCo] Found 0 channels
2026-08-07 08:15:26  INFO      main  [ShoqPK] Found 0 channels
2026-08-07 08:15:26  INFO      main  [Tamasha] Found 0 channels
2026-08-07 08:15:26  INFO      main  Total unique channels after merge: 0
2026-08-07 08:15:26  INFO      main  Validating 0 channels…
2026-08-07 08:15:26  INFO      main  Validation complete: 0 live, 0 dead (removed)
2026-08-07 08:15:26  INFO      main  Diff → +0 new, -0 removed
2026-08-07 08:15:26  INFO      main  Saved 0 channels → output/
2026-08-07 08:15:26  INFO      main  Scrape cycle complete.
2026-08-07 09:32:33  INFO      main  ============================================================
2026-08-07 09:32:33  INFO      main  Scrape cycle started at 2026-08-07 09:32:33
2026-08-07 09:32:33  INFO      main  [Tamasha] Starting scrape…
2026-08-07 09:32:33  INFO      main  [Tapmad] Starting scrape…
2026-08-07 09:32:33  INFO      main  [MyCo] Starting scrape…
2026-08-07 09:32:33  INFO      main  [ShoqPK] Starting scrape…
2026-08-07 09:32:33  INFO      main  [MyCo] Found 0 channels
2026-08-07 09:32:33  INFO      main  [Tapmad] Found 0 channels
2026-08-07 09:32:33  INFO      main  [ShoqPK] Found 0 channels
2026-08-07 09:32:34  INFO      main  [Tamasha] Found 0 channels
2026-08-07 09:32:34  INFO      main  Total unique channels after merge: 0
2026-08-07 09:32:34  INFO      main  Validating 0 channels…
2026-08-07 09:32:34  INFO      main  Validation complete: 0 live, 0 dead (removed)
2026-08-07 09:32:34  INFO      main  Diff → +0 new, -0 removed
2026-08-07 09:32:34  INFO      main  Saved 0 channels → output/
2026-08-07 09:32:34  INFO      main  Scrape cycle complete.
2026-08-07 10:53:55  INFO      main  ============================================================
2026-08-07 10:53:55  INFO      main  Scrape cycle started at 2026-08-07 10:53:55
2026-08-07 10:53:55  INFO      main  [Tamasha] Starting scrape…
2026-08-07 10:53:55  INFO      main  [Tapmad] Starting scrape…
2026-08-07 10:53:55  INFO      main  [MyCo] Starting scrape…
2026-08-07 10:53:55  INFO      main  [ShoqPK] Starting scrape…
2026-08-07 10:53:55  INFO      main  [MyCo] Found 0 channels
2026-08-07 10:53:55  INFO      main  [Tapmad] Found 0 channels
2026-08-07 10:53:56  INFO      main  [ShoqPK] Found 0 channels
2026-08-07 10:53:56  INFO      main  [Tamasha] Found 0 channels
2026-08-07 10:53:56  INFO      main  Total unique channels after merge: 0
2026-08-07 10:53:56  INFO      main  Validating 0 channels…
2026-08-07 10:53:56  INFO      main  Validation complete: 0 live, 0 dead (removed)
2026-08-07 10:53:56  INFO      main  Diff → +0 new, -0 removed
2026-08-07 10:53:56  INFO      main  Saved 0 channels → output/
2026-08-07 10:53:56  INFO      main  Scrape cycle complete.
2026-08-07 11:47:37  INFO      main  ============================================================
2026-08-07 11:47:37  INFO      main  Scrape cycle started at 2026-08-07 11:47:37
2026-08-07 11:47:37  INFO      main  [Tamasha] Starting scrape…
2026-08-07 11:47:37  INFO      main  [Tapmad] Starting scrape…
2026-08-07 11:47:37  INFO      main  [MyCo] Starting scrape…
2026-08-07 11:47:37  INFO      main  [ShoqPK] Starting scrape…
2026-08-07 11:47:37  INFO      main  [MyCo] Found 0 channels
2026-08-07 11:47:37  INFO      main  [Tapmad] Found 0 channels
2026-08-07 11:47:37  INFO      main  [ShoqPK] Found 0 channels
2026-08-07 11:47:42  INFO      main  [Tamasha] Found 0 channels
2026-08-07 11:47:42  INFO      main  Total unique channels after merge: 0
2026-08-07 11:47:42  INFO      main  Validating 0 channels…
2026-08-07 11:47:42  INFO      main  Validation complete: 0 live, 0 dead (removed)
2026-08-07 11:47:42  INFO      main  Diff → +0 new, -0 removed
2026-08-07 11:47:42  INFO      main  Saved 0 channels → output/
2026-08-07 11:47:42  INFO      main  Scrape cycle complete.
2026-08-07 13:07:41  INFO      main  ============================================================
2026-08-07 13:07:41  INFO      main  Scrape cycle started at 2026-08-07 13:07:41
2026-08-07 13:07:41  INFO      main  [Tamasha] Starting scrape…
2026-08-07 13:07:41  INFO      main  [Tapmad] Starting scrape…
2026-08-07 13:07:41  INFO      main  [MyCo] Starting scrape…
2026-08-07 13:07:41  INFO      main  [ShoqPK] Starting scrape…
2026-08-07 13:07:41  INFO      main  [MyCo] Found 0 channels
2026-08-07 13:07:41  INFO      main  [Tapmad] Found 0 channels
2026-08-07 13:07:41  INFO      main  [ShoqPK] Found 0 channels
2026-08-07 13:07:42  INFO      main  [Tamasha] Found 0 channels
2026-08-07 13:07:42  INFO      main  Total unique channels after merge: 0
2026-08-07 13:07:42  INFO      main  Validating 0 channels…
2026-08-07 13:07:42  INFO      main  Validation complete: 0 live, 0 dead (removed)
2026-08-07 13:07:42  INFO      main  Diff → +0 new, -0 removed
2026-08-07 13:07:42  INFO      main  Saved 0 channels → output/
2026-08-07 13:07:42  INFO      main  Scrape cycle complete.
2026-08-07 14:32:21  INFO      main  ============================================================
2026-08-07 14:32:21  INFO      main  Scrape cycle started at 2026-08-07 14:32:21
2026-08-07 14:32:21  INFO      main  [Tamasha] Starting scrape…
2026-08-07 14:32:21  INFO      main  [Tapmad] Starting scrape…
2026-08-07 14:32:21  INFO      main  [MyCo] Starting scrape…
2026-08-07 14:32:21  INFO      main  [ShoqPK] Starting scrape…
2026-08-07 14:32:21  INFO      main  [MyCo] Found 0 channels
2026-08-07 14:32:21  INFO      main  [Tapmad] Found 0 channels
2026-08-07 14:32:21  INFO      main  [ShoqPK] Found 0 channels
2026-08-07 14:32:21  INFO      main  [Tamasha] Found 0 channels
2026-08-07 14:32:21  INFO      main  Total unique channels after merge: 0
2026-08-07 14:32:21  INFO      main  Validating 0 channels…
2026-08-07 14:32:21  INFO      main  Validation complete: 0 live, 0 dead (removed)
2026-08-07 14:32:21  INFO      main  Diff → +0 new, -0 removed
2026-08-07 14:32:21  INFO      main  Saved 0 channels → output/
2026-08-07 14:32:21  INFO      main  Scrape cycle complete.
2026-08-07 15:57:34  INFO      main  ============================================================
2026-08-07 15:57:34  INFO      main  Scrape cycle started at 2026-08-07 15:57:34
2026-08-07 15:57:34  INFO      main  [Tamasha] Starting scrape…
2026-08-07 15:57:34  INFO      main  [Tapmad] Starting scrape…
2026-08-07 15:57:34  INFO      main  [MyCo] Starting scrape…
2026-08-07 15:57:34  INFO      main  [ShoqPK] Starting scrape…
2026-08-07 15:57:34  INFO      main  [MyCo] Found 0 channels
2026-08-07 15:57:34  INFO      main  [Tapmad] Found 0 channels
2026-08-07 15:57:34  INFO      main  [ShoqPK] Found 0 channels
2026-08-07 15:57:35  INFO      main  [Tamasha] Found 0 channels
2026-08-07 15:57:35  INFO      main  Total unique channels after merge: 0
2026-08-07 15:57:35  INFO      main  Validating 0 channels…
2026-08-07 15:57:35  INFO      main  Validation complete: 0 live, 0 dead (removed)
2026-08-07 15:57:35  INFO      main  Diff → +0 new, -0 removed
2026-08-07 15:57:35  INFO      main  Saved 0 channels → output/
2026-08-07 15:57:35  INFO      main  Scrape cycle complete.
2026-08-07 17:00:14  INFO      main  ============================================================
2026-08-07 17:00:14  INFO      main  Scrape cycle started at 2026-08-07 17:00:14
2026-08-07 17:00:14  INFO      main  [Tamasha] Starting scrape…
2026-08-07 17:00:14  INFO      main  [Tapmad] Starting scrape…
2026-08-07 17:00:14  INFO      main  [MyCo] Starting scrape…
2026-08-07 17:00:14  INFO      main  [ShoqPK] Starting scrape…
2026-08-07 17:00:14  INFO      main  [MyCo] Found 0 channels
2026-08-07 17:00:14  INFO      main  [Tapmad] Found 0 channels
2026-08-07 17:00:15  INFO      main  [ShoqPK] Found 0 channels
2026-08-07 17:00:15  INFO      main  [Tamasha] Found 0 channels
2026-08-07 17:00:15  INFO      main  Total unique channels after merge: 0
2026-08-07 17:00:15  INFO      main  Validating 0 channels…
2026-08-07 17:00:15  INFO      main  Validation complete: 0 live, 0 dead (removed)
2026-08-07 17:00:15  INFO      main  Diff → +0 new, -0 removed
2026-08-07 17:00:15  INFO      main  Saved 0 channels → output/
2026-08-07 17:00:15  INFO      main  Scrape cycle complete.
2026-08-07 17:55:43  INFO      main  ============================================================
2026-08-07 17:55:43  INFO      main  Scrape cycle started at 2026-08-07 17:55:43
2026-08-07 17:55:43  INFO      main  [Tamasha] Starting scrape…
2026-08-07 17:55:43  INFO      main  [Tapmad] Starting scrape…
2026-08-07 17:55:43  INFO      main  [MyCo] Starting scrape…
2026-08-07 17:55:43  INFO      main  [ShoqPK] Starting scrape…
2026-08-07 17:55:43  INFO      main  [MyCo] Found 0 channels
2026-08-07 17:55:43  INFO      main  [Tapmad] Found 0 channels
2026-08-07 17:55:43  INFO      main  [Tamasha] Found 0 channels
2026-08-07 17:55:43  INFO      main  [ShoqPK] Found 0 channels
2026-08-07 17:55:43  INFO      main  Total unique channels after merge: 0
2026-08-07 17:55:43  INFO      main  Validating 0 channels…
2026-08-07 17:55:43  INFO      main  Validation complete: 0 live, 0 dead (removed)
2026-08-07 17:55:43  INFO      main  Diff → +0 new, -0 removed
2026-08-07 17:55:43  INFO      main  Saved 0 channels → output/
2026-08-07 17:55:43  INFO      main  Scrape cycle complete.
2026-08-07 19:01:29  INFO      main  ============================================================
2026-08-07 19:01:29  INFO      main  Scrape cycle started at 2026-08-07 19:01:29
2026-08-07 19:01:29  INFO      main  [Tamasha] Starting scrape…
2026-08-07 19:01:29  INFO      main  [Tapmad] Starting scrape…
2026-08-07 19:01:29  INFO      main  [MyCo] Starting scrape…
2026-08-07 19:01:29  INFO      main  [ShoqPK] Starting scrape…
2026-08-07 19:01:29  INFO      main  [Tapmad] Found 0 channels
2026-08-07 19:01:29  INFO      main  [MyCo] Found 0 channels
2026-08-07 19:01:29  INFO      main  [ShoqPK] Found 0 channels
2026-08-07 19:01:30  INFO      main  [Tamasha] Found 0 channels
2026-08-07 19:01:30  INFO      main  Total unique channels after merge: 0
2026-08-07 19:01:30  INFO      main  Validating 0 channels…
2026-08-07 19:01:30  INFO      main  Validation complete: 0 live, 0 dead (removed)
2026-08-07 19:01:30  INFO      main  Diff → +0 new, -0 removed
2026-08-07 19:01:30  INFO      main  Saved 0 channels → output/
2026-08-07 19:01:30  INFO      main  Scrape cycle complete.
2026-08-07 20:05:38  INFO      main  ============================================================
2026-08-07 20:05:38  INFO      main  Scrape cycle started at 2026-08-07 20:05:38
2026-08-07 20:05:38  INFO      main  [Tamasha] Starting scrape…
2026-08-07 20:05:38  INFO      main  [Tapmad] Starting scrape…
2026-08-07 20:05:38  INFO      main  [MyCo] Starting scrape…
2026-08-07 20:05:38  INFO      main  [ShoqPK] Starting scrape…
2026-08-07 20:05:38  INFO      main  [MyCo] Found 0 channels
2026-08-07 20:05:38  INFO      main  [Tapmad] Found 0 channels
2026-08-07 20:05:38  INFO      main  [ShoqPK] Found 0 channels
2026-08-07 20:05:38  INFO      main  [Tamasha] Found 0 channels
2026-08-07 20:05:38  INFO      main  Total unique channels after merge: 0
2026-08-07 20:05:38  INFO      main  Validating 0 channels…
2026-08-07 20:05:38  INFO      main  Validation complete: 0 live, 0 dead (removed)
2026-08-07 20:05:38  INFO      main  Diff → +0 new, -0 removed
2026-08-07 20:05:38  INFO      main  Saved 0 channels → output/
2026-08-07 20:05:38  INFO      main  Scrape cycle complete.
2026-08-07 21:11:10  INFO      main  ============================================================
2026-08-07 21:11:10  INFO      main  Scrape cycle started at 2026-08-07 21:11:10
2026-08-07 21:11:10  INFO      main  [Tamasha] Starting scrape…
2026-08-07 21:11:10  INFO      main  [Tapmad] Starting scrape…
2026-08-07 21:11:10  INFO      main  [MyCo] Starting scrape…
2026-08-07 21:11:10  INFO      main  [ShoqPK] Starting scrape…
2026-08-07 21:11:10  INFO      main  [Tapmad] Found 0 channels
2026-08-07 21:11:10  INFO      main  [MyCo] Found 0 channels
2026-08-07 21:11:11  INFO      main  [ShoqPK] Found 0 channels
2026-08-07 21:11:11  INFO      main  [Tamasha] Found 0 channels
2026-08-07 21:11:11  INFO      main  Total unique channels after merge: 0
2026-08-07 21:11:11  INFO      main  Validating 0 channels…
2026-08-07 21:11:11  INFO      main  Validation complete: 0 live, 0 dead (removed)
2026-08-07 21:11:11  INFO      main  Diff → +0 new, -0 removed
2026-08-07 21:11:11  INFO      main  Saved 0 channels → output/
2026-08-07 21:11:11  INFO      main  Scrape cycle complete.
2026-08-07 22:06:24  INFO      main  ============================================================
2026-08-07 22:06:24  INFO      main  Scrape cycle started at 2026-08-07 22:06:24
2026-08-07 22:06:24  INFO      main  [Tamasha] Starting scrape…
2026-08-07 22:06:24  INFO      main  [Tapmad] Starting scrape…
2026-08-07 22:06:24  INFO      main  [MyCo] Starting scrape…
2026-08-07 22:06:24  INFO      main  [ShoqPK] Starting scrape…
2026-08-07 22:06:24  INFO      main  [Tapmad] Found 0 channels
2026-08-07 22:06:24  INFO      main  [MyCo] Found 0 channels
2026-08-07 22:06:25  INFO      main  [ShoqPK] Found 0 channels
2026-08-07 22:06:25  INFO      main  [Tamasha] Found 0 channels
2026-08-07 22:06:25  INFO      main  Total unique channels after merge: 0
2026-08-07 22:06:25  INFO      main  Validating 0 channels…
2026-08-07 22:06:25  INFO      main  Validation complete: 0 live, 0 dead (removed)
2026-08-07 22:06:25  INFO      main  Diff → +0 new, -0 removed
2026-08-07 22:06:25  INFO      main  Saved 0 channels → output/
2026-08-07 22:06:25  INFO      main  Scrape cycle complete.
2026-08-07 23:06:37  INFO      main  ============================================================
2026-08-07 23:06:37  INFO      main  Scrape cycle started at 2026-08-07 23:06:37
2026-08-07 23:06:37  INFO      main  [Tamasha] Starting scrape…
2026-08-07 23:06:37  INFO      main  [Tapmad] Starting scrape…
2026-08-07 23:06:37  INFO      main  [MyCo] Starting scrape…
2026-08-07 23:06:37  INFO      main  [ShoqPK] Starting scrape…
2026-08-07 23:06:37  INFO      main  [MyCo] Found 0 channels
2026-08-07 23:06:37  INFO      main  [Tapmad] Found 0 channels
2026-08-07 23:06:37  INFO      main  [ShoqPK] Found 0 channels
2026-08-07 23:06:38  INFO      main  [Tamasha] Found 0 channels
2026-08-07 23:06:38  INFO      main  Total unique channels after merge: 0
2026-08-07 23:06:38  INFO      main  Validating 0 channels…
2026-08-07 23:06:38  INFO      main  Validation complete: 0 live, 0 dead (removed)
2026-08-07 23:06:38  INFO      main  Diff → +0 new, -0 removed
2026-08-07 23:06:38  INFO      main  Saved 0 channels → output/
2026-08-07 23:06:38  INFO      main  Scrape cycle complete.
2026-08-07 23:59:05  INFO      main  ============================================================
2026-08-07 23:59:05  INFO      main  Scrape cycle started at 2026-08-07 23:59:05
2026-08-07 23:59:05  INFO      main  [Tamasha] Starting scrape…
2026-08-07 23:59:05  INFO      main  [Tapmad] Starting scrape…
2026-08-07 23:59:05  INFO      main  [MyCo] Starting scrape…
2026-08-07 23:59:05  INFO      main  [ShoqPK] Starting scrape…
2026-08-07 23:59:05  INFO      main  [MyCo] Found 0 channels
2026-08-07 23:59:05  INFO      main  [Tapmad] Found 0 channels
2026-08-07 23:59:06  INFO      main  [ShoqPK] Found 0 channels
2026-08-07 23:59:06  INFO      main  [Tamasha] Found 0 channels
2026-08-07 23:59:06  INFO      main  Total unique channels after merge: 0
2026-08-07 23:59:06  INFO      main  Validating 0 channels…
2026-08-07 23:59:06  INFO      main  Validation complete: 0 live, 0 dead (removed)
2026-08-07 23:59:06  INFO      main  Diff → +0 new, -0 removed
2026-08-07 23:59:06  INFO      main  Saved 0 channels → output/
2026-08-07 23:59:06  INFO      main  Scrape cycle complete.
2026-08-08 02:10:11  INFO      main  ============================================================
2026-08-08 02:10:11  INFO      main  Scrape cycle started at 2026-08-08 02:10:11
2026-08-08 02:10:11  INFO      main  [Tamasha] Starting scrape…
2026-08-08 02:10:11  INFO      main  [Tapmad] Starting scrape…
2026-08-08 02:10:11  INFO      main  [MyCo] Starting scrape…
2026-08-08 02:10:11  INFO      main  [ShoqPK] Starting scrape…
2026-08-08 02:10:11  INFO      main  [MyCo] Found 0 channels
2026-08-08 02:10:11  INFO      main  [Tapmad] Found 0 channels
2026-08-08 02:10:11  INFO      main  [ShoqPK] Found 0 channels
2026-08-08 02:10:12  INFO      main  [Tamasha] Found 0 channels
2026-08-08 02:10:12  INFO      main  Total unique channels after merge: 0
2026-08-08 02:10:12  INFO      main  Validating 0 channels…
2026-08-08 02:10:12  INFO      main  Validation complete: 0 live, 0 dead (removed)
2026-08-08 02:10:12  INFO      main  Diff → +0 new, -0 removed
2026-08-08 02:10:12  INFO      main  Saved 0 channels → output/
2026-08-08 02:10:12  INFO      main  Scrape cycle complete.
2026-08-08 03:50:20  INFO      main  ============================================================
2026-08-08 03:50:20  INFO      main  Scrape cycle started at 2026-08-08 03:50:20
2026-08-08 03:50:20  INFO      main  [Tamasha] Starting scrape…
2026-08-08 03:50:20  INFO      main  [Tapmad] Starting scrape…
2026-08-08 03:50:20  INFO      main  [MyCo] Starting scrape…
2026-08-08 03:50:20  INFO      main  [ShoqPK] Starting scrape…
2026-08-08 03:50:20  INFO      main  [MyCo] Found 0 channels
2026-08-08 03:50:21  INFO      main  [Tapmad] Found 0 channels
2026-08-08 03:50:21  INFO      main  [ShoqPK] Found 0 channels
2026-08-08 03:50:21  INFO      main  [Tamasha] Found 0 channels
2026-08-08 03:50:21  INFO      main  Total unique channels after merge: 0
2026-08-08 03:50:21  INFO      main  Validating 0 channels…
2026-08-08 03:50:21  INFO      main  Validation complete: 0 live, 0 dead (removed)
2026-08-08 03:50:21  INFO      main  Diff → +0 new, -0 removed
2026-08-08 03:50:21  INFO      main  Saved 0 channels → output/
2026-08-08 03:50:21  INFO      main  Scrape cycle complete.
2026-08-08 04:58:40  INFO      main  ============================================================
2026-08-08 04:58:40  INFO      main  Scrape cycle started at 2026-08-08 04:58:40
2026-08-08 04:58:40  INFO      main  [Tamasha] Starting scrape…
2026-08-08 04:58:40  INFO      main  [Tapmad] Starting scrape…
2026-08-08 04:58:40  INFO      main  [MyCo] Starting scrape…
2026-08-08 04:58:40  INFO      main  [ShoqPK] Starting scrape…
2026-08-08 04:58:40  INFO      main  [Tapmad] Found 0 channels
2026-08-08 04:58:40  INFO      main  [MyCo] Found 0 channels
2026-08-08 04:58:40  INFO      main  [ShoqPK] Found 0 channels
2026-08-08 04:58:41  INFO      main  [Tamasha] Found 0 channels
2026-08-08 04:58:41  INFO      main  Total unique channels after merge: 0
2026-08-08 04:58:41  INFO      main  Validating 0 channels…
2026-08-08 04:58:41  INFO      main  Validation complete: 0 live, 0 dead (removed)
2026-08-08 04:58:41  INFO      main  Diff → +0 new, -0 removed
2026-08-08 04:58:41  INFO      main  Saved 0 channels → output/
2026-08-08 04:58:41  INFO      main  Scrape cycle complete.
2026-08-08 05:50:04  INFO      main  ============================================================
2026-08-08 05:50:04  INFO      main  Scrape cycle started at 2026-08-08 05:50:04
2026-08-08 05:50:04  INFO      main  [Tamasha] Starting scrape…
2026-08-08 05:50:04  INFO      main  [Tapmad] Starting scrape…
2026-08-08 05:50:04  INFO      main  [MyCo] Starting scrape…
2026-08-08 05:50:04  INFO      main  [ShoqPK] Starting scrape…
2026-08-08 05:50:05  INFO      main  [MyCo] Found 0 channels
2026-08-08 05:50:05  INFO      main  [Tapmad] Found 0 channels
2026-08-08 05:50:05  INFO      main  [ShoqPK] Found 0 channels
2026-08-08 05:50:07  INFO      main  [Tamasha] Found 0 channels
2026-08-08 05:50:07  INFO      main  Total unique channels after merge: 0
2026-08-08 05:50:07  INFO      main  Validating 0 channels…
2026-08-08 05:50:07  INFO      main  Validation complete: 0 live, 0 dead (removed)
2026-08-08 05:50:07  INFO      main  Diff → +0 new, -0 removed
2026-08-08 05:50:07  INFO      main  Saved 0 channels → output/
2026-08-08 05:50:07  INFO      main  Scrape cycle complete.
2026-08-08 06:56:30  INFO      main  ============================================================
2026-08-08 06:56:30  INFO      main  Scrape cycle started at 2026-08-08 06:56:30
2026-08-08 06:56:30  INFO      main  [Tamasha] Starting scrape…
2026-08-08 06:56:30  INFO      main  [Tapmad] Starting scrape…
2026-08-08 06:56:30  INFO      main  [MyCo] Starting scrape…
2026-08-08 06:56:30  INFO      main  [ShoqPK] Starting scrape…
2026-08-08 06:56:30  INFO      main  [MyCo] Found 0 channels
2026-08-08 06:56:30  INFO      main  [ShoqPK] Found 0 channels
2026-08-08 06:56:30  INFO      main  [Tapmad] Found 0 channels
2026-08-08 06:56:31  INFO      main  [Tamasha] Found 0 channels
2026-08-08 06:56:31  INFO      main  Total unique channels after merge: 0
2026-08-08 06:56:31  INFO      main  Validating 0 channels…
2026-08-08 06:56:31  INFO      main  Validation complete: 0 live, 0 dead (removed)
2026-08-08 06:56:31  INFO      main  Diff → +0 new, -0 removed
2026-08-08 06:56:31  INFO      main  Saved 0 channels → output/
2026-08-08 06:56:31  INFO      main  Scrape cycle complete.
2026-08-08 07:52:27  INFO      main  ============================================================
2026-08-08 07:52:27  INFO      main  Scrape cycle started at 2026-08-08 07:52:27
2026-08-08 07:52:27  INFO      main  [Tamasha] Starting scrape…
2026-08-08 07:52:27  INFO      main  [Tapmad] Starting scrape…
2026-08-08 07:52:27  INFO      main  [MyCo] Starting scrape…
2026-08-08 07:52:27  INFO      main  [ShoqPK] Starting scrape…
2026-08-08 07:52:27  INFO      main  [MyCo] Found 0 channels
2026-08-08 07:52:27  INFO      main  [Tapmad] Found 0 channels
2026-08-08 07:52:27  INFO      main  [ShoqPK] Found 0 channels
2026-08-08 07:52:28  INFO      main  [Tamasha] Found 0 channels
2026-08-08 07:52:28  INFO      main  Total unique channels after merge: 0
2026-08-08 07:52:28  INFO      main  Validating 0 channels…
2026-08-08 07:52:28  INFO      main  Validation complete: 0 live, 0 dead (removed)
2026-08-08 07:52:28  INFO      main  Diff → +0 new, -0 removed
2026-08-08 07:52:28  INFO      main  Saved 0 channels → output/
2026-08-08 07:52:28  INFO      main  Scrape cycle complete.
2026-08-08 08:43:30  INFO      main  ============================================================
2026-08-08 08:43:30  INFO      main  Scrape cycle started at 2026-08-08 08:43:30
2026-08-08 08:43:30  INFO      main  [Tamasha] Starting scrape…
2026-08-08 08:43:30  INFO      main  [Tapmad] Starting scrape…
2026-08-08 08:43:30  INFO      main  [MyCo] Starting scrape…
2026-08-08 08:43:30  INFO      main  [ShoqPK] Starting scrape…
2026-08-08 08:43:30  INFO      main  [MyCo] Found 0 channels
2026-08-08 08:43:30  INFO      main  [Tapmad] Found 0 channels
2026-08-08 08:43:30  INFO      main  [Tamasha] Found 0 channels
2026-08-08 08:43:30  INFO      main  [ShoqPK] Found 0 channels
2026-08-08 08:43:30  INFO      main  Total unique channels after merge: 0
2026-08-08 08:43:30  INFO      main  Validating 0 channels…
2026-08-08 08:43:30  INFO      main  Validation complete: 0 live, 0 dead (removed)
2026-08-08 08:43:30  INFO      main  Diff → +0 new, -0 removed
2026-08-08 08:43:30  INFO      main  Saved 0 channels → output/
2026-08-08 08:43:30  INFO      main  Scrape cycle complete.
2026-08-08 09:39:42  INFO      main  ============================================================
2026-08-08 09:39:42  INFO      main  Scrape cycle started at 2026-08-08 09:39:42
2026-08-08 09:39:42  INFO      main  [Tamasha] Starting scrape…
2026-08-08 09:39:42  INFO      main  [Tapmad] Starting scrape…
2026-08-08 09:39:42  INFO      main  [MyCo] Starting scrape…
2026-08-08 09:39:42  INFO      main  [ShoqPK] Starting scrape…
2026-08-08 09:39:42  INFO      main  [MyCo] Found 0 channels
2026-08-08 09:39:42  INFO      main  [Tapmad] Found 0 channels
2026-08-08 09:39:42  INFO      main  [ShoqPK] Found 0 channels
2026-08-08 09:39:43  INFO      main  [Tamasha] Found 0 channels
2026-08-08 09:39:43  INFO      main  Total unique channels after merge: 0
2026-08-08 09:39:43  INFO      main  Validating 0 channels…
2026-08-08 09:39:43  INFO      main  Validation complete: 0 live, 0 dead (removed)
2026-08-08 09:39:43  INFO      main  Diff → +0 new, -0 removed
2026-08-08 09:39:43  INFO      main  Saved 0 channels → output/
2026-08-08 09:39:43  INFO      main  Scrape cycle complete.
2026-08-08 10:35:39  INFO      main  ============================================================
2026-08-08 10:35:39  INFO      main  Scrape cycle started at 2026-08-08 10:35:39
2026-08-08 10:35:39  INFO      main  [Tamasha] Starting scrape…
2026-08-08 10:35:39  INFO      main  [Tapmad] Starting scrape…
2026-08-08 10:35:39  INFO      main  [MyCo] Starting scrape…
2026-08-08 10:35:39  INFO      main  [ShoqPK] Starting scrape…
2026-08-08 10:35:39  INFO      main  [MyCo] Found 0 channels
2026-08-08 10:35:39  INFO      main  [Tapmad] Found 0 channels
2026-08-08 10:35:39  INFO      main  [ShoqPK] Found 0 channels
2026-08-08 10:35:40  INFO      main  [Tamasha] Found 0 channels
2026-08-08 10:35:40  INFO      main  Total unique channels after merge: 0
2026-08-08 10:35:40  INFO      main  Validating 0 channels…
2026-08-08 10:35:40  INFO      main  Validation complete: 0 live, 0 dead (removed)
2026-08-08 10:35:40  INFO      main  Diff → +0 new, -0 removed
2026-08-08 10:35:40  INFO      main  Saved 0 channels → output/
2026-08-08 10:35:40  INFO      main  Scrape cycle complete.
2026-08-08 11:30:11  INFO      main  ============================================================
2026-08-08 11:30:11  INFO      main  Scrape cycle started at 2026-08-08 11:30:11
2026-08-08 11:30:11  INFO      main  [Tamasha] Starting scrape…
2026-08-08 11:30:11  INFO      main  [Tapmad] Starting scrape…
2026-08-08 11:30:11  INFO      main  [MyCo] Starting scrape…
2026-08-08 11:30:11  INFO      main  [ShoqPK] Starting scrape…
2026-08-08 11:30:11  INFO      main  [MyCo] Found 0 channels
2026-08-08 11:30:11  INFO      main  [Tapmad] Found 0 channels
2026-08-08 11:30:11  INFO      main  [ShoqPK] Found 0 channels
2026-08-08 11:30:12  INFO      main  [Tamasha] Found 0 channels
2026-08-08 11:30:12  INFO      main  Total unique channels after merge: 0
2026-08-08 11:30:12  INFO      main  Validating 0 channels…
2026-08-08 11:30:12  INFO      main  Validation complete: 0 live, 0 dead (removed)
2026-08-08 11:30:12  INFO      main  Diff → +0 new, -0 removed
2026-08-08 11:30:12  INFO      main  Saved 0 channels → output/
2026-08-08 11:30:12  INFO      main  Scrape cycle complete.
2026-08-08 11:57:01  INFO      main  ============================================================
2026-08-08 11:57:01  INFO      main  Scrape cycle started at 2026-08-08 11:57:01
2026-08-08 11:57:01  INFO      main  [Tamasha] Starting scrape…
2026-08-08 11:57:01  INFO      main  [Tapmad] Starting scrape…
2026-08-08 11:57:01  INFO      main  [MyCo] Starting scrape…
2026-08-08 11:57:01  INFO      main  [ShoqPK] Starting scrape…
2026-08-08 11:57:01  INFO      main  [MyCo] Found 0 channels
2026-08-08 11:57:01  INFO      main  [Tapmad] Found 0 channels
2026-08-08 11:57:01  INFO      main  [ShoqPK] Found 0 channels
2026-08-08 11:57:02  INFO      main  [Tamasha] Found 0 channels
2026-08-08 11:57:02  INFO      main  Total unique channels after merge: 0
2026-08-08 11:57:02  INFO      main  Validating 0 channels…
2026-08-08 11:57:02  INFO      main  Validation complete: 0 live, 0 dead (removed)
2026-08-08 11:57:02  INFO      main  Diff → +0 new, -0 removed
2026-08-08 11:57:02  INFO      main  Saved 0 channels → output/
2026-08-08 11:57:02  INFO      main  Scrape cycle complete.
2026-08-08 13:02:59  INFO      main  ============================================================
2026-08-08 13:02:59  INFO      main  Scrape cycle started at 2026-08-08 13:02:59
2026-08-08 13:02:59  INFO      main  [Tamasha] Starting scrape…
2026-08-08 13:02:59  INFO      main  [Tapmad] Starting scrape…
2026-08-08 13:02:59  INFO      main  [MyCo] Starting scrape…
2026-08-08 13:02:59  INFO      main  [ShoqPK] Starting scrape…
2026-08-08 13:02:59  INFO      main  [MyCo] Found 0 channels
2026-08-08 13:02:59  INFO      main  [Tapmad] Found 0 channels
2026-08-08 13:03:00  INFO      main  [Tamasha] Found 0 channels
2026-08-08 13:03:00  INFO      main  [ShoqPK] Found 0 channels
2026-08-08 13:03:00  INFO      main  Total unique channels after merge: 0
2026-08-08 13:03:00  INFO      main  Validating 0 channels…
2026-08-08 13:03:00  INFO      main  Validation complete: 0 live, 0 dead (removed)
2026-08-08 13:03:00  INFO      main  Diff → +0 new, -0 removed
2026-08-08 13:03:00  INFO      main  Saved 0 channels → output/
2026-08-08 13:03:00  INFO      main  Scrape cycle complete.
2026-08-08 14:06:26  INFO      main  ============================================================
2026-08-08 14:06:26  INFO      main  Scrape cycle started at 2026-08-08 14:06:26
2026-08-08 14:06:26  INFO      main  [Tamasha] Starting scrape…
2026-08-08 14:06:26  INFO      main  [Tapmad] Starting scrape…
2026-08-08 14:06:26  INFO      main  [MyCo] Starting scrape…
2026-08-08 14:06:26  INFO      main  [ShoqPK] Starting scrape…
2026-08-08 14:06:26  INFO      main  [MyCo] Found 0 channels
2026-08-08 14:06:26  INFO      main  [Tapmad] Found 0 channels
2026-08-08 14:06:26  INFO      main  [Tamasha] Found 0 channels
2026-08-08 14:06:26  INFO      main  [ShoqPK] Found 0 channels
2026-08-08 14:06:26  INFO      main  Total unique channels after merge: 0
2026-08-08 14:06:26  INFO      main  Validating 0 channels…
2026-08-08 14:06:26  INFO      main  Validation complete: 0 live, 0 dead (removed)
2026-08-08 14:06:26  INFO      main  Diff → +0 new, -0 removed
2026-08-08 14:06:26  INFO      main  Saved 0 channels → output/
2026-08-08 14:06:26  INFO      main  Scrape cycle complete.
2026-08-08 14:58:45  INFO      main  ============================================================
2026-08-08 14:58:45  INFO      main  Scrape cycle started at 2026-08-08 14:58:45
2026-08-08 14:58:45  INFO      main  [Tamasha] Starting scrape…
2026-08-08 14:58:45  INFO      main  [Tapmad] Starting scrape…
2026-08-08 14:58:45  INFO      main  [MyCo] Starting scrape…
2026-08-08 14:58:45  INFO      main  [ShoqPK] Starting scrape…
2026-08-08 14:58:45  INFO      main  [MyCo] Found 0 channels
2026-08-08 14:58:46  INFO      main  [Tapmad] Found 0 channels
2026-08-08 14:58:46  INFO      main  [ShoqPK] Found 0 channels
2026-08-08 14:58:46  INFO      main  [Tamasha] Found 0 channels
2026-08-08 14:58:46  INFO      main  Total unique channels after merge: 0
2026-08-08 14:58:46  INFO      main  Validating 0 channels…
2026-08-08 14:58:46  INFO      main  Validation complete: 0 live, 0 dead (removed)
2026-08-08 14:58:46  INFO      main  Diff → +0 new, -0 removed
2026-08-08 14:58:46  INFO      main  Saved 0 channels → output/
2026-08-08 14:58:46  INFO      main  Scrape cycle complete.
2026-08-08 15:37:30  INFO      main  ============================================================
2026-08-08 15:37:30  INFO      main  Scrape cycle started at 2026-08-08 15:37:30
2026-08-08 15:37:30  INFO      main  [Tamasha] Starting scrape…
2026-08-08 15:37:30  INFO      main  [Tapmad] Starting scrape…
2026-08-08 15:37:30  INFO      main  [MyCo] Starting scrape…
2026-08-08 15:37:30  INFO      main  [ShoqPK] Starting scrape…
2026-08-08 15:37:30  INFO      main  [MyCo] Found 0 channels
2026-08-08 15:37:30  INFO      main  [Tapmad] Found 0 channels
2026-08-08 15:37:30  INFO      main  [ShoqPK] Found 0 channels
2026-08-08 15:37:31  INFO      main  [Tamasha] Found 0 channels
2026-08-08 15:37:31  INFO      main  Total unique channels after merge: 0
2026-08-08 15:37:31  INFO      main  Validating 0 channels…
2026-08-08 15:37:31  INFO      main  Validation complete: 0 live, 0 dead (removed)
2026-08-08 15:37:31  INFO      main  Diff → +0 new, -0 removed
2026-08-08 15:37:31  INFO      main  Saved 0 channels → output/
2026-08-08 15:37:31  INFO      main  Scrape cycle complete.
2026-08-08 16:35:34  INFO      main  ============================================================
2026-08-08 16:35:34  INFO      main  Scrape cycle started at 2026-08-08 16:35:34
2026-08-08 16:35:34  INFO      main  [Tamasha] Starting scrape…
2026-08-08 16:35:34  INFO      main  [Tapmad] Starting scrape…
2026-08-08 16:35:34  INFO      main  [MyCo] Starting scrape…
2026-08-08 16:35:34  INFO      main  [ShoqPK] Starting scrape…
2026-08-08 16:35:34  INFO      main  [Tapmad] Found 0 channels
2026-08-08 16:35:34  INFO      main  [MyCo] Found 0 channels
2026-08-08 16:35:34  INFO      main  [ShoqPK] Found 0 channels
2026-08-08 16:35:34  INFO      main  [Tamasha] Found 0 channels
2026-08-08 16:35:34  INFO      main  Total unique channels after merge: 0
2026-08-08 16:35:34  INFO      main  Validating 0 channels…
2026-08-08 16:35:34  INFO      main  Validation complete: 0 live, 0 dead (removed)
2026-08-08 16:35:34  INFO      main  Diff → +0 new, -0 removed
2026-08-08 16:35:34  INFO      main  Saved 0 channels → output/
2026-08-08 16:35:34  INFO      main  Scrape cycle complete.
2026-08-08 17:32:07  INFO      main  ============================================================
2026-08-08 17:32:07  INFO      main  Scrape cycle started at 2026-08-08 17:32:07
2026-08-08 17:32:07  INFO      main  [Tamasha] Starting scrape…
2026-08-08 17:32:07  INFO      main  [Tapmad] Starting scrape…
2026-08-08 17:32:07  INFO      main  [MyCo] Starting scrape…
2026-08-08 17:32:07  INFO      main  [ShoqPK] Starting scrape…
2026-08-08 17:32:07  INFO      main  [Tapmad] Found 0 channels
2026-08-08 17:32:07  INFO      main  [MyCo] Found 0 channels
2026-08-08 17:32:07  INFO      main  [Tamasha] Found 0 channels
2026-08-08 17:32:08  INFO      main  [ShoqPK] Found 0 channels
2026-08-08 17:32:08  INFO      main  Total unique channels after merge: 0
2026-08-08 17:32:08  INFO      main  Validating 0 channels…
2026-08-08 17:32:08  INFO      main  Validation complete: 0 live, 0 dead (removed)
2026-08-08 17:32:08  INFO      main  Diff → +0 new, -0 removed
2026-08-08 17:32:08  INFO      main  Saved 0 channels → output/
2026-08-08 17:32:08  INFO      main  Scrape cycle complete.
2026-08-08 18:39:56  INFO      main  ============================================================
2026-08-08 18:39:56  INFO      main  Scrape cycle started at 2026-08-08 18:39:56
2026-08-08 18:39:56  INFO      main  [Tamasha] Starting scrape…
2026-08-08 18:39:56  INFO      main  [Tapmad] Starting scrape…
2026-08-08 18:39:56  INFO      main  [MyCo] Starting scrape…
2026-08-08 18:39:56  INFO      main  [ShoqPK] Starting scrape…
2026-08-08 18:39:56  INFO      main  [MyCo] Found 0 channels
2026-08-08 18:39:56  INFO      main  [Tapmad] Found 0 channels
2026-08-08 18:39:56  INFO      main  [ShoqPK] Found 0 channels
2026-08-08 18:39:56  INFO      main  [Tamasha] Found 0 channels
2026-08-08 18:39:56  INFO      main  Total unique channels after merge: 0
2026-08-08 18:39:56  INFO      main  Validating 0 channels…
2026-08-08 18:39:56  INFO      main  Validation complete: 0 live, 0 dead (removed)
2026-08-08 18:39:56  INFO      main  Diff → +0 new, -0 removed
2026-08-08 18:39:56  INFO      main  Saved 0 channels → output/
2026-08-08 18:39:56  INFO      main  Scrape cycle complete.
2026-08-08 19:31:35  INFO      main  ============================================================
2026-08-08 19:31:35  INFO      main  Scrape cycle started at 2026-08-08 19:31:35
2026-08-08 19:31:35  INFO      main  [Tamasha] Starting scrape…
2026-08-08 19:31:35  INFO      main  [Tapmad] Starting scrape…
2026-08-08 19:31:35  INFO      main  [MyCo] Starting scrape…
2026-08-08 19:31:35  INFO      main  [ShoqPK] Starting scrape…
2026-08-08 19:31:35  INFO      main  [MyCo] Found 0 channels
2026-08-08 19:31:35  INFO      main  [Tapmad] Found 0 channels
2026-08-08 19:31:35  INFO      main  [Tamasha] Found 0 channels
2026-08-08 19:31:35  INFO      main  [ShoqPK] Found 0 channels
2026-08-08 19:31:35  INFO      main  Total unique channels after merge: 0
2026-08-08 19:31:35  INFO      main  Validating 0 channels…
2026-08-08 19:31:35  INFO      main  Validation complete: 0 live, 0 dead (removed)
2026-08-08 19:31:35  INFO      main  Diff → +0 new, -0 removed
2026-08-08 19:31:35  INFO      main  Saved 0 channels → output/
2026-08-08 19:31:35  INFO      main  Scrape cycle complete.
2026-08-08 20:31:57  INFO      main  ============================================================
2026-08-08 20:31:57  INFO      main  Scrape cycle started at 2026-08-08 20:31:57
2026-08-08 20:31:57  INFO      main  [Tamasha] Starting scrape…
2026-08-08 20:31:57  INFO      main  [Tapmad] Starting scrape…
2026-08-08 20:31:57  INFO      main  [MyCo] Starting scrape…
2026-08-08 20:31:57  INFO      main  [ShoqPK] Starting scrape…
2026-08-08 20:31:57  INFO      main  [MyCo] Found 0 channels
2026-08-08 20:31:57  INFO      main  [Tapmad] Found 0 channels
2026-08-08 20:31:58  INFO      main  [ShoqPK] Found 0 channels
2026-08-08 20:31:58  INFO      main  [Tamasha] Found 0 channels
2026-08-08 20:31:58  INFO      main  Total unique channels after merge: 0
2026-08-08 20:31:58  INFO      main  Validating 0 channels…
2026-08-08 20:31:58  INFO      main  Validation complete: 0 live, 0 dead (removed)
2026-08-08 20:31:58  INFO      main  Diff → +0 new, -0 removed
2026-08-08 20:31:58  INFO      main  Saved 0 channels → output/
2026-08-08 20:31:58  INFO      main  Scrape cycle complete.
2026-08-08 21:32:11  INFO      main  ============================================================
2026-08-08 21:32:11  INFO      main  Scrape cycle started at 2026-08-08 21:32:11
2026-08-08 21:32:11  INFO      main  [Tamasha] Starting scrape…
2026-08-08 21:32:11  INFO      main  [Tapmad] Starting scrape…
2026-08-08 21:32:11  INFO      main  [MyCo] Starting scrape…
2026-08-08 21:32:11  INFO      main  [ShoqPK] Starting scrape…
2026-08-08 21:32:11  INFO      main  [Tapmad] Found 0 channels
2026-08-08 21:32:11  INFO      main  [MyCo] Found 0 channels
2026-08-08 21:32:11  INFO      main  [ShoqPK] Found 0 channels
2026-08-08 21:32:11  INFO      main  [Tamasha] Found 0 channels
2026-08-08 21:32:11  INFO      main  Total unique channels after merge: 0
2026-08-08 21:32:11  INFO      main  Validating 0 channels…
2026-08-08 21:32:11  INFO      main  Validation complete: 0 live, 0 dead (removed)
2026-08-08 21:32:11  INFO      main  Diff → +0 new, -0 removed
2026-08-08 21:32:11  INFO      main  Saved 0 channels → output/
2026-08-08 21:32:11  INFO      main  Scrape cycle complete.
2026-08-08 22:31:07  INFO      main  ============================================================
2026-08-08 22:31:07  INFO      main  Scrape cycle started at 2026-08-08 22:31:07
2026-08-08 22:31:07  INFO      main  [Tamasha] Starting scrape…
2026-08-08 22:31:07  INFO      main  [Tapmad] Starting scrape…
2026-08-08 22:31:07  INFO      main  [MyCo] Starting scrape…
2026-08-08 22:31:07  INFO      main  [ShoqPK] Starting scrape…
2026-08-08 22:31:07  INFO      main  [MyCo] Found 0 channels
2026-08-08 22:31:08  INFO      main  [Tapmad] Found 0 channels
2026-08-08 22:31:08  INFO      main  [ShoqPK] Found 0 channels
2026-08-08 22:31:09  INFO      main  [Tamasha] Found 0 channels
2026-08-08 22:31:09  INFO      main  Total unique channels after merge: 0
2026-08-08 22:31:09  INFO      main  Validating 0 channels…
2026-08-08 22:31:09  INFO      main  Validation complete: 0 live, 0 dead (removed)
2026-08-08 22:31:09  INFO      main  Diff → +0 new, -0 removed
2026-08-08 22:31:09  INFO      main  Saved 0 channels → output/
2026-08-08 22:31:09  INFO      main  Scrape cycle complete.
2026-08-08 23:30:41  INFO      main  ============================================================
2026-08-08 23:30:41  INFO      main  Scrape cycle started at 2026-08-08 23:30:41
2026-08-08 23:30:41  INFO      main  [Tamasha] Starting scrape…
2026-08-08 23:30:41  INFO      main  [Tapmad] Starting scrape…
2026-08-08 23:30:41  INFO      main  [MyCo] Starting scrape…
2026-08-08 23:30:41  INFO      main  [ShoqPK] Starting scrape…
2026-08-08 23:30:41  INFO      main  [Tapmad] Found 0 channels
2026-08-08 23:30:41  INFO      main  [MyCo] Found 0 channels
2026-08-08 23:30:42  INFO      main  [ShoqPK] Found 0 channels
2026-08-08 23:30:42  INFO      main  [Tamasha] Found 0 channels
2026-08-08 23:30:42  INFO      main  Total unique channels after merge: 0
2026-08-08 23:30:42  INFO      main  Validating 0 channels…
2026-08-08 23:30:42  INFO      main  Validation complete: 0 live, 0 dead (removed)
2026-08-08 23:30:42  INFO      main  Diff → +0 new, -0 removed
2026-08-08 23:30:42  INFO      main  Saved 0 channels → output/
2026-08-08 23:30:42  INFO      main  Scrape cycle complete.
2026-08-09 01:52:48  INFO      main  ============================================================
2026-08-09 01:52:48  INFO      main  Scrape cycle started at 2026-08-09 01:52:48
2026-08-09 01:52:48  INFO      main  [Tamasha] Starting scrape…
2026-08-09 01:52:48  INFO      main  [Tapmad] Starting scrape…
2026-08-09 01:52:48  INFO      main  [MyCo] Starting scrape…
2026-08-09 01:52:48  INFO      main  [ShoqPK] Starting scrape…
2026-08-09 01:52:48  INFO      main  [MyCo] Found 0 channels
2026-08-09 01:52:48  INFO      main  [Tapmad] Found 0 channels
2026-08-09 01:52:49  INFO      main  [ShoqPK] Found 0 channels
2026-08-09 01:52:49  INFO      main  [Tamasha] Found 0 channels
2026-08-09 01:52:49  INFO      main  Total unique channels after merge: 0
2026-08-09 01:52:49  INFO      main  Validating 0 channels…
2026-08-09 01:52:49  INFO      main  Validation complete: 0 live, 0 dead (removed)
2026-08-09 01:52:49  INFO      main  Diff → +0 new, -0 removed
2026-08-09 01:52:49  INFO      main  Saved 0 channels → output/
2026-08-09 01:52:49  INFO      main  Scrape cycle complete.
2026-08-09 03:44:55  INFO      main  ============================================================
2026-08-09 03:44:55  INFO      main  Scrape cycle started at 2026-08-09 03:44:55
2026-08-09 03:44:55  INFO      main  [Tamasha] Starting scrape…
2026-08-09 03:44:55  INFO      main  [Tapmad] Starting scrape…
2026-08-09 03:44:55  INFO      main  [MyCo] Starting scrape…
2026-08-09 03:44:55  INFO      main  [ShoqPK] Starting scrape…
2026-08-09 03:44:55  INFO      main  [Tapmad] Found 0 channels
2026-08-09 03:44:55  INFO      main  [MyCo] Found 0 channels
2026-08-09 03:44:55  INFO      main  [ShoqPK] Found 0 channels
2026-08-09 03:44:56  INFO      main  [Tamasha] Found 0 channels
2026-08-09 03:44:56  INFO      main  Total unique channels after merge: 0
2026-08-09 03:44:56  INFO      main  Validating 0 channels…
2026-08-09 03:44:56  INFO      main  Validation complete: 0 live, 0 dead (removed)
2026-08-09 03:44:56  INFO      main  Diff → +0 new, -0 removed
2026-08-09 03:44:56  INFO      main  Saved 0 channels → output/
2026-08-09 03:44:56  INFO      main  Scrape cycle complete.
2026-08-09 05:07:14  INFO      main  ============================================================
2026-08-09 05:07:14  INFO      main  Scrape cycle started at 2026-08-09 05:07:14
2026-08-09 05:07:14  INFO      main  [Tamasha] Starting scrape…
2026-08-09 05:07:14  INFO      main  [Tapmad] Starting scrape…
2026-08-09 05:07:14  INFO      main  [MyCo] Starting scrape…
2026-08-09 05:07:14  INFO      main  [ShoqPK] Starting scrape…
2026-08-09 05:07:14  INFO      main  [MyCo] Found 0 channels
2026-08-09 05:07:14  INFO      main  [Tapmad] Found 0 channels
2026-08-09 05:07:14  INFO      main  [ShoqPK] Found 0 channels
2026-08-09 05:07:14  INFO      main  [Tamasha] Found 0 channels
2026-08-09 05:07:14  INFO      main  Total unique channels after merge: 0
2026-08-09 05:07:14  INFO      main  Validating 0 channels…
2026-08-09 05:07:14  INFO      main  Validation complete: 0 live, 0 dead (removed)
2026-08-09 05:07:14  INFO      main  Diff → +0 new, -0 removed
2026-08-09 05:07:14  INFO      main  Saved 0 channels → output/
2026-08-09 05:07:14  INFO      main  Scrape cycle complete.
2026-08-09 06:08:24  INFO      main  ============================================================
2026-08-09 06:08:24  INFO      main  Scrape cycle started at 2026-08-09 06:08:24
2026-08-09 06:08:24  INFO      main  [Tamasha] Starting scrape…
2026-08-09 06:08:24  INFO      main  [Tapmad] Starting scrape…
2026-08-09 06:08:24  INFO      main  [MyCo] Starting scrape…
2026-08-09 06:08:24  INFO      main  [ShoqPK] Starting scrape…
2026-08-09 06:08:24  INFO      main  [Tapmad] Found 0 channels
2026-08-09 06:08:24  INFO      main  [ShoqPK] Found 0 channels
2026-08-09 06:08:24  INFO      main  [MyCo] Found 0 channels
2026-08-09 06:08:24  INFO      main  [Tamasha] Found 0 channels
2026-08-09 06:08:24  INFO      main  Total unique channels after merge: 0
2026-08-09 06:08:24  INFO      main  Validating 0 channels…
2026-08-09 06:08:24  INFO      main  Validation complete: 0 live, 0 dead (removed)
2026-08-09 06:08:24  INFO      main  Diff → +0 new, -0 removed
2026-08-09 06:08:24  INFO      main  Saved 0 channels → output/
2026-08-09 06:08:24  INFO      main  Scrape cycle complete.
2026-08-09 07:33:02  INFO      main  ============================================================
2026-08-09 07:33:02  INFO      main  Scrape cycle started at 2026-08-09 07:33:02
2026-08-09 07:33:02  INFO      main  [Tamasha] Starting scrape…
2026-08-09 07:33:02  INFO      main  [Tapmad] Starting scrape…
2026-08-09 07:33:02  INFO      main  [MyCo] Starting scrape…
2026-08-09 07:33:02  INFO      main  [ShoqPK] Starting scrape…
2026-08-09 07:33:02  INFO      main  [Tapmad] Found 0 channels
2026-08-09 07:33:02  INFO      main  [MyCo] Found 0 channels
2026-08-09 07:33:03  INFO      main  [Tamasha] Found 0 channels
2026-08-09 07:33:03  INFO      main  [ShoqPK] Found 0 channels
2026-08-09 07:33:03  INFO      main  Total unique channels after merge: 0
2026-08-09 07:33:03  INFO      main  Validating 0 channels…
2026-08-09 07:33:03  INFO      main  Validation complete: 0 live, 0 dead (removed)
2026-08-09 07:33:03  INFO      main  Diff → +0 new, -0 removed
2026-08-09 07:33:03  INFO      main  Saved 0 channels → output/
2026-08-09 07:33:03  INFO      main  Scrape cycle complete.
2026-08-09 08:45:08  INFO      main  ============================================================
2026-08-09 08:45:08  INFO      main  Scrape cycle started at 2026-08-09 08:45:08
2026-08-09 08:45:08  INFO      main  [Tamasha] Starting scrape…
2026-08-09 08:45:08  INFO      main  [Tapmad] Starting scrape…
2026-08-09 08:45:08  INFO      main  [MyCo] Starting scrape…
2026-08-09 08:45:08  INFO      main  [ShoqPK] Starting scrape…
2026-08-09 08:45:09  INFO      main  [Tapmad] Found 0 channels
2026-08-09 08:45:09  INFO      main  [MyCo] Found 0 channels
2026-08-09 08:45:09  INFO      main  [Tamasha] Found 0 channels
2026-08-09 08:45:09  INFO      main  [ShoqPK] Found 0 channels
2026-08-09 08:45:09  INFO      main  Total unique channels after merge: 0
2026-08-09 08:45:09  INFO      main  Validating 0 channels…
2026-08-09 08:45:09  INFO      main  Validation complete: 0 live, 0 dead (removed)
2026-08-09 08:45:09  INFO      main  Diff → +0 new, -0 removed
2026-08-09 08:45:09  INFO      main  Saved 0 channels → output/
2026-08-09 08:45:09  INFO      main  Scrape cycle complete.
2026-08-09 09:41:14  INFO      main  ============================================================
2026-08-09 09:41:14  INFO      main  Scrape cycle started at 2026-08-09 09:41:14
2026-08-09 09:41:14  INFO      main  [Tamasha] Starting scrape…
2026-08-09 09:41:14  INFO      main  [Tapmad] Starting scrape…
2026-08-09 09:41:14  INFO      main  [MyCo] Starting scrape…
2026-08-09 09:41:14  INFO      main  [ShoqPK] Starting scrape…
2026-08-09 09:41:14  INFO      main  [MyCo] Found 0 channels
2026-08-09 09:41:14  INFO      main  [Tapmad] Found 0 channels
2026-08-09 09:41:15  INFO      main  [ShoqPK] Found 0 channels
2026-08-09 09:41:24  INFO      main  [Tamasha] Found 0 channels
2026-08-09 09:41:24  INFO      main  Total unique channels after merge: 0
2026-08-09 09:41:24  INFO      main  Validating 0 channels…
2026-08-09 09:41:24  INFO      main  Validation complete: 0 live, 0 dead (removed)
2026-08-09 09:41:24  INFO      main  Diff → +0 new, -0 removed
2026-08-09 09:41:24  INFO      main  Saved 0 channels → output/
2026-08-09 09:41:24  INFO      main  Scrape cycle complete.
2026-08-09 10:36:21  INFO      main  ============================================================
2026-08-09 10:36:21  INFO      main  Scrape cycle started at 2026-08-09 10:36:21
2026-08-09 10:36:21  INFO      main  [Tamasha] Starting scrape…
2026-08-09 10:36:21  INFO      main  [Tapmad] Starting scrape…
2026-08-09 10:36:21  INFO      main  [MyCo] Starting scrape…
2026-08-09 10:36:21  INFO      main  [ShoqPK] Starting scrape…
2026-08-09 10:36:21  INFO      main  [MyCo] Found 0 channels
2026-08-09 10:36:21  INFO      main  [Tapmad] Found 0 channels
2026-08-09 10:36:21  INFO      main  [ShoqPK] Found 0 channels
2026-08-09 10:36:22  INFO      main  [Tamasha] Found 0 channels
2026-08-09 10:36:22  INFO      main  Total unique channels after merge: 0
2026-08-09 10:36:22  INFO      main  Validating 0 channels…
2026-08-09 10:36:22  INFO      main  Validation complete: 0 live, 0 dead (removed)
2026-08-09 10:36:22  INFO      main  Diff → +0 new, -0 removed
2026-08-09 10:36:22  INFO      main  Saved 0 channels → output/
2026-08-09 10:36:22  INFO      main  Scrape cycle complete.
2026-08-09 11:30:42  INFO      main  ============================================================
2026-08-09 11:30:42  INFO      main  Scrape cycle started at 2026-08-09 11:30:42
2026-08-09 11:30:42  INFO      main  [Tamasha] Starting scrape…
2026-08-09 11:30:42  INFO      main  [Tapmad] Starting scrape…
2026-08-09 11:30:42  INFO      main  [MyCo] Starting scrape…
2026-08-09 11:30:42  INFO      main  [ShoqPK] Starting scrape…
2026-08-09 11:30:42  INFO      main  [MyCo] Found 0 channels
2026-08-09 11:30:42  INFO      main  [Tapmad] Found 0 channels
2026-08-09 11:30:42  INFO      main  [ShoqPK] Found 0 channels
2026-08-09 11:30:43  INFO      main  [Tamasha] Found 0 channels
2026-08-09 11:30:43  INFO      main  Total unique channels after merge: 0
2026-08-09 11:30:43  INFO      main  Validating 0 channels…
2026-08-09 11:30:43  INFO      main  Validation complete: 0 live, 0 dead (removed)
2026-08-09 11:30:43  INFO      main  Diff → +0 new, -0 removed
2026-08-09 11:30:43  INFO      main  Saved 0 channels → output/
2026-08-09 11:30:43  INFO      main  Scrape cycle complete.
2026-08-09 12:54:29  INFO      main  ============================================================
2026-08-09 12:54:29  INFO      main  Scrape cycle started at 2026-08-09 12:54:29
2026-08-09 12:54:29  INFO      main  [Tamasha] Starting scrape…
2026-08-09 12:54:29  INFO      main  [Tapmad] Starting scrape…
2026-08-09 12:54:29  INFO      main  [MyCo] Starting scrape…
2026-08-09 12:54:29  INFO      main  [ShoqPK] Starting scrape…
2026-08-09 12:54:29  INFO      main  [Tapmad] Found 0 channels
2026-08-09 12:54:29  INFO      main  [MyCo] Found 0 channels
2026-08-09 12:54:29  INFO      main  [Tamasha] Found 0 channels
2026-08-09 12:54:29  INFO      main  [ShoqPK] Found 0 channels
2026-08-09 12:54:29  INFO      main  Total unique channels after merge: 0
2026-08-09 12:54:29  INFO      main  Validating 0 channels…
2026-08-09 12:54:29  INFO      main  Validation complete: 0 live, 0 dead (removed)
2026-08-09 12:54:29  INFO      main  Diff → +0 new, -0 removed
2026-08-09 12:54:29  INFO      main  Saved 0 channels → output/
2026-08-09 12:54:29  INFO      main  Scrape cycle complete.
2026-08-09 13:50:58  INFO      main  ============================================================
2026-08-09 13:50:58  INFO      main  Scrape cycle started at 2026-08-09 13:50:58
2026-08-09 13:50:58  INFO      main  [Tamasha] Starting scrape…
2026-08-09 13:50:58  INFO      main  [Tapmad] Starting scrape…
2026-08-09 13:50:58  INFO      main  [MyCo] Starting scrape…
2026-08-09 13:50:58  INFO      main  [ShoqPK] Starting scrape…
2026-08-09 13:50:58  INFO      main  [Tapmad] Found 0 channels
2026-08-09 13:50:58  INFO      main  [MyCo] Found 0 channels
2026-08-09 13:50:58  INFO      main  [ShoqPK] Found 0 channels
2026-08-09 13:50:58  INFO      main  [Tamasha] Found 0 channels
2026-08-09 13:50:58  INFO      main  Total unique channels after merge: 0
2026-08-09 13:50:58  INFO      main  Validating 0 channels…
2026-08-09 13:50:58  INFO      main  Validation complete: 0 live, 0 dead (removed)
2026-08-09 13:50:58  INFO      main  Diff → +0 new, -0 removed
2026-08-09 13:50:58  INFO      main  Saved 0 channels → output/
2026-08-09 13:50:58  INFO      main  Scrape cycle complete.
2026-08-09 14:36:16  INFO      main  ============================================================
2026-08-09 14:36:16  INFO      main  Scrape cycle started at 2026-08-09 14:36:16
2026-08-09 14:36:16  INFO      main  [Tamasha] Starting scrape…
2026-08-09 14:36:16  INFO      main  [Tapmad] Starting scrape…
2026-08-09 14:36:16  INFO      main  [MyCo] Starting scrape…
2026-08-09 14:36:16  INFO      main  [ShoqPK] Starting scrape…
2026-08-09 14:36:16  INFO      main  [Tapmad] Found 0 channels
2026-08-09 14:36:16  INFO      main  [Tamasha] Found 0 channels
2026-08-09 14:36:16  INFO      main  [MyCo] Found 0 channels
2026-08-09 14:36:16  INFO      main  [ShoqPK] Found 0 channels
2026-08-09 14:36:16  INFO      main  Total unique channels after merge: 0
2026-08-09 14:36:16  INFO      main  Validating 0 channels…
2026-08-09 14:36:16  INFO      main  Validation complete: 0 live, 0 dead (removed)
2026-08-09 14:36:16  INFO      main  Diff → +0 new, -0 removed
2026-08-09 14:36:16  INFO      main  Saved 0 channels → output/
2026-08-09 14:36:16  INFO      main  Scrape cycle complete.
2026-08-09 15:33:04  INFO      main  ============================================================
2026-08-09 15:33:04  INFO      main  Scrape cycle started at 2026-08-09 15:33:04
2026-08-09 15:33:04  INFO      main  [Tamasha] Starting scrape…
2026-08-09 15:33:04  INFO      main  [Tapmad] Starting scrape…
2026-08-09 15:33:04  INFO      main  [MyCo] Starting scrape…
2026-08-09 15:33:04  INFO      main  [ShoqPK] Starting scrape…
2026-08-09 15:33:04  INFO      main  [MyCo] Found 0 channels
2026-08-09 15:33:04  INFO      main  [Tapmad] Found 0 channels
2026-08-09 15:33:04  INFO      main  [Tamasha] Found 0 channels
2026-08-09 15:33:04  INFO      main  [ShoqPK] Found 0 channels
2026-08-09 15:33:04  INFO      main  Total unique channels after merge: 0
2026-08-09 15:33:04  INFO      main  Validating 0 channels…
2026-08-09 15:33:04  INFO      main  Validation complete: 0 live, 0 dead (removed)
2026-08-09 15:33:04  INFO      main  Diff → +0 new, -0 removed
2026-08-09 15:33:04  INFO      main  Saved 0 channels → output/
2026-08-09 15:33:04  INFO      main  Scrape cycle complete.
2026-08-09 16:37:08  INFO      main  ============================================================
2026-08-09 16:37:08  INFO      main  Scrape cycle started at 2026-08-09 16:37:08
2026-08-09 16:37:08  INFO      main  [Tamasha] Starting scrape…
2026-08-09 16:37:08  INFO      main  [Tapmad] Starting scrape…
2026-08-09 16:37:08  INFO      main  [MyCo] Starting scrape…
2026-08-09 16:37:08  INFO      main  [ShoqPK] Starting scrape…
2026-08-09 16:37:08  INFO      main  [MyCo] Found 0 channels
2026-08-09 16:37:08  INFO      main  [Tapmad] Found 0 channels
2026-08-09 16:37:09  INFO      main  [ShoqPK] Found 0 channels
2026-08-09 16:37:09  INFO      main  [Tamasha] Found 0 channels
2026-08-09 16:37:09  INFO      main  Total unique channels after merge: 0
2026-08-09 16:37:09  INFO      main  Validating 0 channels…
2026-08-09 16:37:09  INFO      main  Validation complete: 0 live, 0 dead (removed)
2026-08-09 16:37:09  INFO      main  Diff → +0 new, -0 removed
2026-08-09 16:37:09  INFO      main  Saved 0 channels → output/
2026-08-09 16:37:09  INFO      main  Scrape cycle complete.
2026-08-09 17:32:53  INFO      main  ============================================================
2026-08-09 17:32:53  INFO      main  Scrape cycle started at 2026-08-09 17:32:53
2026-08-09 17:32:53  INFO      main  [Tamasha] Starting scrape…
2026-08-09 17:32:53  INFO      main  [Tapmad] Starting scrape…
2026-08-09 17:32:53  INFO      main  [MyCo] Starting scrape…
2026-08-09 17:32:53  INFO      main  [ShoqPK] Starting scrape…
2026-08-09 17:32:53  INFO      main  [MyCo] Found 0 channels
2026-08-09 17:32:53  INFO      main  [Tapmad] Found 0 channels
2026-08-09 17:32:54  INFO      main  [ShoqPK] Found 0 channels
2026-08-09 17:32:54  INFO      main  [Tamasha] Found 0 channels
2026-08-09 17:32:54  INFO      main  Total unique channels after merge: 0
2026-08-09 17:32:54  INFO      main  Validating 0 channels…
2026-08-09 17:32:54  INFO      main  Validation complete: 0 live, 0 dead (removed)
2026-08-09 17:32:54  INFO      main  Diff → +0 new, -0 removed
2026-08-09 17:32:54  INFO      main  Saved 0 channels → output/
2026-08-09 17:32:54  INFO      main  Scrape cycle complete.
2026-08-09 18:42:50  INFO      main  ============================================================
2026-08-09 18:42:50  INFO      main  Scrape cycle started at 2026-08-09 18:42:50
2026-08-09 18:42:50  INFO      main  [Tamasha] Starting scrape…
2026-08-09 18:42:50  INFO      main  [Tapmad] Starting scrape…
2026-08-09 18:42:50  INFO      main  [MyCo] Starting scrape…
2026-08-09 18:42:50  INFO      main  [ShoqPK] Starting scrape…
2026-08-09 18:42:50  INFO      main  [MyCo] Found 0 channels
2026-08-09 18:42:50  INFO      main  [Tapmad] Found 0 channels
2026-08-09 18:42:50  INFO      main  [ShoqPK] Found 0 channels
2026-08-09 18:42:50  INFO      main  [Tamasha] Found 0 channels
2026-08-09 18:42:50  INFO      main  Total unique channels after merge: 0
2026-08-09 18:42:50  INFO      main  Validating 0 channels…
2026-08-09 18:42:50  INFO      main  Validation complete: 0 live, 0 dead (removed)
2026-08-09 18:42:50  INFO      main  Diff → +0 new, -0 removed
2026-08-09 18:42:50  INFO      main  Saved 0 channels → output/
2026-08-09 18:42:50  INFO      main  Scrape cycle complete.
2026-08-09 19:34:21  INFO      main  ============================================================
2026-08-09 19:34:21  INFO      main  Scrape cycle started at 2026-08-09 19:34:21
2026-08-09 19:34:21  INFO      main  [Tamasha] Starting scrape…
2026-08-09 19:34:21  INFO      main  [Tapmad] Starting scrape…
2026-08-09 19:34:21  INFO      main  [MyCo] Starting scrape…
2026-08-09 19:34:21  INFO      main  [ShoqPK] Starting scrape…
2026-08-09 19:34:21  INFO      main  [Tapmad] Found 0 channels
2026-08-09 19:34:21  INFO      main  [MyCo] Found 0 channels
2026-08-09 19:34:21  INFO      main  [ShoqPK] Found 0 channels
2026-08-09 19:34:26  INFO      main  [Tamasha] Found 0 channels
2026-08-09 19:34:26  INFO      main  Total unique channels after merge: 0
2026-08-09 19:34:26  INFO      main  Validating 0 channels…
2026-08-09 19:34:26  INFO      main  Validation complete: 0 live, 0 dead (removed)
2026-08-09 19:34:26  INFO      main  Diff → +0 new, -0 removed
2026-08-09 19:34:26  INFO      main  Saved 0 channels → output/
2026-08-09 19:34:26  INFO      main  Scrape cycle complete.
2026-08-09 20:34:49  INFO      main  ============================================================
2026-08-09 20:34:49  INFO      main  Scrape cycle started at 2026-08-09 20:34:49
2026-08-09 20:34:49  INFO      main  [Tamasha] Starting scrape…
2026-08-09 20:34:49  INFO      main  [Tapmad] Starting scrape…
2026-08-09 20:34:49  INFO      main  [MyCo] Starting scrape…
2026-08-09 20:34:49  INFO      main  [ShoqPK] Starting scrape…
2026-08-09 20:34:49  INFO      main  [Tapmad] Found 0 channels
2026-08-09 20:34:49  INFO      main  [MyCo] Found 0 channels
2026-08-09 20:34:49  INFO      main  [Tamasha] Found 0 channels
2026-08-09 20:34:49  INFO      main  [ShoqPK] Found 0 channels
2026-08-09 20:34:49  INFO      main  Total unique channels after merge: 0
2026-08-09 20:34:49  INFO      main  Validating 0 channels…
2026-08-09 20:34:49  INFO      main  Validation complete: 0 live, 0 dead (removed)
2026-08-09 20:34:50  INFO      main  Diff → +0 new, -0 removed
2026-08-09 20:34:50  INFO      main  Saved 0 channels → output/
2026-08-09 20:34:50  INFO      main  Scrape cycle complete.
2026-08-09 21:33:49  INFO      main  ============================================================
2026-08-09 21:33:49  INFO      main  Scrape cycle started at 2026-08-09 21:33:49
2026-08-09 21:33:49  INFO      main  [Tamasha] Starting scrape…
2026-08-09 21:33:49  INFO      main  [Tapmad] Starting scrape…
2026-08-09 21:33:49  INFO      main  [MyCo] Starting scrape…
2026-08-09 21:33:49  INFO      main  [ShoqPK] Starting scrape…
2026-08-09 21:33:50  INFO      main  [MyCo] Found 0 channels
2026-08-09 21:33:50  INFO      main  [Tapmad] Found 0 channels
2026-08-09 21:33:50  INFO      main  [ShoqPK] Found 0 channels
2026-08-09 21:33:50  INFO      main  [Tamasha] Found 0 channels
2026-08-09 21:33:50  INFO      main  Total unique channels after merge: 0
2026-08-09 21:33:50  INFO      main  Validating 0 channels…
2026-08-09 21:33:50  INFO      main  Validation complete: 0 live, 0 dead (removed)
2026-08-09 21:33:50  INFO      main  Diff → +0 new, -0 removed
2026-08-09 21:33:50  INFO      main  Saved 0 channels → output/
2026-08-09 21:33:50  INFO      main  Scrape cycle complete.
2026-08-09 22:33:07  INFO      main  ============================================================
2026-08-09 22:33:07  INFO      main  Scrape cycle started at 2026-08-09 22:33:07
2026-08-09 22:33:07  INFO      main  [Tamasha] Starting scrape…
2026-08-09 22:33:07  INFO      main  [Tapmad] Starting scrape…
2026-08-09 22:33:07  INFO      main  [MyCo] Starting scrape…
2026-08-09 22:33:07  INFO      main  [ShoqPK] Starting scrape…
2026-08-09 22:33:07  INFO      main  [Tapmad] Found 0 channels
2026-08-09 22:33:07  INFO      main  [MyCo] Found 0 channels
2026-08-09 22:33:07  INFO      main  [ShoqPK] Found 0 channels
2026-08-09 22:33:08  INFO      main  [Tamasha] Found 0 channels
2026-08-09 22:33:08  INFO      main  Total unique channels after merge: 0
2026-08-09 22:33:08  INFO      main  Validating 0 channels…
2026-08-09 22:33:08  INFO      main  Validation complete: 0 live, 0 dead (removed)
2026-08-09 22:33:08  INFO      main  Diff → +0 new, -0 removed
2026-08-09 22:33:08  INFO      main  Saved 0 channels → output/
2026-08-09 22:33:08  INFO      main  Scrape cycle complete.
2026-08-09 23:33:03  INFO      main  ============================================================
2026-08-09 23:33:03  INFO      main  Scrape cycle started at 2026-08-09 23:33:03
2026-08-09 23:33:03  INFO      main  [Tamasha] Starting scrape…
2026-08-09 23:33:03  INFO      main  [Tapmad] Starting scrape…
2026-08-09 23:33:03  INFO      main  [MyCo] Starting scrape…
2026-08-09 23:33:03  INFO      main  [ShoqPK] Starting scrape…
2026-08-09 23:33:03  INFO      main  [MyCo] Found 0 channels
2026-08-09 23:33:03  INFO      main  [Tapmad] Found 0 channels
2026-08-09 23:33:04  INFO      main  [ShoqPK] Found 0 channels
2026-08-09 23:33:04  INFO      main  [Tamasha] Found 0 channels
2026-08-09 23:33:04  INFO      main  Total unique channels after merge: 0
2026-08-09 23:33:04  INFO      main  Validating 0 channels…
2026-08-09 23:33:04  INFO      main  Validation complete: 0 live, 0 dead (removed)
2026-08-09 23:33:04  INFO      main  Diff → +0 new, -0 removed
2026-08-09 23:33:04  INFO      main  Saved 0 channels → output/
2026-08-09 23:33:04  INFO      main  Scrape cycle complete.
2026-08-10 01:57:22  INFO      main  ============================================================
2026-08-10 01:57:22  INFO      main  Scrape cycle started at 2026-08-10 01:57:22
2026-08-10 01:57:22  INFO      main  [Tamasha] Starting scrape…
2026-08-10 01:57:22  INFO      main  [Tapmad] Starting scrape…
2026-08-10 01:57:22  INFO      main  [MyCo] Starting scrape…
2026-08-10 01:57:22  INFO      main  [ShoqPK] Starting scrape…
2026-08-10 01:57:22  INFO      main  [Tapmad] Found 0 channels
2026-08-10 01:57:22  INFO      main  [ShoqPK] Found 0 channels
2026-08-10 01:57:22  INFO      main  [MyCo] Found 0 channels
2026-08-10 01:57:23  INFO      main  [Tamasha] Found 0 channels
2026-08-10 01:57:23  INFO      main  Total unique channels after merge: 0
2026-08-10 01:57:23  INFO      main  Validating 0 channels…
2026-08-10 01:57:23  INFO      main  Validation complete: 0 live, 0 dead (removed)
2026-08-10 01:57:23  INFO      main  Diff → +0 new, -0 removed
2026-08-10 01:57:23  INFO      main  Saved 0 channels → output/
2026-08-10 01:57:23  INFO      main  Scrape cycle complete.
2026-08-10 04:03:14  INFO      main  ============================================================
2026-08-10 04:03:14  INFO      main  Scrape cycle started at 2026-08-10 04:03:14
2026-08-10 04:03:14  INFO      main  [Tamasha] Starting scrape…
2026-08-10 04:03:14  INFO      main  [Tapmad] Starting scrape…
2026-08-10 04:03:14  INFO      main  [MyCo] Starting scrape…
2026-08-10 04:03:14  INFO      main  [ShoqPK] Starting scrape…
2026-08-10 04:03:14  INFO      main  [MyCo] Found 0 channels
2026-08-10 04:03:14  INFO      main  [Tapmad] Found 0 channels
2026-08-10 04:03:15  INFO      main  [ShoqPK] Found 0 channels
2026-08-10 04:03:15  INFO      main  [Tamasha] Found 0 channels
2026-08-10 04:03:15  INFO      main  Total unique channels after merge: 0
2026-08-10 04:03:15  INFO      main  Validating 0 channels…
2026-08-10 04:03:15  INFO      main  Validation complete: 0 live, 0 dead (removed)
2026-08-10 04:03:15  INFO      main  Diff → +0 new, -0 removed
2026-08-10 04:03:15  INFO      main  Saved 0 channels → output/
2026-08-10 04:03:15  INFO      main  Scrape cycle complete.
2026-08-10 05:55:29  INFO      main  ============================================================
2026-08-10 05:55:29  INFO      main  Scrape cycle started at 2026-08-10 05:55:29
2026-08-10 05:55:29  INFO      main  [Tamasha] Starting scrape…
2026-08-10 05:55:29  INFO      main  [Tapmad] Starting scrape…
2026-08-10 05:55:29  INFO      main  [MyCo] Starting scrape…
2026-08-10 05:55:29  INFO      main  [ShoqPK] Starting scrape…
2026-08-10 05:55:29  INFO      main  [Tapmad] Found 0 channels
2026-08-10 05:55:29  INFO      main  [MyCo] Found 0 channels
2026-08-10 05:55:29  INFO      main  [ShoqPK] Found 0 channels
2026-08-10 05:55:29  INFO      main  [Tamasha] Found 0 channels
2026-08-10 05:55:29  INFO      main  Total unique channels after merge: 0
2026-08-10 05:55:29  INFO      main  Validating 0 channels…
2026-08-10 05:55:29  INFO      main  Validation complete: 0 live, 0 dead (removed)
2026-08-10 05:55:29  INFO      main  Diff → +0 new, -0 removed
2026-08-10 05:55:29  INFO      main  Saved 0 channels → output/
2026-08-10 05:55:29  INFO      main  Scrape cycle complete.
2026-08-10 07:46:44  INFO      main  ============================================================
2026-08-10 07:46:44  INFO      main  Scrape cycle started at 2026-08-10 07:46:44
2026-08-10 07:46:44  INFO      main  [Tamasha] Starting scrape…
2026-08-10 07:46:44  INFO      main  [Tapmad] Starting scrape…
2026-08-10 07:46:44  INFO      main  [MyCo] Starting scrape…
2026-08-10 07:46:44  INFO      main  [ShoqPK] Starting scrape…
2026-08-10 07:46:44  INFO      main  [Tapmad] Found 0 channels
2026-08-10 07:46:44  INFO      main  [MyCo] Found 0 channels
2026-08-10 07:46:44  INFO      main  [ShoqPK] Found 0 channels
2026-08-10 07:46:44  INFO      main  [Tamasha] Found 0 channels
2026-08-10 07:46:44  INFO      main  Total unique channels after merge: 0
2026-08-10 07:46:44  INFO      main  Validating 0 channels…
2026-08-10 07:46:44  INFO      main  Validation complete: 0 live, 0 dead (removed)
2026-08-10 07:46:44  INFO      main  Diff → +0 new, -0 removed
2026-08-10 07:46:44  INFO      main  Saved 0 channels → output/
2026-08-10 07:46:44  INFO      main  Scrape cycle complete.
2026-08-10 09:24:10  INFO      main  ============================================================
2026-08-10 09:24:10  INFO      main  Scrape cycle started at 2026-08-10 09:24:10
2026-08-10 09:24:10  INFO      main  [Tamasha] Starting scrape…
2026-08-10 09:24:10  INFO      main  [Tapmad] Starting scrape…
2026-08-10 09:24:10  INFO      main  [MyCo] Starting scrape…
2026-08-10 09:24:10  INFO      main  [ShoqPK] Starting scrape…
2026-08-10 09:24:10  INFO      main  [MyCo] Found 0 channels
2026-08-10 09:24:11  INFO      main  [Tapmad] Found 0 channels
2026-08-10 09:24:11  INFO      main  [ShoqPK] Found 0 channels
2026-08-10 09:24:11  INFO      main  [Tamasha] Found 0 channels
2026-08-10 09:24:11  INFO      main  Total unique channels after merge: 0
2026-08-10 09:24:11  INFO      main  Validating 0 channels…
2026-08-10 09:24:11  INFO      main  Validation complete: 0 live, 0 dead (removed)
2026-08-10 09:24:11  INFO      main  Diff → +0 new, -0 removed
2026-08-10 09:24:11  INFO      main  Saved 0 channels → output/
2026-08-10 09:24:11  INFO      main  Scrape cycle complete.
2026-08-10 10:43:33  INFO      main  ============================================================
2026-08-10 10:43:33  INFO      main  Scrape cycle started at 2026-08-10 10:43:33
2026-08-10 10:43:33  INFO      main  [Tamasha] Starting scrape…
2026-08-10 10:43:33  INFO      main  [Tapmad] Starting scrape…
2026-08-10 10:43:33  INFO      main  [MyCo] Starting scrape…
2026-08-10 10:43:33  INFO      main  [ShoqPK] Starting scrape…
2026-08-10 10:43:33  INFO      main  [Tapmad] Found 0 channels
2026-08-10 10:43:33  INFO      main  [MyCo] Found 0 channels
2026-08-10 10:43:34  INFO      main  [ShoqPK] Found 0 channels
2026-08-10 10:43:34  INFO      main  [Tamasha] Found 0 channels
2026-08-10 10:43:34  INFO      main  Total unique channels after merge: 0
2026-08-10 10:43:34  INFO      main  Validating 0 channels…
2026-08-10 10:43:34  INFO      main  Validation complete: 0 live, 0 dead (removed)
2026-08-10 10:43:34  INFO      main  Diff → +0 new, -0 removed
2026-08-10 10:43:34  INFO      main  Saved 0 channels → output/
2026-08-10 10:43:34  INFO      main  Scrape cycle complete.
2026-08-10 11:48:42  INFO      main  ============================================================
2026-08-10 11:48:42  INFO      main  Scrape cycle started at 2026-08-10 11:48:42
2026-08-10 11:48:42  INFO      main  [Tamasha] Starting scrape…
2026-08-10 11:48:42  INFO      main  [Tapmad] Starting scrape…
2026-08-10 11:48:42  INFO      main  [MyCo] Starting scrape…
2026-08-10 11:48:42  INFO      main  [ShoqPK] Starting scrape…
2026-08-10 11:48:42  INFO      main  [Tapmad] Found 0 channels
2026-08-10 11:48:42  INFO      main  [MyCo] Found 0 channels
2026-08-10 11:48:43  INFO      main  [Tamasha] Found 0 channels
2026-08-10 11:48:43  INFO      main  [ShoqPK] Found 0 channels
2026-08-10 11:48:43  INFO      main  Total unique channels after merge: 0
2026-08-10 11:48:43  INFO      main  Validating 0 channels…
2026-08-10 11:48:43  INFO      main  Validation complete: 0 live, 0 dead (removed)
2026-08-10 11:48:43  INFO      main  Diff → +0 new, -0 removed
2026-08-10 11:48:43  INFO      main  Saved 0 channels → output/
2026-08-10 11:48:43  INFO      main  Scrape cycle complete.
2026-08-10 13:12:26  INFO      main  ============================================================
2026-08-10 13:12:26  INFO      main  Scrape cycle started at 2026-08-10 13:12:26
2026-08-10 13:12:26  INFO      main  [Tamasha] Starting scrape…
2026-08-10 13:12:26  INFO      main  [Tapmad] Starting scrape…
2026-08-10 13:12:26  INFO      main  [MyCo] Starting scrape…
2026-08-10 13:12:26  INFO      main  [ShoqPK] Starting scrape…
2026-08-10 13:12:26  INFO      main  [Tapmad] Found 0 channels
2026-08-10 13:12:26  INFO      main  [ShoqPK] Found 0 channels
2026-08-10 13:12:26  INFO      main  [Tamasha] Found 0 channels
2026-08-10 13:12:28  INFO      main  [MyCo] Found 0 channels
2026-08-10 13:12:28  INFO      main  Total unique channels after merge: 0
2026-08-10 13:12:28  INFO      main  Validating 0 channels…
2026-08-10 13:12:28  INFO      main  Validation complete: 0 live, 0 dead (removed)
2026-08-10 13:12:28  INFO      main  Diff → +0 new, -0 removed
2026-08-10 13:12:28  INFO      main  Saved 0 channels → output/
2026-08-10 13:12:28  INFO      main  Scrape cycle complete.
2026-08-10 14:36:45  INFO      main  ============================================================
2026-08-10 14:36:45  INFO      main  Scrape cycle started at 2026-08-10 14:36:45
2026-08-10 14:36:45  INFO      main  [Tamasha] Starting scrape…
2026-08-10 14:36:45  INFO      main  [Tapmad] Starting scrape…
2026-08-10 14:36:45  INFO      main  [MyCo] Starting scrape…
2026-08-10 14:36:45  INFO      main  [ShoqPK] Starting scrape…
2026-08-10 14:36:46  INFO      main  [Tapmad] Found 0 channels
2026-08-10 14:36:46  INFO      main  [MyCo] Found 0 channels
2026-08-10 14:36:46  INFO      main  [ShoqPK] Found 0 channels
2026-08-10 14:36:46  INFO      main  [Tamasha] Found 0 channels
2026-08-10 14:36:46  INFO      main  Total unique channels after merge: 0
2026-08-10 14:36:46  INFO      main  Validating 0 channels…
2026-08-10 14:36:46  INFO      main  Validation complete: 0 live, 0 dead (removed)
2026-08-10 14:36:46  INFO      main  Diff → +0 new, -0 removed
2026-08-10 14:36:46  INFO      main  Saved 0 channels → output/
2026-08-10 14:36:46  INFO      main  Scrape cycle complete.
2026-08-10 16:00:59  INFO      main  ============================================================
2026-08-10 16:00:59  INFO      main  Scrape cycle started at 2026-08-10 16:00:59
2026-08-10 16:00:59  INFO      main  [Tamasha] Starting scrape…
2026-08-10 16:00:59  INFO      main  [Tapmad] Starting scrape…
2026-08-10 16:00:59  INFO      main  [MyCo] Starting scrape…
2026-08-10 16:00:59  INFO      main  [ShoqPK] Starting scrape…
2026-08-10 16:00:59  INFO      main  [MyCo] Found 0 channels
2026-08-10 16:00:59  INFO      main  [Tapmad] Found 0 channels
2026-08-10 16:00:59  INFO      main  [Tamasha] Found 0 channels
2026-08-10 16:00:59  INFO      main  [ShoqPK] Found 0 channels
2026-08-10 16:00:59  INFO      main  Total unique channels after merge: 0
2026-08-10 16:00:59  INFO      main  Validating 0 channels…
2026-08-10 16:00:59  INFO      main  Validation complete: 0 live, 0 dead (removed)
2026-08-10 16:00:59  INFO      main  Diff → +0 new, -0 removed
2026-08-10 16:00:59  INFO      main  Saved 0 channels → output/
2026-08-10 16:00:59  INFO      main  Scrape cycle complete.
2026-08-10 17:25:50  INFO      main  ============================================================
2026-08-10 17:25:50  INFO      main  Scrape cycle started at 2026-08-10 17:25:50
2026-08-10 17:25:50  INFO      main  [Tamasha] Starting scrape…
2026-08-10 17:25:50  INFO      main  [Tapmad] Starting scrape…
2026-08-10 17:25:50  INFO      main  [MyCo] Starting scrape…
2026-08-10 17:25:50  INFO      main  [ShoqPK] Starting scrape…
2026-08-10 17:25:50  INFO      main  [MyCo] Found 0 channels
2026-08-10 17:25:50  INFO      main  [Tapmad] Found 0 channels
2026-08-10 17:25:51  INFO      main  [Tamasha] Found 0 channels
2026-08-10 17:25:51  INFO      main  [ShoqPK] Found 0 channels
2026-08-10 17:25:51  INFO      main  Total unique channels after merge: 0
2026-08-10 17:25:51  INFO      main  Validating 0 channels…
2026-08-10 17:25:51  INFO      main  Validation complete: 0 live, 0 dead (removed)
2026-08-10 17:25:51  INFO      main  Diff → +0 new, -0 removed
2026-08-10 17:25:51  INFO      main  Saved 0 channels → output/
2026-08-10 17:25:51  INFO      main  Scrape cycle complete.
2026-08-10 18:24:02  INFO      main  ============================================================
2026-08-10 18:24:02  INFO      main  Scrape cycle started at 2026-08-10 18:24:02
2026-08-10 18:24:02  INFO      main  [Tamasha] Starting scrape…
2026-08-10 18:24:02  INFO      main  [Tapmad] Starting scrape…
2026-08-10 18:24:02  INFO      main  [MyCo] Starting scrape…
2026-08-10 18:24:02  INFO      main  [ShoqPK] Starting scrape…
2026-08-10 18:24:02  INFO      main  [Tapmad] Found 0 channels
2026-08-10 18:24:02  INFO      main  [MyCo] Found 0 channels
2026-08-10 18:24:02  INFO      main  [ShoqPK] Found 0 channels
2026-08-10 18:24:03  INFO      main  [Tamasha] Found 0 channels
2026-08-10 18:24:03  INFO      main  Total unique channels after merge: 0
2026-08-10 18:24:03  INFO      main  Validating 0 channels…
2026-08-10 18:24:03  INFO      main  Validation complete: 0 live, 0 dead (removed)
2026-08-10 18:24:03  INFO      main  Diff → +0 new, -0 removed
2026-08-10 18:24:03  INFO      main  Saved 0 channels → output/
2026-08-10 18:24:03  INFO      main  Scrape cycle complete.
2026-08-10 19:31:21  INFO      main  ============================================================
2026-08-10 19:31:21  INFO      main  Scrape cycle started at 2026-08-10 19:31:21
2026-08-10 19:31:21  INFO      main  [Tamasha] Starting scrape…
2026-08-10 19:31:21  INFO      main  [Tapmad] Starting scrape…
2026-08-10 19:31:21  INFO      main  [MyCo] Starting scrape…
2026-08-10 19:31:21  INFO      main  [ShoqPK] Starting scrape…
2026-08-10 19:31:22  INFO      main  [Tapmad] Found 0 channels
2026-08-10 19:31:22  INFO      main  [MyCo] Found 0 channels
2026-08-10 19:31:22  INFO      main  [Tamasha] Found 0 channels
2026-08-10 19:31:22  INFO      main  [ShoqPK] Found 0 channels
2026-08-10 19:31:22  INFO      main  Total unique channels after merge: 0
2026-08-10 19:31:22  INFO      main  Validating 0 channels…
2026-08-10 19:31:22  INFO      main  Validation complete: 0 live, 0 dead (removed)
2026-08-10 19:31:22  INFO      main  Diff → +0 new, -0 removed
2026-08-10 19:31:22  INFO      main  Saved 0 channels → output/
2026-08-10 19:31:22  INFO      main  Scrape cycle complete.
2026-08-10 20:44:04  INFO      main  ============================================================
2026-08-10 20:44:04  INFO      main  Scrape cycle started at 2026-08-10 20:44:04
2026-08-10 20:44:04  INFO      main  [Tamasha] Starting scrape…
2026-08-10 20:44:04  INFO      main  [Tapmad] Starting scrape…
2026-08-10 20:44:04  INFO      main  [MyCo] Starting scrape…
2026-08-10 20:44:04  INFO      main  [ShoqPK] Starting scrape…
2026-08-10 20:44:04  INFO      main  [MyCo] Found 0 channels
2026-08-10 20:44:04  INFO      main  [Tapmad] Found 0 channels
2026-08-10 20:44:05  INFO      main  [Tamasha] Found 0 channels
2026-08-10 20:44:05  INFO      main  [ShoqPK] Found 0 channels
2026-08-10 20:44:05  INFO      main  Total unique channels after merge: 0
2026-08-10 20:44:05  INFO      main  Validating 0 channels…
2026-08-10 20:44:05  INFO      main  Validation complete: 0 live, 0 dead (removed)
2026-08-10 20:44:05  INFO      main  Diff → +0 new, -0 removed
2026-08-10 20:44:05  INFO      main  Saved 0 channels → output/
2026-08-10 20:44:05  INFO      main  Scrape cycle complete.
2026-08-10 21:42:45  INFO      main  ============================================================
2026-08-10 21:42:45  INFO      main  Scrape cycle started at 2026-08-10 21:42:45
2026-08-10 21:42:45  INFO      main  [Tamasha] Starting scrape…
2026-08-10 21:42:45  INFO      main  [Tapmad] Starting scrape…
2026-08-10 21:42:45  INFO      main  [MyCo] Starting scrape…
2026-08-10 21:42:45  INFO      main  [ShoqPK] Starting scrape…
2026-08-10 21:42:45  INFO      main  [Tapmad] Found 0 channels
2026-08-10 21:42:45  INFO      main  [MyCo] Found 0 channels
2026-08-10 21:42:45  INFO      main  [ShoqPK] Found 0 channels
2026-08-10 21:42:45  INFO      main  [Tamasha] Found 0 channels
2026-08-10 21:42:45  INFO      main  Total unique channels after merge: 0
2026-08-10 21:42:45  INFO      main  Validating 0 channels…
2026-08-10 21:42:45  INFO      main  Validation complete: 0 live, 0 dead (removed)
2026-08-10 21:42:45  INFO      main  Diff → +0 new, -0 removed
2026-08-10 21:42:45  INFO      main  Saved 0 channels → output/
2026-08-10 21:42:45  INFO      main  Scrape cycle complete.
2026-08-10 22:39:03  INFO      main  ============================================================
2026-08-10 22:39:03  INFO      main  Scrape cycle started at 2026-08-10 22:39:03
2026-08-10 22:39:03  INFO      main  [Tamasha] Starting scrape…
2026-08-10 22:39:03  INFO      main  [Tapmad] Starting scrape…
2026-08-10 22:39:03  INFO      main  [MyCo] Starting scrape…
2026-08-10 22:39:03  INFO      main  [ShoqPK] Starting scrape…
2026-08-10 22:39:03  INFO      main  [Tapmad] Found 0 channels
2026-08-10 22:39:04  INFO      main  [MyCo] Found 0 channels
2026-08-10 22:39:04  INFO      main  [ShoqPK] Found 0 channels
2026-08-10 22:39:04  INFO      main  [Tamasha] Found 0 channels
2026-08-10 22:39:04  INFO      main  Total unique channels after merge: 0
2026-08-10 22:39:04  INFO      main  Validating 0 channels…
2026-08-10 22:39:04  INFO      main  Validation complete: 0 live, 0 dead (removed)
2026-08-10 22:39:04  INFO      main  Diff → +0 new, -0 removed
2026-08-10 22:39:04  INFO      main  Saved 0 channels → output/
2026-08-10 22:39:04  INFO      main  Scrape cycle complete.
2026-08-10 23:36:32  INFO      main  ============================================================
2026-08-10 23:36:32  INFO      main  Scrape cycle started at 2026-08-10 23:36:32
2026-08-10 23:36:32  INFO      main  [Tamasha] Starting scrape…
2026-08-10 23:36:32  INFO      main  [Tapmad] Starting scrape…
2026-08-10 23:36:32  INFO      main  [MyCo] Starting scrape…
2026-08-10 23:36:32  INFO      main  [ShoqPK] Starting scrape…
2026-08-10 23:36:32  INFO      main  [Tapmad] Found 0 channels
2026-08-10 23:36:33  INFO      main  [MyCo] Found 0 channels
2026-08-10 23:36:33  INFO      main  [ShoqPK] Found 0 channels
2026-08-10 23:36:33  INFO      main  [Tamasha] Found 0 channels
2026-08-10 23:36:33  INFO      main  Total unique channels after merge: 0
2026-08-10 23:36:33  INFO      main  Validating 0 channels…
2026-08-10 23:36:33  INFO      main  Validation complete: 0 live, 0 dead (removed)
2026-08-10 23:36:33  INFO      main  Diff → +0 new, -0 removed
2026-08-10 23:36:33  INFO      main  Saved 0 channels → output/
2026-08-10 23:36:33  INFO      main  Scrape cycle complete.
2026-08-11 01:53:09  INFO      main  ============================================================
2026-08-11 01:53:09  INFO      main  Scrape cycle started at 2026-08-11 01:53:09
2026-08-11 01:53:09  INFO      main  [Tamasha] Starting scrape…
2026-08-11 01:53:09  INFO      main  [Tapmad] Starting scrape…
2026-08-11 01:53:09  INFO      main  [MyCo] Starting scrape…
2026-08-11 01:53:09  INFO      main  [ShoqPK] Starting scrape…
2026-08-11 01:53:09  INFO      main  [MyCo] Found 0 channels
2026-08-11 01:53:09  INFO      main  [Tapmad] Found 0 channels
2026-08-11 01:53:10  INFO      main  [Tamasha] Found 0 channels
2026-08-11 01:53:10  INFO      main  [ShoqPK] Found 0 channels
2026-08-11 01:53:10  INFO      main  Total unique channels after merge: 0
2026-08-11 01:53:10  INFO      main  Validating 0 channels…
2026-08-11 01:53:10  INFO      main  Validation complete: 0 live, 0 dead (removed)
2026-08-11 01:53:10  INFO      main  Diff → +0 new, -0 removed
2026-08-11 01:53:10  INFO      main  Saved 0 channels → output/
2026-08-11 01:53:10  INFO      main  Scrape cycle complete.
2026-08-11 03:46:25  INFO      main  ============================================================
2026-08-11 03:46:25  INFO      main  Scrape cycle started at 2026-08-11 03:46:25
2026-08-11 03:46:25  INFO      main  [Tamasha] Starting scrape…
2026-08-11 03:46:25  INFO      main  [Tapmad] Starting scrape…
2026-08-11 03:46:25  INFO      main  [MyCo] Starting scrape…
2026-08-11 03:46:25  INFO      main  [ShoqPK] Starting scrape…
2026-08-11 03:46:25  INFO      main  [Tapmad] Found 0 channels
2026-08-11 03:46:25  INFO      main  [MyCo] Found 0 channels
2026-08-11 03:46:25  INFO      main  [ShoqPK] Found 0 channels
2026-08-11 03:46:26  INFO      main  [Tamasha] Found 0 channels
2026-08-11 03:46:26  INFO      main  Total unique channels after merge: 0
2026-08-11 03:46:26  INFO      main  Validating 0 channels…
2026-08-11 03:46:26  INFO      main  Validation complete: 0 live, 0 dead (removed)
2026-08-11 03:46:26  INFO      main  Diff → +0 new, -0 removed
2026-08-11 03:46:26  INFO      main  Saved 0 channels → output/
2026-08-11 03:46:26  INFO      main  Scrape cycle complete.
2026-08-11 05:10:57  INFO      main  ============================================================
2026-08-11 05:10:57  INFO      main  Scrape cycle started at 2026-08-11 05:10:57
2026-08-11 05:10:57  INFO      main  [Tamasha] Starting scrape…
2026-08-11 05:10:57  INFO      main  [Tapmad] Starting scrape…
2026-08-11 05:10:57  INFO      main  [MyCo] Starting scrape…
2026-08-11 05:10:57  INFO      main  [ShoqPK] Starting scrape…
2026-08-11 05:10:57  INFO      main  [MyCo] Found 0 channels
2026-08-11 05:10:57  INFO      main  [Tapmad] Found 0 channels
2026-08-11 05:10:57  INFO      main  [ShoqPK] Found 0 channels
2026-08-11 05:10:57  INFO      main  [Tamasha] Found 0 channels
2026-08-11 05:10:57  INFO      main  Total unique channels after merge: 0
2026-08-11 05:10:57  INFO      main  Validating 0 channels…
2026-08-11 05:10:57  INFO      main  Validation complete: 0 live, 0 dead (removed)
2026-08-11 05:10:57  INFO      main  Diff → +0 new, -0 removed
2026-08-11 05:10:57  INFO      main  Saved 0 channels → output/
2026-08-11 05:10:57  INFO      main  Scrape cycle complete.
2026-08-11 06:28:28  INFO      main  ============================================================
2026-08-11 06:28:28  INFO      main  Scrape cycle started at 2026-08-11 06:28:28
2026-08-11 06:28:28  INFO      main  [Tamasha] Starting scrape…
2026-08-11 06:28:28  INFO      main  [Tapmad] Starting scrape…
2026-08-11 06:28:28  INFO      main  [MyCo] Starting scrape…
2026-08-11 06:28:28  INFO      main  [ShoqPK] Starting scrape…
2026-08-11 06:28:28  INFO      main  [MyCo] Found 0 channels
2026-08-11 06:28:28  INFO      main  [Tapmad] Found 0 channels
2026-08-11 06:28:29  INFO      main  [Tamasha] Found 0 channels
2026-08-11 06:28:29  INFO      main  [ShoqPK] Found 0 channels
2026-08-11 06:28:29  INFO      main  Total unique channels after merge: 0
2026-08-11 06:28:29  INFO      main  Validating 0 channels…
2026-08-11 06:28:29  INFO      main  Validation complete: 0 live, 0 dead (removed)
2026-08-11 06:28:29  INFO      main  Diff → +0 new, -0 removed
2026-08-11 06:28:29  INFO      main  Saved 0 channels → output/
2026-08-11 06:28:29  INFO      main  Scrape cycle complete.
2026-08-11 07:47:36  INFO      main  ============================================================
2026-08-11 07:47:36  INFO      main  Scrape cycle started at 2026-08-11 07:47:36
2026-08-11 07:47:36  INFO      main  [Tamasha] Starting scrape…
2026-08-11 07:47:36  INFO      main  [Tapmad] Starting scrape…
2026-08-11 07:47:36  INFO      main  [MyCo] Starting scrape…
2026-08-11 07:47:36  INFO      main  [ShoqPK] Starting scrape…
2026-08-11 07:47:37  INFO      main  [Tapmad] Found 0 channels
2026-08-11 07:47:37  INFO      main  [MyCo] Found 0 channels
2026-08-11 07:47:37  INFO      main  [ShoqPK] Found 0 channels
2026-08-11 07:47:37  INFO      main  [Tamasha] Found 0 channels
2026-08-11 07:47:37  INFO      main  Total unique channels after merge: 0
2026-08-11 07:47:37  INFO      main  Validating 0 channels…
2026-08-11 07:47:37  INFO      main  Validation complete: 0 live, 0 dead (removed)
2026-08-11 07:47:37  INFO      main  Diff → +0 new, -0 removed
2026-08-11 07:47:37  INFO      main  Saved 0 channels → output/
2026-08-11 07:47:37  INFO      main  Scrape cycle complete.
2026-08-11 08:59:01  INFO      main  ============================================================
2026-08-11 08:59:01  INFO      main  Scrape cycle started at 2026-08-11 08:59:01
2026-08-11 08:59:01  INFO      main  [Tamasha] Starting scrape…
2026-08-11 08:59:01  INFO      main  [Tapmad] Starting scrape…
2026-08-11 08:59:01  INFO      main  [MyCo] Starting scrape…
2026-08-11 08:59:01  INFO      main  [ShoqPK] Starting scrape…
2026-08-11 08:59:01  INFO      main  [MyCo] Found 0 channels
2026-08-11 08:59:01  INFO      main  [Tapmad] Found 0 channels
2026-08-11 08:59:01  INFO      main  [ShoqPK] Found 0 channels
2026-08-11 08:59:02  INFO      main  [Tamasha] Found 0 channels
2026-08-11 08:59:02  INFO      main  Total unique channels after merge: 0
2026-08-11 08:59:02  INFO      main  Validating 0 channels…
2026-08-11 08:59:02  INFO      main  Validation complete: 0 live, 0 dead (removed)
2026-08-11 08:59:02  INFO      main  Diff → +0 new, -0 removed
2026-08-11 08:59:02  INFO      main  Saved 0 channels → output/
2026-08-11 08:59:02  INFO      main  Scrape cycle complete.
2026-08-11 10:06:35  INFO      main  ============================================================
2026-08-11 10:06:35  INFO      main  Scrape cycle started at 2026-08-11 10:06:35
2026-08-11 10:06:35  INFO      main  [Tamasha] Starting scrape…
2026-08-11 10:06:35  INFO      main  [Tapmad] Starting scrape…
2026-08-11 10:06:35  INFO      main  [MyCo] Starting scrape…
2026-08-11 10:06:35  INFO      main  [ShoqPK] Starting scrape…
2026-08-11 10:06:35  INFO      main  [Tapmad] Found 0 channels
2026-08-11 10:06:35  INFO      main  [MyCo] Found 0 channels
2026-08-11 10:06:35  INFO      main  [Tamasha] Found 0 channels
2026-08-11 10:06:35  INFO      main  [ShoqPK] Found 0 channels
2026-08-11 10:06:35  INFO      main  Total unique channels after merge: 0
2026-08-11 10:06:35  INFO      main  Validating 0 channels…
2026-08-11 10:06:35  INFO      main  Validation complete: 0 live, 0 dead (removed)
2026-08-11 10:06:35  INFO      main  Diff → +0 new, -0 removed
2026-08-11 10:06:35  INFO      main  Saved 0 channels → output/
2026-08-11 10:06:35  INFO      main  Scrape cycle complete.
2026-08-11 11:20:47  INFO      main  ============================================================
2026-08-11 11:20:47  INFO      main  Scrape cycle started at 2026-08-11 11:20:47
2026-08-11 11:20:47  INFO      main  [Tamasha] Starting scrape…
2026-08-11 11:20:47  INFO      main  [Tapmad] Starting scrape…
2026-08-11 11:20:47  INFO      main  [MyCo] Starting scrape…
2026-08-11 11:20:47  INFO      main  [ShoqPK] Starting scrape…
2026-08-11 11:20:47  INFO      main  [MyCo] Found 0 channels
2026-08-11 11:20:47  INFO      main  [Tapmad] Found 0 channels
2026-08-11 11:20:47  INFO      main  [Tamasha] Found 0 channels
2026-08-11 11:20:47  INFO      main  [ShoqPK] Found 0 channels
2026-08-11 11:20:47  INFO      main  Total unique channels after merge: 0
2026-08-11 11:20:47  INFO      main  Validating 0 channels…
2026-08-11 11:20:47  INFO      main  Validation complete: 0 live, 0 dead (removed)
2026-08-11 11:20:47  INFO      main  Diff → +0 new, -0 removed
2026-08-11 11:20:47  INFO      main  Saved 0 channels → output/
2026-08-11 11:20:47  INFO      main  Scrape cycle complete.
2026-08-11 12:10:09  INFO      main  ============================================================
2026-08-11 12:10:09  INFO      main  Scrape cycle started at 2026-08-11 12:10:09
2026-08-11 12:10:09  INFO      main  [Tamasha] Starting scrape…
2026-08-11 12:10:09  INFO      main  [Tapmad] Starting scrape…
2026-08-11 12:10:09  INFO      main  [MyCo] Starting scrape…
2026-08-11 12:10:09  INFO      main  [ShoqPK] Starting scrape…
2026-08-11 12:10:09  INFO      main  [Tapmad] Found 0 channels
2026-08-11 12:10:09  INFO      main  [Tamasha] Found 0 channels
2026-08-11 12:10:09  INFO      main  [MyCo] Found 0 channels
2026-08-11 12:10:09  INFO      main  [ShoqPK] Found 0 channels
2026-08-11 12:10:09  INFO      main  Total unique channels after merge: 0
2026-08-11 12:10:09  INFO      main  Validating 0 channels…
2026-08-11 12:10:09  INFO      main  Validation complete: 0 live, 0 dead (removed)
2026-08-11 12:10:09  INFO      main  Diff → +0 new, -0 removed
2026-08-11 12:10:09  INFO      main  Saved 0 channels → output/
2026-08-11 12:10:09  INFO      main  Scrape cycle complete.
2026-08-11 13:54:34  INFO      main  ============================================================
2026-08-11 13:54:34  INFO      main  Scrape cycle started at 2026-08-11 13:54:34
2026-08-11 13:54:34  INFO      main  [Tamasha] Starting scrape…
2026-08-11 13:54:34  INFO      main  [Tapmad] Starting scrape…
2026-08-11 13:54:34  INFO      main  [MyCo] Starting scrape…
2026-08-11 13:54:34  INFO      main  [ShoqPK] Starting scrape…
2026-08-11 13:54:34  INFO      main  [MyCo] Found 0 channels
2026-08-11 13:54:34  INFO      main  [Tapmad] Found 0 channels
2026-08-11 13:54:34  INFO      main  [ShoqPK] Found 0 channels
2026-08-11 13:54:34  INFO      main  [Tamasha] Found 0 channels
2026-08-11 13:54:34  INFO      main  Total unique channels after merge: 0
2026-08-11 13:54:34  INFO      main  Validating 0 channels…
2026-08-11 13:54:34  INFO      main  Validation complete: 0 live, 0 dead (removed)
2026-08-11 13:54:34  INFO      main  Diff → +0 new, -0 removed
2026-08-11 13:54:34  INFO      main  Saved 0 channels → output/
2026-08-11 13:54:34  INFO      main  Scrape cycle complete.
2026-08-11 14:59:24  INFO      main  ============================================================
2026-08-11 14:59:24  INFO      main  Scrape cycle started at 2026-08-11 14:59:24
2026-08-11 14:59:24  INFO      main  [Tamasha] Starting scrape…
2026-08-11 14:59:24  INFO      main  [Tapmad] Starting scrape…
2026-08-11 14:59:24  INFO      main  [MyCo] Starting scrape…
2026-08-11 14:59:24  INFO      main  [ShoqPK] Starting scrape…
2026-08-11 14:59:24  INFO      main  [Tapmad] Found 0 channels
2026-08-11 14:59:25  INFO      main  [MyCo] Found 0 channels
2026-08-11 14:59:25  INFO      main  [ShoqPK] Found 0 channels
2026-08-11 14:59:25  INFO      main  [Tamasha] Found 0 channels
2026-08-11 14:59:25  INFO      main  Total unique channels after merge: 0
2026-08-11 14:59:25  INFO      main  Validating 0 channels…
2026-08-11 14:59:25  INFO      main  Validation complete: 0 live, 0 dead (removed)
2026-08-11 14:59:25  INFO      main  Diff → +0 new, -0 removed
2026-08-11 14:59:25  INFO      main  Saved 0 channels → output/
2026-08-11 14:59:25  INFO      main  Scrape cycle complete.
2026-08-11 16:06:53  INFO      main  ============================================================
2026-08-11 16:06:53  INFO      main  Scrape cycle started at 2026-08-11 16:06:53
2026-08-11 16:06:53  INFO      main  [Tamasha] Starting scrape…
2026-08-11 16:06:53  INFO      main  [Tapmad] Starting scrape…
2026-08-11 16:06:53  INFO      main  [MyCo] Starting scrape…
2026-08-11 16:06:53  INFO      main  [ShoqPK] Starting scrape…
2026-08-11 16:06:53  INFO      main  [MyCo] Found 0 channels
2026-08-11 16:06:53  INFO      main  [Tapmad] Found 0 channels
2026-08-11 16:06:54  INFO      main  [ShoqPK] Found 0 channels
2026-08-11 16:06:54  INFO      main  [Tamasha] Found 0 channels
2026-08-11 16:06:54  INFO      main  Total unique channels after merge: 0
2026-08-11 16:06:54  INFO      main  Validating 0 channels…
2026-08-11 16:06:54  INFO      main  Validation complete: 0 live, 0 dead (removed)
2026-08-11 16:06:54  INFO      main  Diff → +0 new, -0 removed
2026-08-11 16:06:54  INFO      main  Saved 0 channels → output/
2026-08-11 16:06:54  INFO      main  Scrape cycle complete.
2026-08-11 17:28:11  INFO      main  ============================================================
2026-08-11 17:28:11  INFO      main  Scrape cycle started at 2026-08-11 17:28:11
2026-08-11 17:28:11  INFO      main  [Tamasha] Starting scrape…
2026-08-11 17:28:11  INFO      main  [Tapmad] Starting scrape…
2026-08-11 17:28:11  INFO      main  [MyCo] Starting scrape…
2026-08-11 17:28:11  INFO      main  [ShoqPK] Starting scrape…
2026-08-11 17:28:11  INFO      main  [Tapmad] Found 0 channels
2026-08-11 17:28:11  INFO      main  [MyCo] Found 0 channels
2026-08-11 17:28:11  INFO      main  [ShoqPK] Found 0 channels
2026-08-11 17:28:11  INFO      main  [Tamasha] Found 0 channels
2026-08-11 17:28:11  INFO      main  Total unique channels after merge: 0
2026-08-11 17:28:11  INFO      main  Validating 0 channels…
2026-08-11 17:28:11  INFO      main  Validation complete: 0 live, 0 dead (removed)
2026-08-11 17:28:11  INFO      main  Diff → +0 new, -0 removed
2026-08-11 17:28:11  INFO      main  Saved 0 channels → output/
2026-08-11 17:28:11  INFO      main  Scrape cycle complete.
2026-08-11 18:27:23  INFO      main  ============================================================
2026-08-11 18:27:23  INFO      main  Scrape cycle started at 2026-08-11 18:27:23
2026-08-11 18:27:23  INFO      main  [Tamasha] Starting scrape…
2026-08-11 18:27:23  INFO      main  [Tapmad] Starting scrape…
2026-08-11 18:27:23  INFO      main  [MyCo] Starting scrape…
2026-08-11 18:27:23  INFO      main  [ShoqPK] Starting scrape…
2026-08-11 18:27:23  INFO      main  [Tapmad] Found 0 channels
2026-08-11 18:27:24  INFO      main  [MyCo] Found 0 channels
2026-08-11 18:27:24  INFO      main  [ShoqPK] Found 0 channels
2026-08-11 18:27:24  INFO      main  [Tamasha] Found 0 channels
2026-08-11 18:27:24  INFO      main  Total unique channels after merge: 0
2026-08-11 18:27:24  INFO      main  Validating 0 channels…
2026-08-11 18:27:24  INFO      main  Validation complete: 0 live, 0 dead (removed)
2026-08-11 18:27:24  INFO      main  Diff → +0 new, -0 removed
2026-08-11 18:27:24  INFO      main  Saved 0 channels → output/
2026-08-11 18:27:24  INFO      main  Scrape cycle complete.
2026-08-11 19:37:32  INFO      main  ============================================================
2026-08-11 19:37:32  INFO      main  Scrape cycle started at 2026-08-11 19:37:32
2026-08-11 19:37:32  INFO      main  [Tamasha] Starting scrape…
2026-08-11 19:37:32  INFO      main  [Tapmad] Starting scrape…
2026-08-11 19:37:32  INFO      main  [MyCo] Starting scrape…
2026-08-11 19:37:32  INFO      main  [ShoqPK] Starting scrape…
2026-08-11 19:37:32  INFO      main  [Tapmad] Found 0 channels
2026-08-11 19:37:33  INFO      main  [MyCo] Found 0 channels
2026-08-11 19:37:33  INFO      main  [ShoqPK] Found 0 channels
2026-08-11 19:37:33  INFO      main  [Tamasha] Found 0 channels
2026-08-11 19:37:33  INFO      main  Total unique channels after merge: 0
2026-08-11 19:37:33  INFO      main  Validating 0 channels…
2026-08-11 19:37:33  INFO      main  Validation complete: 0 live, 0 dead (removed)
2026-08-11 19:37:33  INFO      main  Diff → +0 new, -0 removed
2026-08-11 19:37:33  INFO      main  Saved 0 channels → output/
2026-08-11 19:37:33  INFO      main  Scrape cycle complete.
2026-08-11 20:46:59  INFO      main  ============================================================
2026-08-11 20:46:59  INFO      main  Scrape cycle started at 2026-08-11 20:46:59
2026-08-11 20:46:59  INFO      main  [Tamasha] Starting scrape…
2026-08-11 20:46:59  INFO      main  [Tapmad] Starting scrape…
2026-08-11 20:46:59  INFO      main  [MyCo] Starting scrape…
2026-08-11 20:46:59  INFO      main  [ShoqPK] Starting scrape…
2026-08-11 20:47:00  INFO      main  [Tapmad] Found 0 channels
2026-08-11 20:47:00  INFO      main  [ShoqPK] Found 0 channels
2026-08-11 20:47:00  INFO      main  [Tamasha] Found 0 channels
2026-08-11 20:47:02  INFO      main  [MyCo] Found 0 channels
2026-08-11 20:47:02  INFO      main  Total unique channels after merge: 0
2026-08-11 20:47:02  INFO      main  Validating 0 channels…
2026-08-11 20:47:02  INFO      main  Validation complete: 0 live, 0 dead (removed)
2026-08-11 20:47:02  INFO      main  Diff → +0 new, -0 removed
2026-08-11 20:47:02  INFO      main  Saved 0 channels → output/
2026-08-11 20:47:02  INFO      main  Scrape cycle complete.
2026-08-11 21:50:43  INFO      main  ============================================================
2026-08-11 21:50:43  INFO      main  Scrape cycle started at 2026-08-11 21:50:43
2026-08-11 21:50:43  INFO      main  [Tamasha] Starting scrape…
2026-08-11 21:50:43  INFO      main  [Tapmad] Starting scrape…
2026-08-11 21:50:43  INFO      main  [MyCo] Starting scrape…
2026-08-11 21:50:43  INFO      main  [ShoqPK] Starting scrape…
2026-08-11 21:50:43  INFO      main  [Tapmad] Found 0 channels
2026-08-11 21:50:44  INFO      main  [MyCo] Found 0 channels
2026-08-11 21:50:44  INFO      main  [ShoqPK] Found 0 channels
2026-08-11 21:50:44  INFO      main  [Tamasha] Found 0 channels
2026-08-11 21:50:44  INFO      main  Total unique channels after merge: 0
2026-08-11 21:50:44  INFO      main  Validating 0 channels…
2026-08-11 21:50:44  INFO      main  Validation complete: 0 live, 0 dead (removed)
2026-08-11 21:50:44  INFO      main  Diff → +0 new, -0 removed
2026-08-11 21:50:44  INFO      main  Saved 0 channels → output/
2026-08-11 21:50:44  INFO      main  Scrape cycle complete.
2026-08-11 22:44:15  INFO      main  ============================================================
2026-08-11 22:44:15  INFO      main  Scrape cycle started at 2026-08-11 22:44:15
2026-08-11 22:44:15  INFO      main  [Tamasha] Starting scrape…
2026-08-11 22:44:15  INFO      main  [Tapmad] Starting scrape…
2026-08-11 22:44:15  INFO      main  [MyCo] Starting scrape…
2026-08-11 22:44:15  INFO      main  [ShoqPK] Starting scrape…
2026-08-11 22:44:15  INFO      main  [Tapmad] Found 0 channels
2026-08-11 22:44:16  INFO      main  [MyCo] Found 0 channels
2026-08-11 22:44:16  INFO      main  [ShoqPK] Found 0 channels
2026-08-11 22:44:16  INFO      main  [Tamasha] Found 0 channels
2026-08-11 22:44:16  INFO      main  Total unique channels after merge: 0
2026-08-11 22:44:16  INFO      main  Validating 0 channels…
2026-08-11 22:44:16  INFO      main  Validation complete: 0 live, 0 dead (removed)
2026-08-11 22:44:16  INFO      main  Diff → +0 new, -0 removed
2026-08-11 22:44:16  INFO      main  Saved 0 channels → output/
2026-08-11 22:44:16  INFO      main  Scrape cycle complete.
2026-08-11 23:41:46  INFO      main  ============================================================
2026-08-11 23:41:46  INFO      main  Scrape cycle started at 2026-08-11 23:41:46
2026-08-11 23:41:46  INFO      main  [Tamasha] Starting scrape…
2026-08-11 23:41:46  INFO      main  [Tapmad] Starting scrape…
2026-08-11 23:41:46  INFO      main  [MyCo] Starting scrape…
2026-08-11 23:41:46  INFO      main  [ShoqPK] Starting scrape…
2026-08-11 23:41:46  INFO      main  [MyCo] Found 0 channels
2026-08-11 23:41:47  INFO      main  [Tapmad] Found 0 channels
2026-08-11 23:41:47  INFO      main  [ShoqPK] Found 0 channels
2026-08-11 23:41:47  INFO      main  [Tamasha] Found 0 channels
2026-08-11 23:41:47  INFO      main  Total unique channels after merge: 0
2026-08-11 23:41:47  INFO      main  Validating 0 channels…
2026-08-11 23:41:47  INFO      main  Validation complete: 0 live, 0 dead (removed)
2026-08-11 23:41:47  INFO      main  Diff → +0 new, -0 removed
2026-08-11 23:41:47  INFO      main  Saved 0 channels → output/
2026-08-11 23:41:47  INFO      main  Scrape cycle complete.
2026-08-12 02:05:16  INFO      main  ============================================================
2026-08-12 02:05:16  INFO      main  Scrape cycle started at 2026-08-12 02:05:16
2026-08-12 02:05:16  INFO      main  [Tamasha] Starting scrape…
2026-08-12 02:05:16  INFO      main  [Tapmad] Starting scrape…
2026-08-12 02:05:16  INFO      main  [MyCo] Starting scrape…
2026-08-12 02:05:16  INFO      main  [ShoqPK] Starting scrape…
2026-08-12 02:05:16  INFO      main  [MyCo] Found 0 channels
2026-08-12 02:05:16  INFO      main  [Tapmad] Found 0 channels
2026-08-12 02:05:17  INFO      main  [ShoqPK] Found 0 channels
2026-08-12 02:05:17  INFO      main  [Tamasha] Found 0 channels
2026-08-12 02:05:17  INFO      main  Total unique channels after merge: 0
2026-08-12 02:05:17  INFO      main  Validating 0 channels…
2026-08-12 02:05:17  INFO      main  Validation complete: 0 live, 0 dead (removed)
2026-08-12 02:05:17  INFO      main  Diff → +0 new, -0 removed
2026-08-12 02:05:17  INFO      main  Saved 0 channels → output/
2026-08-12 02:05:17  INFO      main  Scrape cycle complete.
2026-08-12 04:21:46  INFO      main  ============================================================
2026-08-12 04:21:46  INFO      main  Scrape cycle started at 2026-08-12 04:21:46
2026-08-12 04:21:46  INFO      main  [Tamasha] Starting scrape…
2026-08-12 04:21:46  INFO      main  [Tapmad] Starting scrape…
2026-08-12 04:21:46  INFO      main  [MyCo] Starting scrape…
2026-08-12 04:21:46  INFO      main  [ShoqPK] Starting scrape…
2026-08-12 04:21:46  INFO      main  [ShoqPK] Found 0 channels
2026-08-12 04:21:46  INFO      main  [MyCo] Found 0 channels
2026-08-12 04:21:46  INFO      main  [Tapmad] Found 0 channels
2026-08-12 04:21:46  INFO      main  [Tamasha] Found 0 channels
2026-08-12 04:21:46  INFO      main  Total unique channels after merge: 0
2026-08-12 04:21:46  INFO      main  Validating 0 channels…
2026-08-12 04:21:46  INFO      main  Validation complete: 0 live, 0 dead (removed)
2026-08-12 04:21:46  INFO      main  Diff → +0 new, -0 removed
2026-08-12 04:21:46  INFO      main  Saved 0 channels → output/
2026-08-12 04:21:46  INFO      main  Scrape cycle complete.
2026-08-12 05:55:36  INFO      main  ============================================================
2026-08-12 05:55:36  INFO      main  Scrape cycle started at 2026-08-12 05:55:36
2026-08-12 05:55:36  INFO      main  [Tamasha] Starting scrape…
2026-08-12 05:55:36  INFO      main  [Tapmad] Starting scrape…
2026-08-12 05:55:36  INFO      main  [MyCo] Starting scrape…
2026-08-12 05:55:36  INFO      main  [ShoqPK] Starting scrape…
2026-08-12 05:55:37  INFO      main  [Tapmad] Found 0 channels
2026-08-12 05:55:37  INFO      main  [MyCo] Found 0 channels
2026-08-12 05:55:37  INFO      main  [Tamasha] Found 0 channels
2026-08-12 05:55:37  INFO      main  [ShoqPK] Found 0 channels
2026-08-12 05:55:37  INFO      main  Total unique channels after merge: 0
2026-08-12 05:55:37  INFO      main  Validating 0 channels…
2026-08-12 05:55:37  INFO      main  Validation complete: 0 live, 0 dead (removed)
2026-08-12 05:55:37  INFO      main  Diff → +0 new, -0 removed
2026-08-12 05:55:37  INFO      main  Saved 0 channels → output/
2026-08-12 05:55:37  INFO      main  Scrape cycle complete.
2026-08-12 07:36:42  INFO      main  ============================================================
2026-08-12 07:36:42  INFO      main  Scrape cycle started at 2026-08-12 07:36:42
2026-08-12 07:36:42  INFO      main  [Tamasha] Starting scrape…
2026-08-12 07:36:42  INFO      main  [Tapmad] Starting scrape…
2026-08-12 07:36:42  INFO      main  [MyCo] Starting scrape…
2026-08-12 07:36:42  INFO      main  [ShoqPK] Starting scrape…
2026-08-12 07:36:42  INFO      main  [MyCo] Found 0 channels
2026-08-12 07:36:42  INFO      main  [Tapmad] Found 0 channels
2026-08-12 07:36:42  INFO      main  [Tamasha] Found 0 channels
2026-08-12 07:36:42  INFO      main  [ShoqPK] Found 0 channels
2026-08-12 07:36:42  INFO      main  Total unique channels after merge: 0
2026-08-12 07:36:42  INFO      main  Validating 0 channels…
2026-08-12 07:36:42  INFO      main  Validation complete: 0 live, 0 dead (removed)
2026-08-12 07:36:42  INFO      main  Diff → +0 new, -0 removed
2026-08-12 07:36:42  INFO      main  Saved 0 channels → output/
2026-08-12 07:36:42  INFO      main  Scrape cycle complete.
2026-08-12 09:13:03  INFO      main  ============================================================
2026-08-12 09:13:03  INFO      main  Scrape cycle started at 2026-08-12 09:13:03
2026-08-12 09:13:03  INFO      main  [Tamasha] Starting scrape…
2026-08-12 09:13:03  INFO      main  [Tapmad] Starting scrape…
2026-08-12 09:13:03  INFO      main  [MyCo] Starting scrape…
2026-08-12 09:13:03  INFO      main  [ShoqPK] Starting scrape…
2026-08-12 09:13:03  INFO      main  [MyCo] Found 0 channels
2026-08-12 09:13:04  INFO      main  [Tapmad] Found 0 channels
2026-08-12 09:13:04  INFO      main  [ShoqPK] Found 0 channels
2026-08-12 09:13:04  INFO      main  [Tamasha] Found 0 channels
2026-08-12 09:13:04  INFO      main  Total unique channels after merge: 0
2026-08-12 09:13:04  INFO      main  Validating 0 channels…
2026-08-12 09:13:04  INFO      main  Validation complete: 0 live, 0 dead (removed)
2026-08-12 09:13:04  INFO      main  Diff → +0 new, -0 removed
2026-08-12 09:13:04  INFO      main  Saved 0 channels → output/
2026-08-12 09:13:04  INFO      main  Scrape cycle complete.
2026-08-12 10:34:26  INFO      main  ============================================================
2026-08-12 10:34:26  INFO      main  Scrape cycle started at 2026-08-12 10:34:26
2026-08-12 10:34:26  INFO      main  [Tamasha] Starting scrape…
2026-08-12 10:34:26  INFO      main  [Tapmad] Starting scrape…
2026-08-12 10:34:26  INFO      main  [MyCo] Starting scrape…
2026-08-12 10:34:26  INFO      main  [ShoqPK] Starting scrape…
2026-08-12 10:34:26  INFO      main  [MyCo] Found 0 channels
2026-08-12 10:34:26  INFO      main  [Tapmad] Found 0 channels
2026-08-12 10:34:26  INFO      main  [ShoqPK] Found 0 channels
2026-08-12 10:34:26  INFO      main  [Tamasha] Found 0 channels
2026-08-12 10:34:26  INFO      main  Total unique channels after merge: 0
2026-08-12 10:34:26  INFO      main  Validating 0 channels…
2026-08-12 10:34:26  INFO      main  Validation complete: 0 live, 0 dead (removed)
2026-08-12 10:34:26  INFO      main  Diff → +0 new, -0 removed
2026-08-12 10:34:26  INFO      main  Saved 0 channels → output/
2026-08-12 10:34:26  INFO      main  Scrape cycle complete.
2026-08-12 11:48:02  INFO      main  ============================================================
2026-08-12 11:48:02  INFO      main  Scrape cycle started at 2026-08-12 11:48:02
2026-08-12 11:48:02  INFO      main  [Tamasha] Starting scrape…
2026-08-12 11:48:02  INFO      main  [Tapmad] Starting scrape…
2026-08-12 11:48:02  INFO      main  [MyCo] Starting scrape…
2026-08-12 11:48:02  INFO      main  [ShoqPK] Starting scrape…
2026-08-12 11:48:02  INFO      main  [Tapmad] Found 0 channels
2026-08-12 11:48:03  INFO      main  [MyCo] Found 0 channels
2026-08-12 11:48:03  INFO      main  [ShoqPK] Found 0 channels
2026-08-12 11:48:03  INFO      main  [Tamasha] Found 0 channels
2026-08-12 11:48:03  INFO      main  Total unique channels after merge: 0
2026-08-12 11:48:03  INFO      main  Validating 0 channels…
2026-08-12 11:48:03  INFO      main  Validation complete: 0 live, 0 dead (removed)
2026-08-12 11:48:03  INFO      main  Diff → +0 new, -0 removed
2026-08-12 11:48:03  INFO      main  Saved 0 channels → output/
2026-08-12 11:48:03  INFO      main  Scrape cycle complete.
2026-08-12 13:13:42  INFO      main  ============================================================
2026-08-12 13:13:42  INFO      main  Scrape cycle started at 2026-08-12 13:13:42
2026-08-12 13:13:42  INFO      main  [Tamasha] Starting scrape…
2026-08-12 13:13:42  INFO      main  [Tapmad] Starting scrape…
2026-08-12 13:13:42  INFO      main  [MyCo] Starting scrape…
2026-08-12 13:13:42  INFO      main  [ShoqPK] Starting scrape…
2026-08-12 13:13:43  INFO      main  [Tapmad] Found 0 channels
2026-08-12 13:13:43  INFO      main  [MyCo] Found 0 channels
2026-08-12 13:13:43  INFO      main  [ShoqPK] Found 0 channels
2026-08-12 13:13:43  INFO      main  [Tamasha] Found 0 channels
2026-08-12 13:13:43  INFO      main  Total unique channels after merge: 0
2026-08-12 13:13:43  INFO      main  Validating 0 channels…
2026-08-12 13:13:43  INFO      main  Validation complete: 0 live, 0 dead (removed)
2026-08-12 13:13:43  INFO      main  Diff → +0 new, -0 removed
2026-08-12 13:13:43  INFO      main  Saved 0 channels → output/
2026-08-12 13:13:43  INFO      main  Scrape cycle complete.
2026-08-12 14:35:46  INFO      main  ============================================================
2026-08-12 14:35:46  INFO      main  Scrape cycle started at 2026-08-12 14:35:46
2026-08-12 14:35:46  INFO      main  [Tamasha] Starting scrape…
2026-08-12 14:35:46  INFO      main  [Tapmad] Starting scrape…
2026-08-12 14:35:46  INFO      main  [MyCo] Starting scrape…
2026-08-12 14:35:46  INFO      main  [ShoqPK] Starting scrape…
2026-08-12 14:35:46  INFO      main  [Tapmad] Found 0 channels
2026-08-12 14:35:46  INFO      main  [MyCo] Found 0 channels
2026-08-12 14:35:46  INFO      main  [ShoqPK] Found 0 channels
2026-08-12 14:35:46  INFO      main  [Tamasha] Found 0 channels
2026-08-12 14:35:46  INFO      main  Total unique channels after merge: 0
2026-08-12 14:35:46  INFO      main  Validating 0 channels…
2026-08-12 14:35:46  INFO      main  Validation complete: 0 live, 0 dead (removed)
2026-08-12 14:35:46  INFO      main  Diff → +0 new, -0 removed
2026-08-12 14:35:46  INFO      main  Saved 0 channels → output/
2026-08-12 14:35:46  INFO      main  Scrape cycle complete.
2026-08-12 15:59:34  INFO      main  ============================================================
2026-08-12 15:59:34  INFO      main  Scrape cycle started at 2026-08-12 15:59:34
2026-08-12 15:59:34  INFO      main  [Tamasha] Starting scrape…
2026-08-12 15:59:34  INFO      main  [Tapmad] Starting scrape…
2026-08-12 15:59:34  INFO      main  [MyCo] Starting scrape…
2026-08-12 15:59:34  INFO      main  [ShoqPK] Starting scrape…
2026-08-12 15:59:34  INFO      main  [Tapmad] Found 0 channels
2026-08-12 15:59:34  INFO      main  [Tamasha] Found 0 channels
2026-08-12 15:59:34  INFO      main  [MyCo] Found 0 channels
2026-08-12 15:59:35  INFO      main  [ShoqPK] Found 0 channels
2026-08-12 15:59:35  INFO      main  Total unique channels after merge: 0
2026-08-12 15:59:35  INFO      main  Validating 0 channels…
2026-08-12 15:59:35  INFO      main  Validation complete: 0 live, 0 dead (removed)
2026-08-12 15:59:35  INFO      main  Diff → +0 new, -0 removed
2026-08-12 15:59:35  INFO      main  Saved 0 channels → output/
2026-08-12 15:59:35  INFO      main  Scrape cycle complete.
2026-08-12 17:06:05  INFO      main  ============================================================
2026-08-12 17:06:05  INFO      main  Scrape cycle started at 2026-08-12 17:06:05
2026-08-12 17:06:05  INFO      main  [Tamasha] Starting scrape…
2026-08-12 17:06:05  INFO      main  [Tapmad] Starting scrape…
2026-08-12 17:06:05  INFO      main  [MyCo] Starting scrape…
2026-08-12 17:06:05  INFO      main  [ShoqPK] Starting scrape…
2026-08-12 17:06:05  INFO      main  [Tapmad] Found 0 channels
2026-08-12 17:06:05  INFO      main  [MyCo] Found 0 channels
2026-08-12 17:06:05  INFO      main  [ShoqPK] Found 0 channels
2026-08-12 17:06:05  INFO      main  [Tamasha] Found 0 channels
2026-08-12 17:06:05  INFO      main  Total unique channels after merge: 0
2026-08-12 17:06:05  INFO      main  Validating 0 channels…
2026-08-12 17:06:05  INFO      main  Validation complete: 0 live, 0 dead (removed)
2026-08-12 17:06:05  INFO      main  Diff → +0 new, -0 removed
2026-08-12 17:06:05  INFO      main  Saved 0 channels → output/
2026-08-12 17:06:05  INFO      main  Scrape cycle complete.
2026-08-12 18:26:18  INFO      main  ============================================================
2026-08-12 18:26:18  INFO      main  Scrape cycle started at 2026-08-12 18:26:18
2026-08-12 18:26:18  INFO      main  [Tamasha] Starting scrape…
2026-08-12 18:26:18  INFO      main  [Tapmad] Starting scrape…
2026-08-12 18:26:18  INFO      main  [MyCo] Starting scrape…
2026-08-12 18:26:18  INFO      main  [ShoqPK] Starting scrape…
2026-08-12 18:26:18  INFO      main  [MyCo] Found 0 channels
2026-08-12 18:26:18  INFO      main  [Tapmad] Found 0 channels
2026-08-12 18:26:18  INFO      main  [ShoqPK] Found 0 channels
2026-08-12 18:26:19  INFO      main  [Tamasha] Found 0 channels
2026-08-12 18:26:19  INFO      main  Total unique channels after merge: 0
2026-08-12 18:26:19  INFO      main  Validating 0 channels…
2026-08-12 18:26:19  INFO      main  Validation complete: 0 live, 0 dead (removed)
2026-08-12 18:26:19  INFO      main  Diff → +0 new, -0 removed
2026-08-12 18:26:19  INFO      main  Saved 0 channels → output/
2026-08-12 18:26:19  INFO      main  Scrape cycle complete.
2026-08-12 19:38:46  INFO      main  ============================================================
2026-08-12 19:38:46  INFO      main  Scrape cycle started at 2026-08-12 19:38:46
2026-08-12 19:38:46  INFO      main  [Tamasha] Starting scrape…
2026-08-12 19:38:46  INFO      main  [Tapmad] Starting scrape…
2026-08-12 19:38:46  INFO      main  [MyCo] Starting scrape…
2026-08-12 19:38:46  INFO      main  [ShoqPK] Starting scrape…
2026-08-12 19:38:46  INFO      main  [MyCo] Found 0 channels
2026-08-12 19:38:47  INFO      main  [Tapmad] Found 0 channels
2026-08-12 19:38:47  INFO      main  [ShoqPK] Found 0 channels
2026-08-12 19:38:47  INFO      main  [Tamasha] Found 0 channels
2026-08-12 19:38:47  INFO      main  Total unique channels after merge: 0
2026-08-12 19:38:47  INFO      main  Validating 0 channels…
2026-08-12 19:38:47  INFO      main  Validation complete: 0 live, 0 dead (removed)
2026-08-12 19:38:47  INFO      main  Diff → +0 new, -0 removed
2026-08-12 19:38:47  INFO      main  Saved 0 channels → output/
2026-08-12 19:38:47  INFO      main  Scrape cycle complete.
2026-08-12 20:48:00  INFO      main  ============================================================
2026-08-12 20:48:00  INFO      main  Scrape cycle started at 2026-08-12 20:48:00
2026-08-12 20:48:00  INFO      main  [Tamasha] Starting scrape…
2026-08-12 20:48:00  INFO      main  [Tapmad] Starting scrape…
2026-08-12 20:48:00  INFO      main  [MyCo] Starting scrape…
2026-08-12 20:48:00  INFO      main  [ShoqPK] Starting scrape…
2026-08-12 20:48:00  INFO      main  [MyCo] Found 0 channels
2026-08-12 20:48:00  INFO      main  [Tapmad] Found 0 channels
2026-08-12 20:48:00  INFO      main  [ShoqPK] Found 0 channels
2026-08-12 20:48:00  INFO      main  [Tamasha] Found 0 channels
2026-08-12 20:48:00  INFO      main  Total unique channels after merge: 0
2026-08-12 20:48:00  INFO      main  Validating 0 channels…
2026-08-12 20:48:00  INFO      main  Validation complete: 0 live, 0 dead (removed)
2026-08-12 20:48:00  INFO      main  Diff → +0 new, -0 removed
2026-08-12 20:48:00  INFO      main  Saved 0 channels → output/
2026-08-12 20:48:00  INFO      main  Scrape cycle complete.
2026-08-12 21:48:49  INFO      main  ============================================================
2026-08-12 21:48:49  INFO      main  Scrape cycle started at 2026-08-12 21:48:49
2026-08-12 21:48:49  INFO      main  [Tamasha] Starting scrape…
2026-08-12 21:48:49  INFO      main  [Tapmad] Starting scrape…
2026-08-12 21:48:49  INFO      main  [MyCo] Starting scrape…
2026-08-12 21:48:49  INFO      main  [ShoqPK] Starting scrape…
2026-08-12 21:48:49  INFO      main  [MyCo] Found 0 channels
2026-08-12 21:48:49  INFO      main  [Tapmad] Found 0 channels
2026-08-12 21:48:50  INFO      main  [ShoqPK] Found 0 channels
2026-08-12 21:48:50  INFO      main  [Tamasha] Found 0 channels
2026-08-12 21:48:50  INFO      main  Total unique channels after merge: 0
2026-08-12 21:48:50  INFO      main  Validating 0 channels…
2026-08-12 21:48:50  INFO      main  Validation complete: 0 live, 0 dead (removed)
2026-08-12 21:48:50  INFO      main  Diff → +0 new, -0 removed
2026-08-12 21:48:50  INFO      main  Saved 0 channels → output/
2026-08-12 21:48:50  INFO      main  Scrape cycle complete.
2026-08-12 22:42:29  INFO      main  ============================================================
2026-08-12 22:42:29  INFO      main  Scrape cycle started at 2026-08-12 22:42:29
2026-08-12 22:42:29  INFO      main  [Tamasha] Starting scrape…
2026-08-12 22:42:29  INFO      main  [Tapmad] Starting scrape…
2026-08-12 22:42:29  INFO      main  [MyCo] Starting scrape…
2026-08-12 22:42:29  INFO      main  [ShoqPK] Starting scrape…
2026-08-12 22:42:29  INFO      main  [MyCo] Found 0 channels
2026-08-12 22:42:29  INFO      main  [Tapmad] Found 0 channels
2026-08-12 22:42:29  INFO      main  [Tamasha] Found 0 channels
2026-08-12 22:42:29  INFO      main  [ShoqPK] Found 0 channels
2026-08-12 22:42:29  INFO      main  Total unique channels after merge: 0
2026-08-12 22:42:29  INFO      main  Validating 0 channels…
2026-08-12 22:42:29  INFO      main  Validation complete: 0 live, 0 dead (removed)
2026-08-12 22:42:29  INFO      main  Diff → +0 new, -0 removed
2026-08-12 22:42:29  INFO      main  Saved 0 channels → output/
2026-08-12 22:42:29  INFO      main  Scrape cycle complete.
2026-08-12 23:42:38  INFO      main  ============================================================
2026-08-12 23:42:38  INFO      main  Scrape cycle started at 2026-08-12 23:42:38
2026-08-12 23:42:38  INFO      main  [Tamasha] Starting scrape…
2026-08-12 23:42:38  INFO      main  [Tapmad] Starting scrape…
2026-08-12 23:42:38  INFO      main  [MyCo] Starting scrape…
2026-08-12 23:42:38  INFO      main  [ShoqPK] Starting scrape…
2026-08-12 23:42:38  INFO      main  [MyCo] Found 0 channels
2026-08-12 23:42:38  INFO      main  [Tapmad] Found 0 channels
2026-08-12 23:42:38  INFO      main  [ShoqPK] Found 0 channels
2026-08-12 23:42:38  INFO      main  [Tamasha] Found 0 channels
2026-08-12 23:42:38  INFO      main  Total unique channels after merge: 0
2026-08-12 23:42:38  INFO      main  Validating 0 channels…
2026-08-12 23:42:38  INFO      main  Validation complete: 0 live, 0 dead (removed)
2026-08-12 23:42:38  INFO      main  Diff → +0 new, -0 removed
2026-08-12 23:42:38  INFO      main  Saved 0 channels → output/
2026-08-12 23:42:38  INFO      main  Scrape cycle complete.
2026-08-13 02:07:49  INFO      main  ============================================================
2026-08-13 02:07:49  INFO      main  Scrape cycle started at 2026-08-13 02:07:49
2026-08-13 02:07:49  INFO      main  [Tamasha] Starting scrape…
2026-08-13 02:07:49  INFO      main  [Tapmad] Starting scrape…
2026-08-13 02:07:49  INFO      main  [MyCo] Starting scrape…
2026-08-13 02:07:49  INFO      main  [ShoqPK] Starting scrape…
2026-08-13 02:07:49  INFO      main  [MyCo] Found 0 channels
2026-08-13 02:07:49  INFO      main  [Tapmad] Found 0 channels
2026-08-13 02:07:49  INFO      main  [Tamasha] Found 0 channels
2026-08-13 02:07:49  INFO      main  [ShoqPK] Found 0 channels
2026-08-13 02:07:49  INFO      main  Total unique channels after merge: 0
2026-08-13 02:07:49  INFO      main  Validating 0 channels…
2026-08-13 02:07:49  INFO      main  Validation complete: 0 live, 0 dead (removed)
2026-08-13 02:07:49  INFO      main  Diff → +0 new, -0 removed
2026-08-13 02:07:49  INFO      main  Saved 0 channels → output/
2026-08-13 02:07:49  INFO      main  Scrape cycle complete.
2026-08-13 04:25:28  INFO      main  ============================================================
2026-08-13 04:25:28  INFO      main  Scrape cycle started at 2026-08-13 04:25:28
2026-08-13 04:25:28  INFO      main  [Tamasha] Starting scrape…
2026-08-13 04:25:28  INFO      main  [Tapmad] Starting scrape…
2026-08-13 04:25:28  INFO      main  [MyCo] Starting scrape…
2026-08-13 04:25:28  INFO      main  [ShoqPK] Starting scrape…
2026-08-13 04:25:28  INFO      main  [MyCo] Found 0 channels
2026-08-13 04:25:28  INFO      main  [Tapmad] Found 0 channels
2026-08-13 04:25:29  INFO      main  [ShoqPK] Found 0 channels
2026-08-13 04:25:29  INFO      main  [Tamasha] Found 0 channels
2026-08-13 04:25:29  INFO      main  Total unique channels after merge: 0
2026-08-13 04:25:29  INFO      main  Validating 0 channels…
2026-08-13 04:25:29  INFO      main  Validation complete: 0 live, 0 dead (removed)
2026-08-13 04:25:29  INFO      main  Diff → +0 new, -0 removed
2026-08-13 04:25:29  INFO      main  Saved 0 channels → output/
2026-08-13 04:25:29  INFO      main  Scrape cycle complete.
2026-08-13 05:57:56  INFO      main  ============================================================
2026-08-13 05:57:56  INFO      main  Scrape cycle started at 2026-08-13 05:57:56
2026-08-13 05:57:56  INFO      main  [Tamasha] Starting scrape…
2026-08-13 05:57:56  INFO      main  [Tapmad] Starting scrape…
2026-08-13 05:57:56  INFO      main  [MyCo] Starting scrape…
2026-08-13 05:57:56  INFO      main  [ShoqPK] Starting scrape…
2026-08-13 05:57:56  INFO      main  [Tapmad] Found 0 channels
2026-08-13 05:57:56  INFO      main  [MyCo] Found 0 channels
2026-08-13 05:57:56  INFO      main  [Tamasha] Found 0 channels
2026-08-13 05:57:56  INFO      main  [ShoqPK] Found 0 channels
2026-08-13 05:57:56  INFO      main  Total unique channels after merge: 0
2026-08-13 05:57:56  INFO      main  Validating 0 channels…
2026-08-13 05:57:56  INFO      main  Validation complete: 0 live, 0 dead (removed)
2026-08-13 05:57:56  INFO      main  Diff → +0 new, -0 removed
2026-08-13 05:57:56  INFO      main  Saved 0 channels → output/
2026-08-13 05:57:56  INFO      main  Scrape cycle complete.
2026-08-13 07:45:44  INFO      main  ============================================================
2026-08-13 07:45:44  INFO      main  Scrape cycle started at 2026-08-13 07:45:44
2026-08-13 07:45:44  INFO      main  [Tamasha] Starting scrape…
2026-08-13 07:45:44  INFO      main  [Tapmad] Starting scrape…
2026-08-13 07:45:44  INFO      main  [MyCo] Starting scrape…
2026-08-13 07:45:44  INFO      main  [ShoqPK] Starting scrape…
2026-08-13 07:45:44  INFO      main  [Tapmad] Found 0 channels
2026-08-13 07:45:45  INFO      main  [ShoqPK] Found 0 channels
2026-08-13 07:45:45  INFO      main  [MyCo] Found 0 channels
2026-08-13 07:45:45  INFO      main  [Tamasha] Found 0 channels
2026-08-13 07:45:45  INFO      main  Total unique channels after merge: 0
2026-08-13 07:45:45  INFO      main  Validating 0 channels…
2026-08-13 07:45:45  INFO      main  Validation complete: 0 live, 0 dead (removed)
2026-08-13 07:45:45  INFO      main  Diff → +0 new, -0 removed
2026-08-13 07:45:45  INFO      main  Saved 0 channels → output/
2026-08-13 07:45:45  INFO      main  Scrape cycle complete.
2026-08-13 09:14:00  INFO      main  ============================================================
2026-08-13 09:14:00  INFO      main  Scrape cycle started at 2026-08-13 09:14:00
2026-08-13 09:14:00  INFO      main  [Tamasha] Starting scrape…
2026-08-13 09:14:00  INFO      main  [Tapmad] Starting scrape…
2026-08-13 09:14:00  INFO      main  [MyCo] Starting scrape…
2026-08-13 09:14:00  INFO      main  [ShoqPK] Starting scrape…
2026-08-13 09:14:00  INFO      main  [Tapmad] Found 0 channels
2026-08-13 09:14:00  INFO      main  [Tamasha] Found 0 channels
2026-08-13 09:14:00  INFO      main  [MyCo] Found 0 channels
2026-08-13 09:14:00  INFO      main  [ShoqPK] Found 0 channels
2026-08-13 09:14:00  INFO      main  Total unique channels after merge: 0
2026-08-13 09:14:00  INFO      main  Validating 0 channels…
2026-08-13 09:14:00  INFO      main  Validation complete: 0 live, 0 dead (removed)
2026-08-13 09:14:00  INFO      main  Diff → +0 new, -0 removed
2026-08-13 09:14:00  INFO      main  Saved 0 channels → output/
2026-08-13 09:14:00  INFO      main  Scrape cycle complete.
2026-08-13 10:36:24  INFO      main  ============================================================
2026-08-13 10:36:24  INFO      main  Scrape cycle started at 2026-08-13 10:36:24
2026-08-13 10:36:24  INFO      main  [Tamasha] Starting scrape…
2026-08-13 10:36:24  INFO      main  [Tapmad] Starting scrape…
2026-08-13 10:36:24  INFO      main  [MyCo] Starting scrape…
2026-08-13 10:36:24  INFO      main  [ShoqPK] Starting scrape…
2026-08-13 10:36:24  INFO      main  [MyCo] Found 0 channels
2026-08-13 10:36:24  INFO      main  [Tapmad] Found 0 channels
2026-08-13 10:36:25  INFO      main  [ShoqPK] Found 0 channels
2026-08-13 10:36:25  INFO      main  [Tamasha] Found 0 channels
2026-08-13 10:36:25  INFO      main  Total unique channels after merge: 0
2026-08-13 10:36:25  INFO      main  Validating 0 channels…
2026-08-13 10:36:25  INFO      main  Validation complete: 0 live, 0 dead (removed)
2026-08-13 10:36:25  INFO      main  Diff → +0 new, -0 removed
2026-08-13 10:36:25  INFO      main  Saved 0 channels → output/
2026-08-13 10:36:25  INFO      main  Scrape cycle complete.
2026-08-13 11:49:27  INFO      main  ============================================================
2026-08-13 11:49:27  INFO      main  Scrape cycle started at 2026-08-13 11:49:27
2026-08-13 11:49:27  INFO      main  [Tamasha] Starting scrape…
2026-08-13 11:49:27  INFO      main  [Tapmad] Starting scrape…
2026-08-13 11:49:27  INFO      main  [MyCo] Starting scrape…
2026-08-13 11:49:27  INFO      main  [ShoqPK] Starting scrape…
2026-08-13 11:49:27  INFO      main  [MyCo] Found 0 channels
2026-08-13 11:49:27  INFO      main  [Tapmad] Found 0 channels
2026-08-13 11:49:27  INFO      main  [ShoqPK] Found 0 channels
2026-08-13 11:49:28  INFO      main  [Tamasha] Found 0 channels
2026-08-13 11:49:28  INFO      main  Total unique channels after merge: 0
2026-08-13 11:49:28  INFO      main  Validating 0 channels…
2026-08-13 11:49:28  INFO      main  Validation complete: 0 live, 0 dead (removed)
2026-08-13 11:49:28  INFO      main  Diff → +0 new, -0 removed
2026-08-13 11:49:28  INFO      main  Saved 0 channels → output/
2026-08-13 11:49:28  INFO      main  Scrape cycle complete.
2026-08-13 13:15:14  INFO      main  ============================================================
2026-08-13 13:15:14  INFO      main  Scrape cycle started at 2026-08-13 13:15:14
2026-08-13 13:15:14  INFO      main  [Tamasha] Starting scrape…
2026-08-13 13:15:14  INFO      main  [Tapmad] Starting scrape…
2026-08-13 13:15:14  INFO      main  [MyCo] Starting scrape…
2026-08-13 13:15:14  INFO      main  [ShoqPK] Starting scrape…
2026-08-13 13:15:14  INFO      main  [MyCo] Found 0 channels
2026-08-13 13:15:14  INFO      main  [Tapmad] Found 0 channels
2026-08-13 13:15:14  INFO      main  [ShoqPK] Found 0 channels
2026-08-13 13:15:15  INFO      main  [Tamasha] Found 0 channels
2026-08-13 13:15:15  INFO      main  Total unique channels after merge: 0
2026-08-13 13:15:15  INFO      main  Validating 0 channels…
2026-08-13 13:15:15  INFO      main  Validation complete: 0 live, 0 dead (removed)
2026-08-13 13:15:15  INFO      main  Diff → +0 new, -0 removed
2026-08-13 13:15:15  INFO      main  Saved 0 channels → output/
2026-08-13 13:15:15  INFO      main  Scrape cycle complete.
2026-08-13 15:59:56  INFO      main  ============================================================
2026-08-13 15:59:56  INFO      main  Scrape cycle started at 2026-08-13 15:59:56
2026-08-13 15:59:56  INFO      main  [Tamasha] Starting scrape…
2026-08-13 15:59:56  INFO      main  [Tapmad] Starting scrape…
2026-08-13 15:59:56  INFO      main  [MyCo] Starting scrape…
2026-08-13 15:59:56  INFO      main  [ShoqPK] Starting scrape…
2026-08-13 15:59:56  INFO      main  [MyCo] Found 0 channels
2026-08-13 15:59:56  INFO      main  [ShoqPK] Found 0 channels
2026-08-13 15:59:56  INFO      main  [Tapmad] Found 0 channels
2026-08-13 15:59:56  INFO      main  [Tamasha] Found 0 channels
2026-08-13 15:59:56  INFO      main  Total unique channels after merge: 0
2026-08-13 15:59:56  INFO      main  Validating 0 channels…
2026-08-13 15:59:56  INFO      main  Validation complete: 0 live, 0 dead (removed)
2026-08-13 15:59:56  INFO      main  Diff → +0 new, -0 removed
2026-08-13 15:59:56  INFO      main  Saved 0 channels → output/
2026-08-13 15:59:56  INFO      main  Scrape cycle complete.
2026-08-13 17:06:09  INFO      main  ============================================================
2026-08-13 17:06:09  INFO      main  Scrape cycle started at 2026-08-13 17:06:09
2026-08-13 17:06:09  INFO      main  [Tamasha] Starting scrape…
2026-08-13 17:06:09  INFO      main  [Tapmad] Starting scrape…
2026-08-13 17:06:09  INFO      main  [MyCo] Starting scrape…
2026-08-13 17:06:09  INFO      main  [ShoqPK] Starting scrape…
2026-08-13 17:06:09  INFO      main  [Tapmad] Found 0 channels
2026-08-13 17:06:10  INFO      main  [MyCo] Found 0 channels
2026-08-13 17:06:10  INFO      main  [ShoqPK] Found 0 channels
2026-08-13 17:06:10  INFO      main  [Tamasha] Found 0 channels
2026-08-13 17:06:10  INFO      main  Total unique channels after merge: 0
2026-08-13 17:06:10  INFO      main  Validating 0 channels…
2026-08-13 17:06:10  INFO      main  Validation complete: 0 live, 0 dead (removed)
2026-08-13 17:06:10  INFO      main  Diff → +0 new, -0 removed
2026-08-13 17:06:10  INFO      main  Saved 0 channels → output/
2026-08-13 17:06:10  INFO      main  Scrape cycle complete.
2026-08-13 18:27:33  INFO      main  ============================================================
2026-08-13 18:27:33  INFO      main  Scrape cycle started at 2026-08-13 18:27:33
2026-08-13 18:27:33  INFO      main  [Tamasha] Starting scrape…
2026-08-13 18:27:33  INFO      main  [Tapmad] Starting scrape…
2026-08-13 18:27:33  INFO      main  [MyCo] Starting scrape…
2026-08-13 18:27:33  INFO      main  [ShoqPK] Starting scrape…
2026-08-13 18:27:33  INFO      main  [Tapmad] Found 0 channels
2026-08-13 18:27:33  INFO      main  [MyCo] Found 0 channels
2026-08-13 18:27:33  INFO      main  [ShoqPK] Found 0 channels
2026-08-13 18:27:33  INFO      main  [Tamasha] Found 0 channels
2026-08-13 18:27:33  INFO      main  Total unique channels after merge: 0
2026-08-13 18:27:33  INFO      main  Validating 0 channels…
2026-08-13 18:27:33  INFO      main  Validation complete: 0 live, 0 dead (removed)
2026-08-13 18:27:33  INFO      main  Diff → +0 new, -0 removed
2026-08-13 18:27:33  INFO      main  Saved 0 channels → output/
2026-08-13 18:27:33  INFO      main  Scrape cycle complete.
2026-08-13 19:36:13  INFO      main  ============================================================
2026-08-13 19:36:13  INFO      main  Scrape cycle started at 2026-08-13 19:36:13
2026-08-13 19:36:13  INFO      main  [Tamasha] Starting scrape…
2026-08-13 19:36:13  INFO      main  [Tapmad] Starting scrape…
2026-08-13 19:36:13  INFO      main  [MyCo] Starting scrape…
2026-08-13 19:36:13  INFO      main  [ShoqPK] Starting scrape…
2026-08-13 19:36:13  INFO      main  [Tapmad] Found 0 channels
2026-08-13 19:36:13  INFO      main  [Tamasha] Found 0 channels
2026-08-13 19:36:13  INFO      main  [MyCo] Found 0 channels
2026-08-13 19:36:13  INFO      main  [ShoqPK] Found 0 channels
2026-08-13 19:36:13  INFO      main  Total unique channels after merge: 0
2026-08-13 19:36:13  INFO      main  Validating 0 channels…
2026-08-13 19:36:13  INFO      main  Validation complete: 0 live, 0 dead (removed)
2026-08-13 19:36:13  INFO      main  Diff → +0 new, -0 removed
2026-08-13 19:36:13  INFO      main  Saved 0 channels → output/
2026-08-13 19:36:13  INFO      main  Scrape cycle complete.
2026-08-13 20:45:24  INFO      main  ============================================================
2026-08-13 20:45:24  INFO      main  Scrape cycle started at 2026-08-13 20:45:24
2026-08-13 20:45:24  INFO      main  [Tamasha] Starting scrape…
2026-08-13 20:45:24  INFO      main  [Tapmad] Starting scrape…
2026-08-13 20:45:24  INFO      main  [MyCo] Starting scrape…
2026-08-13 20:45:24  INFO      main  [ShoqPK] Starting scrape…
2026-08-13 20:45:24  INFO      main  [MyCo] Found 0 channels
2026-08-13 20:45:24  INFO      main  [Tapmad] Found 0 channels
2026-08-13 20:45:25  INFO      main  [ShoqPK] Found 0 channels
2026-08-13 20:45:25  INFO      main  [Tamasha] Found 0 channels
2026-08-13 20:45:25  INFO      main  Total unique channels after merge: 0
2026-08-13 20:45:25  INFO      main  Validating 0 channels…
2026-08-13 20:45:25  INFO      main  Validation complete: 0 live, 0 dead (removed)
2026-08-13 20:45:25  INFO      main  Diff → +0 new, -0 removed
2026-08-13 20:45:25  INFO      main  Saved 0 channels → output/
2026-08-13 20:45:25  INFO      main  Scrape cycle complete.
2026-08-13 21:48:16  INFO      main  ============================================================
2026-08-13 21:48:16  INFO      main  Scrape cycle started at 2026-08-13 21:48:16
2026-08-13 21:48:16  INFO      main  [Tamasha] Starting scrape…
2026-08-13 21:48:16  INFO      main  [Tapmad] Starting scrape…
2026-08-13 21:48:16  INFO      main  [MyCo] Starting scrape…
2026-08-13 21:48:16  INFO      main  [ShoqPK] Starting scrape…
2026-08-13 21:48:16  INFO      main  [MyCo] Found 0 channels
2026-08-13 21:48:16  INFO      main  [Tapmad] Found 0 channels
2026-08-13 21:48:16  INFO      main  [ShoqPK] Found 0 channels
2026-08-13 21:48:16  INFO      main  [Tamasha] Found 0 channels
2026-08-13 21:48:16  INFO      main  Total unique channels after merge: 0
2026-08-13 21:48:16  INFO      main  Validating 0 channels…
2026-08-13 21:48:16  INFO      main  Validation complete: 0 live, 0 dead (removed)
2026-08-13 21:48:16  INFO      main  Diff → +0 new, -0 removed
2026-08-13 21:48:16  INFO      main  Saved 0 channels → output/
2026-08-13 21:48:16  INFO      main  Scrape cycle complete.
2026-08-13 22:43:52  INFO      main  ============================================================
2026-08-13 22:43:52  INFO      main  Scrape cycle started at 2026-08-13 22:43:52
2026-08-13 22:43:52  INFO      main  [Tamasha] Starting scrape…
2026-08-13 22:43:52  INFO      main  [Tapmad] Starting scrape…
2026-08-13 22:43:52  INFO      main  [MyCo] Starting scrape…
2026-08-13 22:43:52  INFO      main  [ShoqPK] Starting scrape…
2026-08-13 22:43:52  INFO      main  [MyCo] Found 0 channels
2026-08-13 22:43:53  INFO      main  [Tapmad] Found 0 channels
2026-08-13 22:43:53  INFO      main  [ShoqPK] Found 0 channels
2026-08-13 22:43:53  INFO      main  [Tamasha] Found 0 channels
2026-08-13 22:43:53  INFO      main  Total unique channels after merge: 0
2026-08-13 22:43:53  INFO      main  Validating 0 channels…
2026-08-13 22:43:53  INFO      main  Validation complete: 0 live, 0 dead (removed)
2026-08-13 22:43:53  INFO      main  Diff → +0 new, -0 removed
2026-08-13 22:43:53  INFO      main  Saved 0 channels → output/
2026-08-13 22:43:53  INFO      main  Scrape cycle complete.
2026-08-13 23:42:26  INFO      main  ============================================================
2026-08-13 23:42:26  INFO      main  Scrape cycle started at 2026-08-13 23:42:26
2026-08-13 23:42:26  INFO      main  [Tamasha] Starting scrape…
2026-08-13 23:42:26  INFO      main  [Tapmad] Starting scrape…
2026-08-13 23:42:26  INFO      main  [MyCo] Starting scrape…
2026-08-13 23:42:26  INFO      main  [ShoqPK] Starting scrape…
2026-08-13 23:42:26  INFO      main  [Tapmad] Found 0 channels
2026-08-13 23:42:26  INFO      main  [MyCo] Found 0 channels
2026-08-13 23:42:27  INFO      main  [ShoqPK] Found 0 channels
2026-08-13 23:42:27  INFO      main  [Tamasha] Found 0 channels
2026-08-13 23:42:27  INFO      main  Total unique channels after merge: 0
2026-08-13 23:42:27  INFO      main  Validating 0 channels…
2026-08-13 23:42:27  INFO      main  Validation complete: 0 live, 0 dead (removed)
2026-08-13 23:42:27  INFO      main  Diff → +0 new, -0 removed
2026-08-13 23:42:27  INFO      main  Saved 0 channels → output/
2026-08-13 23:42:27  INFO      main  Scrape cycle complete.
2026-08-14 02:05:31  INFO      main  ============================================================
2026-08-14 02:05:31  INFO      main  Scrape cycle started at 2026-08-14 02:05:31
2026-08-14 02:05:31  INFO      main  [Tamasha] Starting scrape…
2026-08-14 02:05:31  INFO      main  [Tapmad] Starting scrape…
2026-08-14 02:05:31  INFO      main  [MyCo] Starting scrape…
2026-08-14 02:05:31  INFO      main  [ShoqPK] Starting scrape…
2026-08-14 02:05:31  INFO      main  [Tapmad] Found 0 channels
2026-08-14 02:05:31  INFO      main  [MyCo] Found 0 channels
2026-08-14 02:05:32  INFO      main  [ShoqPK] Found 0 channels
2026-08-14 02:05:32  INFO      main  [Tamasha] Found 0 channels
2026-08-14 02:05:32  INFO      main  Total unique channels after merge: 0
2026-08-14 02:05:32  INFO      main  Validating 0 channels…
2026-08-14 02:05:32  INFO      main  Validation complete: 0 live, 0 dead (removed)
2026-08-14 02:05:32  INFO      main  Diff → +0 new, -0 removed
2026-08-14 02:05:32  INFO      main  Saved 0 channels → output/
2026-08-14 02:05:32  INFO      main  Scrape cycle complete.
2026-08-14 04:22:18  INFO      main  ============================================================
2026-08-14 04:22:18  INFO      main  Scrape cycle started at 2026-08-14 04:22:18
2026-08-14 04:22:18  INFO      main  [Tamasha] Starting scrape…
2026-08-14 04:22:18  INFO      main  [Tapmad] Starting scrape…
2026-08-14 04:22:18  INFO      main  [MyCo] Starting scrape…
2026-08-14 04:22:18  INFO      main  [ShoqPK] Starting scrape…
2026-08-14 04:22:18  INFO      main  [Tapmad] Found 0 channels
2026-08-14 04:22:18  INFO      main  [MyCo] Found 0 channels
2026-08-14 04:22:18  INFO      main  [ShoqPK] Found 0 channels
2026-08-14 04:22:18  INFO      main  [Tamasha] Found 0 channels
2026-08-14 04:22:18  INFO      main  Total unique channels after merge: 0
2026-08-14 04:22:18  INFO      main  Validating 0 channels…
2026-08-14 04:22:18  INFO      main  Validation complete: 0 live, 0 dead (removed)
2026-08-14 04:22:18  INFO      main  Diff → +0 new, -0 removed
2026-08-14 04:22:18  INFO      main  Saved 0 channels → output/
2026-08-14 04:22:18  INFO      main  Scrape cycle complete.
2026-08-14 05:56:32  INFO      main  ============================================================
2026-08-14 05:56:32  INFO      main  Scrape cycle started at 2026-08-14 05:56:32
2026-08-14 05:56:32  INFO      main  [Tamasha] Starting scrape…
2026-08-14 05:56:32  INFO      main  [Tapmad] Starting scrape…
2026-08-14 05:56:32  INFO      main  [MyCo] Starting scrape…
2026-08-14 05:56:32  INFO      main  [ShoqPK] Starting scrape…
2026-08-14 05:56:32  INFO      main  [MyCo] Found 0 channels
2026-08-14 05:56:32  INFO      main  [Tapmad] Found 0 channels
2026-08-14 05:56:32  INFO      main  [ShoqPK] Found 0 channels
2026-08-14 05:56:33  INFO      main  [Tamasha] Found 0 channels
2026-08-14 05:56:33  INFO      main  Total unique channels after merge: 0
2026-08-14 05:56:33  INFO      main  Validating 0 channels…
2026-08-14 05:56:33  INFO      main  Validation complete: 0 live, 0 dead (removed)
2026-08-14 05:56:33  INFO      main  Diff → +0 new, -0 removed
2026-08-14 05:56:33  INFO      main  Saved 0 channels → output/
2026-08-14 05:56:33  INFO      main  Scrape cycle complete.
2026-08-14 07:39:53  INFO      main  ============================================================
2026-08-14 07:39:53  INFO      main  Scrape cycle started at 2026-08-14 07:39:53
2026-08-14 07:39:53  INFO      main  [Tamasha] Starting scrape…
2026-08-14 07:39:53  INFO      main  [Tapmad] Starting scrape…
2026-08-14 07:39:53  INFO      main  [MyCo] Starting scrape…
2026-08-14 07:39:53  INFO      main  [ShoqPK] Starting scrape…
2026-08-14 07:39:53  INFO      main  [MyCo] Found 0 channels
2026-08-14 07:39:53  INFO      main  [Tapmad] Found 0 channels
2026-08-14 07:39:54  INFO      main  [ShoqPK] Found 0 channels
2026-08-14 07:39:54  INFO      main  [Tamasha] Found 0 channels
2026-08-14 07:39:54  INFO      main  Total unique channels after merge: 0
2026-08-14 07:39:54  INFO      main  Validating 0 channels…
2026-08-14 07:39:54  INFO      main  Validation complete: 0 live, 0 dead (removed)
2026-08-14 07:39:54  INFO      main  Diff → +0 new, -0 removed
2026-08-14 07:39:54  INFO      main  Saved 0 channels → output/
2026-08-14 07:39:54  INFO      main  Scrape cycle complete.
2026-08-14 09:08:44  INFO      main  ============================================================
2026-08-14 09:08:44  INFO      main  Scrape cycle started at 2026-08-14 09:08:44
2026-08-14 09:08:44  INFO      main  [Tamasha] Starting scrape…
2026-08-14 09:08:44  INFO      main  [Tapmad] Starting scrape…
2026-08-14 09:08:44  INFO      main  [MyCo] Starting scrape…
2026-08-14 09:08:44  INFO      main  [ShoqPK] Starting scrape…
2026-08-14 09:08:44  INFO      main  [Tapmad] Found 0 channels
2026-08-14 09:08:44  INFO      main  [MyCo] Found 0 channels
2026-08-14 09:08:44  INFO      main  [ShoqPK] Found 0 channels
2026-08-14 09:08:45  INFO      main  [Tamasha] Found 0 channels
2026-08-14 09:08:45  INFO      main  Total unique channels after merge: 0
2026-08-14 09:08:45  INFO      main  Validating 0 channels…
2026-08-14 09:08:45  INFO      main  Validation complete: 0 live, 0 dead (removed)
2026-08-14 09:08:45  INFO      main  Diff → +0 new, -0 removed
2026-08-14 09:08:45  INFO      main  Saved 0 channels → output/
2026-08-14 09:08:45  INFO      main  Scrape cycle complete.
2026-08-14 10:32:54  INFO      main  ============================================================
2026-08-14 10:32:54  INFO      main  Scrape cycle started at 2026-08-14 10:32:54
2026-08-14 10:32:54  INFO      main  [Tamasha] Starting scrape…
2026-08-14 10:32:54  INFO      main  [Tapmad] Starting scrape…
2026-08-14 10:32:54  INFO      main  [MyCo] Starting scrape…
2026-08-14 10:32:54  INFO      main  [ShoqPK] Starting scrape…
2026-08-14 10:32:54  INFO      main  [MyCo] Found 0 channels
2026-08-14 10:32:54  INFO      main  [Tapmad] Found 0 channels
2026-08-14 10:32:54  INFO      main  [ShoqPK] Found 0 channels
2026-08-14 10:32:54  INFO      main  [Tamasha] Found 0 channels
2026-08-14 10:32:54  INFO      main  Total unique channels after merge: 0
2026-08-14 10:32:54  INFO      main  Validating 0 channels…
2026-08-14 10:32:54  INFO      main  Validation complete: 0 live, 0 dead (removed)
2026-08-14 10:32:54  INFO      main  Diff → +0 new, -0 removed
2026-08-14 10:32:54  INFO      main  Saved 0 channels → output/
2026-08-14 10:32:54  INFO      main  Scrape cycle complete.
2026-08-14 11:44:39  INFO      main  ============================================================
2026-08-14 11:44:39  INFO      main  Scrape cycle started at 2026-08-14 11:44:39
2026-08-14 11:44:39  INFO      main  [Tamasha] Starting scrape…
2026-08-14 11:44:39  INFO      main  [Tapmad] Starting scrape…
2026-08-14 11:44:39  INFO      main  [MyCo] Starting scrape…
2026-08-14 11:44:39  INFO      main  [ShoqPK] Starting scrape…
2026-08-14 11:44:39  INFO      main  [Tapmad] Found 0 channels
2026-08-14 11:44:40  INFO      main  [MyCo] Found 0 channels
2026-08-14 11:44:40  INFO      main  [ShoqPK] Found 0 channels
2026-08-14 11:44:40  INFO      main  [Tamasha] Found 0 channels
2026-08-14 11:44:40  INFO      main  Total unique channels after merge: 0
2026-08-14 11:44:40  INFO      main  Validating 0 channels…
2026-08-14 11:44:40  INFO      main  Validation complete: 0 live, 0 dead (removed)
2026-08-14 11:44:40  INFO      main  Diff → +0 new, -0 removed
2026-08-14 11:44:40  INFO      main  Saved 0 channels → output/
2026-08-14 11:44:40  INFO      main  Scrape cycle complete.
2026-08-14 13:10:13  INFO      main  ============================================================
2026-08-14 13:10:13  INFO      main  Scrape cycle started at 2026-08-14 13:10:13
2026-08-14 13:10:13  INFO      main  [Tamasha] Starting scrape…
2026-08-14 13:10:13  INFO      main  [Tapmad] Starting scrape…
2026-08-14 13:10:13  INFO      main  [MyCo] Starting scrape…
2026-08-14 13:10:13  INFO      main  [ShoqPK] Starting scrape…
2026-08-14 13:10:13  INFO      main  [MyCo] Found 0 channels
2026-08-14 13:10:13  INFO      main  [Tapmad] Found 0 channels
2026-08-14 13:10:13  INFO      main  [Tamasha] Found 0 channels
2026-08-14 13:10:13  INFO      main  [ShoqPK] Found 0 channels
2026-08-14 13:10:13  INFO      main  Total unique channels after merge: 0
2026-08-14 13:10:13  INFO      main  Validating 0 channels…
2026-08-14 13:10:13  INFO      main  Validation complete: 0 live, 0 dead (removed)
2026-08-14 13:10:13  INFO      main  Diff → +0 new, -0 removed
2026-08-14 13:10:13  INFO      main  Saved 0 channels → output/
2026-08-14 13:10:13  INFO      main  Scrape cycle complete.
2026-08-14 14:30:56  INFO      main  ============================================================
2026-08-14 14:30:56  INFO      main  Scrape cycle started at 2026-08-14 14:30:56
2026-08-14 14:30:56  INFO      main  [Tamasha] Starting scrape…
2026-08-14 14:30:56  INFO      main  [Tapmad] Starting scrape…
2026-08-14 14:30:56  INFO      main  [MyCo] Starting scrape…
2026-08-14 14:30:56  INFO      main  [ShoqPK] Starting scrape…
2026-08-14 14:30:56  INFO      main  [Tapmad] Found 0 channels
2026-08-14 14:30:57  INFO      main  [MyCo] Found 0 channels
2026-08-14 14:30:57  INFO      main  [Tamasha] Found 0 channels
2026-08-14 14:30:57  INFO      main  [ShoqPK] Found 0 channels
2026-08-14 14:30:57  INFO      main  Total unique channels after merge: 0
2026-08-14 14:30:57  INFO      main  Validating 0 channels…
2026-08-14 14:30:57  INFO      main  Validation complete: 0 live, 0 dead (removed)
2026-08-14 14:30:57  INFO      main  Diff → +0 new, -0 removed
2026-08-14 14:30:57  INFO      main  Saved 0 channels → output/
2026-08-14 14:30:57  INFO      main  Scrape cycle complete.
2026-08-14 15:53:34  INFO      main  ============================================================
2026-08-14 15:53:34  INFO      main  Scrape cycle started at 2026-08-14 15:53:34
2026-08-14 15:53:34  INFO      main  [Tamasha] Starting scrape…
2026-08-14 15:53:34  INFO      main  [Tapmad] Starting scrape…
2026-08-14 15:53:34  INFO      main  [MyCo] Starting scrape…
2026-08-14 15:53:34  INFO      main  [ShoqPK] Starting scrape…
2026-08-14 15:53:34  INFO      main  [Tapmad] Found 0 channels
2026-08-14 15:53:34  INFO      main  [MyCo] Found 0 channels
2026-08-14 15:53:34  INFO      main  [ShoqPK] Found 0 channels
2026-08-14 15:53:35  INFO      main  [Tamasha] Found 0 channels
2026-08-14 15:53:35  INFO      main  Total unique channels after merge: 0
2026-08-14 15:53:35  INFO      main  Validating 0 channels…
2026-08-14 15:53:35  INFO      main  Validation complete: 0 live, 0 dead (removed)
2026-08-14 15:53:35  INFO      main  Diff → +0 new, -0 removed
2026-08-14 15:53:35  INFO      main  Saved 0 channels → output/
2026-08-14 15:53:35  INFO      main  Scrape cycle complete.
2026-08-14 16:55:15  INFO      main  ============================================================
2026-08-14 16:55:15  INFO      main  Scrape cycle started at 2026-08-14 16:55:15
2026-08-14 16:55:15  INFO      main  [Tamasha] Starting scrape…
2026-08-14 16:55:15  INFO      main  [Tapmad] Starting scrape…
2026-08-14 16:55:15  INFO      main  [MyCo] Starting scrape…
2026-08-14 16:55:15  INFO      main  [ShoqPK] Starting scrape…
2026-08-14 16:55:15  INFO      main  [MyCo] Found 0 channels
2026-08-14 16:55:15  INFO      main  [Tapmad] Found 0 channels
2026-08-14 16:55:15  INFO      main  [ShoqPK] Found 0 channels
2026-08-14 16:55:15  INFO      main  [Tamasha] Found 0 channels
2026-08-14 16:55:15  INFO      main  Total unique channels after merge: 0
2026-08-14 16:55:15  INFO      main  Validating 0 channels…
2026-08-14 16:55:15  INFO      main  Validation complete: 0 live, 0 dead (removed)
2026-08-14 16:55:15  INFO      main  Diff → +0 new, -0 removed
2026-08-14 16:55:15  INFO      main  Saved 0 channels → output/
2026-08-14 16:55:15  INFO      main  Scrape cycle complete.
2026-08-14 17:54:20  INFO      main  ============================================================
2026-08-14 17:54:20  INFO      main  Scrape cycle started at 2026-08-14 17:54:20
2026-08-14 17:54:20  INFO      main  [Tamasha] Starting scrape…
2026-08-14 17:54:20  INFO      main  [Tapmad] Starting scrape…
2026-08-14 17:54:20  INFO      main  [MyCo] Starting scrape…
2026-08-14 17:54:20  INFO      main  [ShoqPK] Starting scrape…
2026-08-14 17:54:20  INFO      main  [MyCo] Found 0 channels
2026-08-14 17:54:20  INFO      main  [Tamasha] Found 0 channels
2026-08-14 17:54:20  INFO      main  [Tapmad] Found 0 channels
2026-08-14 17:54:20  INFO      main  [ShoqPK] Found 0 channels
2026-08-14 17:54:20  INFO      main  Total unique channels after merge: 0
2026-08-14 17:54:20  INFO      main  Validating 0 channels…
2026-08-14 17:54:20  INFO      main  Validation complete: 0 live, 0 dead (removed)
2026-08-14 17:54:20  INFO      main  Diff → +0 new, -0 removed
2026-08-14 17:54:20  INFO      main  Saved 0 channels → output/
2026-08-14 17:54:20  INFO      main  Scrape cycle complete.
2026-08-14 18:56:30  INFO      main  ============================================================
2026-08-14 18:56:30  INFO      main  Scrape cycle started at 2026-08-14 18:56:30
2026-08-14 18:56:30  INFO      main  [Tamasha] Starting scrape…
2026-08-14 18:56:30  INFO      main  [Tapmad] Starting scrape…
2026-08-14 18:56:30  INFO      main  [MyCo] Starting scrape…
2026-08-14 18:56:30  INFO      main  [ShoqPK] Starting scrape…
2026-08-14 18:56:30  INFO      main  [Tapmad] Found 0 channels
2026-08-14 18:56:30  INFO      main  [MyCo] Found 0 channels
2026-08-14 18:56:30  INFO      main  [Tamasha] Found 0 channels
2026-08-14 18:56:30  INFO      main  [ShoqPK] Found 0 channels
2026-08-14 18:56:30  INFO      main  Total unique channels after merge: 0
2026-08-14 18:56:30  INFO      main  Validating 0 channels…
2026-08-14 18:56:30  INFO      main  Validation complete: 0 live, 0 dead (removed)
2026-08-14 18:56:30  INFO      main  Diff → +0 new, -0 removed
2026-08-14 18:56:30  INFO      main  Saved 0 channels → output/
2026-08-14 18:56:30  INFO      main  Scrape cycle complete.
2026-08-14 19:50:03  INFO      main  ============================================================
2026-08-14 19:50:03  INFO      main  Scrape cycle started at 2026-08-14 19:50:03
2026-08-14 19:50:03  INFO      main  [Tamasha] Starting scrape…
2026-08-14 19:50:03  INFO      main  [Tapmad] Starting scrape…
2026-08-14 19:50:03  INFO      main  [MyCo] Starting scrape…
2026-08-14 19:50:03  INFO      main  [ShoqPK] Starting scrape…
2026-08-14 19:50:03  INFO      main  [Tapmad] Found 0 channels
2026-08-14 19:50:03  INFO      main  [MyCo] Found 0 channels
2026-08-14 19:50:03  INFO      main  [ShoqPK] Found 0 channels
2026-08-14 19:50:03  INFO      main  [Tamasha] Found 0 channels
2026-08-14 19:50:03  INFO      main  Total unique channels after merge: 0
2026-08-14 19:50:03  INFO      main  Validating 0 channels…
2026-08-14 19:50:03  INFO      main  Validation complete: 0 live, 0 dead (removed)
2026-08-14 19:50:03  INFO      main  Diff → +0 new, -0 removed
2026-08-14 19:50:03  INFO      main  Saved 0 channels → output/
2026-08-14 19:50:03  INFO      main  Scrape cycle complete.
2026-08-14 20:32:45  INFO      main  ============================================================
2026-08-14 20:32:45  INFO      main  Scrape cycle started at 2026-08-14 20:32:45
2026-08-14 20:32:45  INFO      main  [Tamasha] Starting scrape…
2026-08-14 20:32:45  INFO      main  [Tapmad] Starting scrape…
2026-08-14 20:32:45  INFO      main  [MyCo] Starting scrape…
2026-08-14 20:32:45  INFO      main  [ShoqPK] Starting scrape…
2026-08-14 20:32:45  INFO      main  [Tapmad] Found 0 channels
2026-08-14 20:32:45  INFO      main  [ShoqPK] Found 0 channels
2026-08-14 20:32:45  INFO      main  [MyCo] Found 0 channels
2026-08-14 20:32:45  INFO      main  [Tamasha] Found 0 channels
2026-08-14 20:32:45  INFO      main  Total unique channels after merge: 0
2026-08-14 20:32:45  INFO      main  Validating 0 channels…
2026-08-14 20:32:45  INFO      main  Validation complete: 0 live, 0 dead (removed)
2026-08-14 20:32:45  INFO      main  Diff → +0 new, -0 removed
2026-08-14 20:32:45  INFO      main  Saved 0 channels → output/
2026-08-14 20:32:45  INFO      main  Scrape cycle complete.
2026-08-14 21:26:37  INFO      main  ============================================================
2026-08-14 21:26:37  INFO      main  Scrape cycle started at 2026-08-14 21:26:37
2026-08-14 21:26:37  INFO      main  [Tamasha] Starting scrape…
2026-08-14 21:26:37  INFO      main  [Tapmad] Starting scrape…
2026-08-14 21:26:37  INFO      main  [MyCo] Starting scrape…
2026-08-14 21:26:37  INFO      main  [ShoqPK] Starting scrape…
2026-08-14 21:26:37  INFO      main  [Tapmad] Found 0 channels
2026-08-14 21:26:37  INFO      main  [MyCo] Found 0 channels
2026-08-14 21:26:37  INFO      main  [ShoqPK] Found 0 channels
2026-08-14 21:26:37  INFO      main  [Tamasha] Found 0 channels
2026-08-14 21:26:37  INFO      main  Total unique channels after merge: 0
2026-08-14 21:26:37  INFO      main  Validating 0 channels…
2026-08-14 21:26:37  INFO      main  Validation complete: 0 live, 0 dead (removed)
2026-08-14 21:26:37  INFO      main  Diff → +0 new, -0 removed
2026-08-14 21:26:37  INFO      main  Saved 0 channels → output/
2026-08-14 21:26:37  INFO      main  Scrape cycle complete.
2026-08-14 21:51:03  INFO      main  ============================================================
2026-08-14 21:51:03  INFO      main  Scrape cycle started at 2026-08-14 21:51:03
2026-08-14 21:51:03  INFO      main  [Tamasha] Starting scrape…
2026-08-14 21:51:03  INFO      main  [Tapmad] Starting scrape…
2026-08-14 21:51:03  INFO      main  [MyCo] Starting scrape…
2026-08-14 21:51:03  INFO      main  [ShoqPK] Starting scrape…
2026-08-14 21:51:03  INFO      main  [Tapmad] Found 0 channels
2026-08-14 21:51:03  INFO      main  [MyCo] Found 0 channels
2026-08-14 21:51:03  INFO      main  [ShoqPK] Found 0 channels
2026-08-14 21:51:03  INFO      main  [Tamasha] Found 0 channels
2026-08-14 21:51:03  INFO      main  Total unique channels after merge: 0
2026-08-14 21:51:03  INFO      main  Validating 0 channels…
2026-08-14 21:51:03  INFO      main  Validation complete: 0 live, 0 dead (removed)
2026-08-14 21:51:03  INFO      main  Diff → +0 new, -0 removed
2026-08-14 21:51:03  INFO      main  Saved 0 channels → output/
2026-08-14 21:51:03  INFO      main  Scrape cycle complete.
2026-08-14 22:24:49  INFO      main  ============================================================
2026-08-14 22:24:49  INFO      main  Scrape cycle started at 2026-08-14 22:24:49
2026-08-14 22:24:49  INFO      main  [Tamasha] Starting scrape…
2026-08-14 22:24:49  INFO      main  [Tapmad] Starting scrape…
2026-08-14 22:24:49  INFO      main  [MyCo] Starting scrape…
2026-08-14 22:24:49  INFO      main  [ShoqPK] Starting scrape…
2026-08-14 22:24:49  INFO      main  [MyCo] Found 0 channels
2026-08-14 22:24:49  INFO      main  [Tapmad] Found 0 channels
2026-08-14 22:24:49  INFO      main  [Tamasha] Found 0 channels
2026-08-14 22:24:49  INFO      main  [ShoqPK] Found 0 channels
2026-08-14 22:24:49  INFO      main  Total unique channels after merge: 0
2026-08-14 22:24:49  INFO      main  Validating 0 channels…
2026-08-14 22:24:49  INFO      main  Validation complete: 0 live, 0 dead (removed)
2026-08-14 22:24:49  INFO      main  Diff → +0 new, -0 removed
2026-08-14 22:24:49  INFO      main  Saved 0 channels → output/
2026-08-14 22:24:49  INFO      main  Scrape cycle complete.
2026-08-14 22:50:43  INFO      main  ============================================================
2026-08-14 22:50:43  INFO      main  Scrape cycle started at 2026-08-14 22:50:43
2026-08-14 22:50:43  INFO      main  [Tamasha] Starting scrape…
2026-08-14 22:50:43  INFO      main  [Tapmad] Starting scrape…
2026-08-14 22:50:43  INFO      main  [MyCo] Starting scrape…
2026-08-14 22:50:43  INFO      main  [ShoqPK] Starting scrape…
2026-08-14 22:50:43  INFO      main  [MyCo] Found 0 channels
2026-08-14 22:50:44  INFO      main  [Tapmad] Found 0 channels
2026-08-14 22:50:44  INFO      main  [ShoqPK] Found 0 channels
2026-08-14 22:50:44  INFO      main  [Tamasha] Found 0 channels
2026-08-14 22:50:44  INFO      main  Total unique channels after merge: 0
2026-08-14 22:50:44  INFO      main  Validating 0 channels…
2026-08-14 22:50:44  INFO      main  Validation complete: 0 live, 0 dead (removed)
2026-08-14 22:50:44  INFO      main  Diff → +0 new, -0 removed
2026-08-14 22:50:44  INFO      main  Saved 0 channels → output/
2026-08-14 22:50:44  INFO      main  Scrape cycle complete.
2026-08-14 23:23:20  INFO      main  ============================================================
2026-08-14 23:23:20  INFO      main  Scrape cycle started at 2026-08-14 23:23:20
2026-08-14 23:23:20  INFO      main  [Tamasha] Starting scrape…
2026-08-14 23:23:20  INFO      main  [Tapmad] Starting scrape…
2026-08-14 23:23:20  INFO      main  [MyCo] Starting scrape…
2026-08-14 23:23:20  INFO      main  [ShoqPK] Starting scrape…
2026-08-14 23:23:20  INFO      main  [Tapmad] Found 0 channels
2026-08-14 23:23:20  INFO      main  [ShoqPK] Found 0 channels
2026-08-14 23:23:20  INFO      main  [MyCo] Found 0 channels
2026-08-14 23:23:20  INFO      main  [Tamasha] Found 0 channels
2026-08-14 23:23:20  INFO      main  Total unique channels after merge: 0
2026-08-14 23:23:20  INFO      main  Validating 0 channels…
2026-08-14 23:23:20  INFO      main  Validation complete: 0 live, 0 dead (removed)
2026-08-14 23:23:20  INFO      main  Diff → +0 new, -0 removed
2026-08-14 23:23:20  INFO      main  Saved 0 channels → output/
2026-08-14 23:23:20  INFO      main  Scrape cycle complete.
2026-08-14 23:48:48  INFO      main  ============================================================
2026-08-14 23:48:48  INFO      main  Scrape cycle started at 2026-08-14 23:48:48
2026-08-14 23:48:48  INFO      main  [Tamasha] Starting scrape…
2026-08-14 23:48:48  INFO      main  [Tapmad] Starting scrape…
2026-08-14 23:48:48  INFO      main  [MyCo] Starting scrape…
2026-08-14 23:48:48  INFO      main  [ShoqPK] Starting scrape…
2026-08-14 23:48:48  INFO      main  [Tapmad] Found 0 channels
2026-08-14 23:48:48  INFO      main  [MyCo] Found 0 channels
2026-08-14 23:48:49  INFO      main  [ShoqPK] Found 0 channels
2026-08-14 23:48:49  INFO      main  [Tamasha] Found 0 channels
2026-08-14 23:48:49  INFO      main  Total unique channels after merge: 0
2026-08-14 23:48:49  INFO      main  Validating 0 channels…
2026-08-14 23:48:49  INFO      main  Validation complete: 0 live, 0 dead (removed)
2026-08-14 23:48:49  INFO      main  Diff → +0 new, -0 removed
2026-08-14 23:48:49  INFO      main  Saved 0 channels → output/
2026-08-14 23:48:49  INFO      main  Scrape cycle complete.
2026-08-15 01:19:45  INFO      main  ============================================================
2026-08-15 01:19:45  INFO      main  Scrape cycle started at 2026-08-15 01:19:45
2026-08-15 01:19:45  INFO      main  [Tamasha] Starting scrape…
2026-08-15 01:19:45  INFO      main  [Tapmad] Starting scrape…
2026-08-15 01:19:45  INFO      main  [MyCo] Starting scrape…
2026-08-15 01:19:45  INFO      main  [ShoqPK] Starting scrape…
2026-08-15 01:19:45  INFO      main  [Tapmad] Found 0 channels
2026-08-15 01:19:45  INFO      main  [Tamasha] Found 0 channels
2026-08-15 01:19:46  INFO      main  [MyCo] Found 0 channels
2026-08-15 01:19:46  INFO      main  [ShoqPK] Found 0 channels
2026-08-15 01:19:46  INFO      main  Total unique channels after merge: 0
2026-08-15 01:19:46  INFO      main  Validating 0 channels…
2026-08-15 01:19:46  INFO      main  Validation complete: 0 live, 0 dead (removed)
2026-08-15 01:19:46  INFO      main  Diff → +0 new, -0 removed
2026-08-15 01:19:46  INFO      main  Saved 0 channels → output/
2026-08-15 01:19:46  INFO      main  Scrape cycle complete.
2026-08-15 02:33:34  INFO      main  ============================================================
2026-08-15 02:33:34  INFO      main  Scrape cycle started at 2026-08-15 02:33:34
2026-08-15 02:33:34  INFO      main  [Tamasha] Starting scrape…
2026-08-15 02:33:34  INFO      main  [Tapmad] Starting scrape…
2026-08-15 02:33:34  INFO      main  [MyCo] Starting scrape…
2026-08-15 02:33:34  INFO      main  [ShoqPK] Starting scrape…
2026-08-15 02:33:34  INFO      main  [Tapmad] Found 0 channels
2026-08-15 02:33:34  INFO      main  [MyCo] Found 0 channels
2026-08-15 02:33:34  INFO      main  [ShoqPK] Found 0 channels
2026-08-15 02:33:34  INFO      main  [Tamasha] Found 0 channels
2026-08-15 02:33:34  INFO      main  Total unique channels after merge: 0
2026-08-15 02:33:34  INFO      main  Validating 0 channels…
2026-08-15 02:33:34  INFO      main  Validation complete: 0 live, 0 dead (removed)
2026-08-15 02:33:34  INFO      main  Diff → +0 new, -0 removed
2026-08-15 02:33:34  INFO      main  Saved 0 channels → output/
2026-08-15 02:33:34  INFO      main  Scrape cycle complete.
2026-08-15 03:40:23  INFO      main  ============================================================
2026-08-15 03:40:23  INFO      main  Scrape cycle started at 2026-08-15 03:40:23
2026-08-15 03:40:23  INFO      main  [Tamasha] Starting scrape…
2026-08-15 03:40:23  INFO      main  [Tapmad] Starting scrape…
2026-08-15 03:40:23  INFO      main  [MyCo] Starting scrape…
2026-08-15 03:40:23  INFO      main  [ShoqPK] Starting scrape…
2026-08-15 03:40:23  INFO      main  [Tapmad] Found 0 channels
2026-08-15 03:40:23  INFO      main  [MyCo] Found 0 channels
2026-08-15 03:40:24  INFO      main  [Tamasha] Found 0 channels
2026-08-15 03:40:24  INFO      main  [ShoqPK] Found 0 channels
2026-08-15 03:40:24  INFO      main  Total unique channels after merge: 0
2026-08-15 03:40:24  INFO      main  Validating 0 channels…
2026-08-15 03:40:24  INFO      main  Validation complete: 0 live, 0 dead (removed)
2026-08-15 03:40:24  INFO      main  Diff → +0 new, -0 removed
2026-08-15 03:40:24  INFO      main  Saved 0 channels → output/
2026-08-15 03:40:24  INFO      main  Scrape cycle complete.
2026-08-15 04:33:22  INFO      main  ============================================================
2026-08-15 04:33:22  INFO      main  Scrape cycle started at 2026-08-15 04:33:22
2026-08-15 04:33:22  INFO      main  [Tamasha] Starting scrape…
2026-08-15 04:33:22  INFO      main  [Tapmad] Starting scrape…
2026-08-15 04:33:22  INFO      main  [MyCo] Starting scrape…
2026-08-15 04:33:22  INFO      main  [ShoqPK] Starting scrape…
2026-08-15 04:33:22  INFO      main  [MyCo] Found 0 channels
2026-08-15 04:33:22  INFO      main  [Tapmad] Found 0 channels
2026-08-15 04:33:23  INFO      main  [ShoqPK] Found 0 channels
2026-08-15 04:33:23  INFO      main  [Tamasha] Found 0 channels
2026-08-15 04:33:23  INFO      main  Total unique channels after merge: 0
2026-08-15 04:33:23  INFO      main  Validating 0 channels…
2026-08-15 04:33:23  INFO      main  Validation complete: 0 live, 0 dead (removed)
2026-08-15 04:33:23  INFO      main  Diff → +0 new, -0 removed
2026-08-15 04:33:23  INFO      main  Saved 0 channels → output/
2026-08-15 04:33:23  INFO      main  Scrape cycle complete.
2026-08-15 05:26:21  INFO      main  ============================================================
2026-08-15 05:26:21  INFO      main  Scrape cycle started at 2026-08-15 05:26:21
2026-08-15 05:26:21  INFO      main  [Tamasha] Starting scrape…
2026-08-15 05:26:21  INFO      main  [Tapmad] Starting scrape…
2026-08-15 05:26:21  INFO      main  [MyCo] Starting scrape…
2026-08-15 05:26:21  INFO      main  [ShoqPK] Starting scrape…
2026-08-15 05:26:22  INFO      main  [Tapmad] Found 0 channels
2026-08-15 05:26:22  INFO      main  [MyCo] Found 0 channels
2026-08-15 05:26:22  INFO      main  [ShoqPK] Found 0 channels
2026-08-15 05:26:22  INFO      main  [Tamasha] Found 0 channels
2026-08-15 05:26:22  INFO      main  Total unique channels after merge: 0
2026-08-15 05:26:22  INFO      main  Validating 0 channels…
2026-08-15 05:26:22  INFO      main  Validation complete: 0 live, 0 dead (removed)
2026-08-15 05:26:22  INFO      main  Diff → +0 new, -0 removed
2026-08-15 05:26:22  INFO      main  Saved 0 channels → output/
2026-08-15 05:26:22  INFO      main  Scrape cycle complete.
2026-08-15 05:52:17  INFO      main  ============================================================
2026-08-15 05:52:17  INFO      main  Scrape cycle started at 2026-08-15 05:52:17
2026-08-15 05:52:17  INFO      main  [Tamasha] Starting scrape…
2026-08-15 05:52:17  INFO      main  [Tapmad] Starting scrape…
2026-08-15 05:52:17  INFO      main  [MyCo] Starting scrape…
2026-08-15 05:52:17  INFO      main  [ShoqPK] Starting scrape…
2026-08-15 05:52:17  INFO      main  [MyCo] Found 0 channels
2026-08-15 05:52:17  INFO      main  [Tapmad] Found 0 channels
2026-08-15 05:52:18  INFO      main  [ShoqPK] Found 0 channels
2026-08-15 05:52:18  INFO      main  [Tamasha] Found 0 channels
2026-08-15 05:52:18  INFO      main  Total unique channels after merge: 0
2026-08-15 05:52:18  INFO      main  Validating 0 channels…
2026-08-15 05:52:18  INFO      main  Validation complete: 0 live, 0 dead (removed)
2026-08-15 05:52:18  INFO      main  Diff → +0 new, -0 removed
2026-08-15 05:52:18  INFO      main  Saved 0 channels → output/
2026-08-15 05:52:18  INFO      main  Scrape cycle complete.
2026-08-15 06:40:35  INFO      main  ============================================================
2026-08-15 06:40:35  INFO      main  Scrape cycle started at 2026-08-15 06:40:35
2026-08-15 06:40:35  INFO      main  [Tamasha] Starting scrape…
2026-08-15 06:40:35  INFO      main  [Tapmad] Starting scrape…
2026-08-15 06:40:35  INFO      main  [MyCo] Starting scrape…
2026-08-15 06:40:35  INFO      main  [ShoqPK] Starting scrape…
2026-08-15 06:40:35  INFO      main  [Tapmad] Found 0 channels
2026-08-15 06:40:36  INFO      main  [MyCo] Found 0 channels
2026-08-15 06:40:36  INFO      main  [ShoqPK] Found 0 channels
2026-08-15 06:40:36  INFO      main  [Tamasha] Found 0 channels
2026-08-15 06:40:36  INFO      main  Total unique channels after merge: 0
2026-08-15 06:40:36  INFO      main  Validating 0 channels…
2026-08-15 06:40:36  INFO      main  Validation complete: 0 live, 0 dead (removed)
2026-08-15 06:40:36  INFO      main  Diff → +0 new, -0 removed
2026-08-15 06:40:36  INFO      main  Saved 0 channels → output/
2026-08-15 06:40:36  INFO      main  Scrape cycle complete.
2026-08-15 07:32:15  INFO      main  ============================================================
2026-08-15 07:32:15  INFO      main  Scrape cycle started at 2026-08-15 07:32:15
2026-08-15 07:32:15  INFO      main  [Tamasha] Starting scrape…
2026-08-15 07:32:15  INFO      main  [Tapmad] Starting scrape…
2026-08-15 07:32:15  INFO      main  [MyCo] Starting scrape…
2026-08-15 07:32:15  INFO      main  [ShoqPK] Starting scrape…
2026-08-15 07:32:15  INFO      main  [Tapmad] Found 0 channels
2026-08-15 07:32:15  INFO      main  [MyCo] Found 0 channels
2026-08-15 07:32:15  INFO      main  [ShoqPK] Found 0 channels
2026-08-15 07:32:15  INFO      main  [Tamasha] Found 0 channels
2026-08-15 07:32:15  INFO      main  Total unique channels after merge: 0
2026-08-15 07:32:15  INFO      main  Validating 0 channels…
2026-08-15 07:32:15  INFO      main  Validation complete: 0 live, 0 dead (removed)
2026-08-15 07:32:15  INFO      main  Diff → +0 new, -0 removed
2026-08-15 07:32:15  INFO      main  Saved 0 channels → output/
2026-08-15 07:32:15  INFO      main  Scrape cycle complete.
2026-08-15 08:31:02  INFO      main  ============================================================
2026-08-15 08:31:02  INFO      main  Scrape cycle started at 2026-08-15 08:31:02
2026-08-15 08:31:02  INFO      main  [Tamasha] Starting scrape…
2026-08-15 08:31:02  INFO      main  [Tapmad] Starting scrape…
2026-08-15 08:31:02  INFO      main  [MyCo] Starting scrape…
2026-08-15 08:31:02  INFO      main  [ShoqPK] Starting scrape…
2026-08-15 08:31:02  INFO      main  [MyCo] Found 0 channels
2026-08-15 08:31:02  INFO      main  [Tapmad] Found 0 channels
2026-08-15 08:31:02  INFO      main  [Tamasha] Found 0 channels
2026-08-15 08:31:02  INFO      main  [ShoqPK] Found 0 channels
2026-08-15 08:31:02  INFO      main  Total unique channels after merge: 0
2026-08-15 08:31:02  INFO      main  Validating 0 channels…
2026-08-15 08:31:02  INFO      main  Validation complete: 0 live, 0 dead (removed)
2026-08-15 08:31:02  INFO      main  Diff → +0 new, -0 removed
2026-08-15 08:31:02  INFO      main  Saved 0 channels → output/
2026-08-15 08:31:02  INFO      main  Scrape cycle complete.
2026-08-15 09:27:08  INFO      main  ============================================================
2026-08-15 09:27:08  INFO      main  Scrape cycle started at 2026-08-15 09:27:08
2026-08-15 09:27:08  INFO      main  [Tamasha] Starting scrape…
2026-08-15 09:27:08  INFO      main  [Tapmad] Starting scrape…
2026-08-15 09:27:08  INFO      main  [MyCo] Starting scrape…
2026-08-15 09:27:08  INFO      main  [ShoqPK] Starting scrape…
2026-08-15 09:27:08  INFO      main  [Tapmad] Found 0 channels
2026-08-15 09:27:08  INFO      main  [Tamasha] Found 0 channels
2026-08-15 09:27:08  INFO      main  [ShoqPK] Found 0 channels
2026-08-15 09:27:08  INFO      main  [MyCo] Found 0 channels
2026-08-15 09:27:08  INFO      main  Total unique channels after merge: 0
2026-08-15 09:27:08  INFO      main  Validating 0 channels…
2026-08-15 09:27:08  INFO      main  Validation complete: 0 live, 0 dead (removed)
2026-08-15 09:27:08  INFO      main  Diff → +0 new, -0 removed
2026-08-15 09:27:08  INFO      main  Saved 0 channels → output/
2026-08-15 09:27:08  INFO      main  Scrape cycle complete.
2026-08-15 09:50:52  INFO      main  ============================================================
2026-08-15 09:50:52  INFO      main  Scrape cycle started at 2026-08-15 09:50:52
2026-08-15 09:50:52  INFO      main  [Tamasha] Starting scrape…
2026-08-15 09:50:52  INFO      main  [Tapmad] Starting scrape…
2026-08-15 09:50:52  INFO      main  [MyCo] Starting scrape…
2026-08-15 09:50:52  INFO      main  [ShoqPK] Starting scrape…
2026-08-15 09:50:52  INFO      main  [Tapmad] Found 0 channels
2026-08-15 09:50:52  INFO      main  [MyCo] Found 0 channels
2026-08-15 09:50:52  INFO      main  [Tamasha] Found 0 channels
2026-08-15 09:50:53  INFO      main  [ShoqPK] Found 0 channels
2026-08-15 09:50:53  INFO      main  Total unique channels after merge: 0
2026-08-15 09:50:53  INFO      main  Validating 0 channels…
2026-08-15 09:50:53  INFO      main  Validation complete: 0 live, 0 dead (removed)
2026-08-15 09:50:53  INFO      main  Diff → +0 new, -0 removed
2026-08-15 09:50:53  INFO      main  Saved 0 channels → output/
2026-08-15 09:50:53  INFO      main  Scrape cycle complete.
2026-08-15 10:24:42  INFO      main  ============================================================
2026-08-15 10:24:42  INFO      main  Scrape cycle started at 2026-08-15 10:24:42
2026-08-15 10:24:42  INFO      main  [Tamasha] Starting scrape…
2026-08-15 10:24:42  INFO      main  [Tapmad] Starting scrape…
2026-08-15 10:24:42  INFO      main  [MyCo] Starting scrape…
2026-08-15 10:24:42  INFO      main  [ShoqPK] Starting scrape…
2026-08-15 10:24:42  INFO      main  [Tapmad] Found 0 channels
2026-08-15 10:24:42  INFO      main  [MyCo] Found 0 channels
2026-08-15 10:24:42  INFO      main  [ShoqPK] Found 0 channels
2026-08-15 10:24:42  INFO      main  [Tamasha] Found 0 channels
2026-08-15 10:24:42  INFO      main  Total unique channels after merge: 0
2026-08-15 10:24:42  INFO      main  Validating 0 channels…
2026-08-15 10:24:42  INFO      main  Validation complete: 0 live, 0 dead (removed)
2026-08-15 10:24:42  INFO      main  Diff → +0 new, -0 removed
2026-08-15 10:24:42  INFO      main  Saved 0 channels → output/
2026-08-15 10:24:42  INFO      main  Scrape cycle complete.
2026-08-15 10:48:44  INFO      main  ============================================================
2026-08-15 10:48:44  INFO      main  Scrape cycle started at 2026-08-15 10:48:44
2026-08-15 10:48:44  INFO      main  [Tamasha] Starting scrape…
2026-08-15 10:48:44  INFO      main  [Tapmad] Starting scrape…
2026-08-15 10:48:44  INFO      main  [MyCo] Starting scrape…
2026-08-15 10:48:44  INFO      main  [ShoqPK] Starting scrape…
2026-08-15 10:48:45  INFO      main  [Tapmad] Found 0 channels
2026-08-15 10:48:45  INFO      main  [MyCo] Found 0 channels
2026-08-15 10:48:45  INFO      main  [ShoqPK] Found 0 channels
2026-08-15 10:48:45  INFO      main  [Tamasha] Found 0 channels
2026-08-15 10:48:45  INFO      main  Total unique channels after merge: 0
2026-08-15 10:48:45  INFO      main  Validating 0 channels…
2026-08-15 10:48:45  INFO      main  Validation complete: 0 live, 0 dead (removed)
2026-08-15 10:48:45  INFO      main  Diff → +0 new, -0 removed
2026-08-15 10:48:45  INFO      main  Saved 0 channels → output/
2026-08-15 10:48:45  INFO      main  Scrape cycle complete.
2026-08-15 11:21:21  INFO      main  ============================================================
2026-08-15 11:21:21  INFO      main  Scrape cycle started at 2026-08-15 11:21:21
2026-08-15 11:21:21  INFO      main  [Tamasha] Starting scrape…
2026-08-15 11:21:21  INFO      main  [Tapmad] Starting scrape…
2026-08-15 11:21:21  INFO      main  [MyCo] Starting scrape…
2026-08-15 11:21:21  INFO      main  [ShoqPK] Starting scrape…
2026-08-15 11:21:21  INFO      main  [MyCo] Found 0 channels
2026-08-15 11:21:21  INFO      main  [Tamasha] Found 0 channels
2026-08-15 11:21:21  INFO      main  [Tapmad] Found 0 channels
2026-08-15 11:21:21  INFO      main  [ShoqPK] Found 0 channels
2026-08-15 11:21:21  INFO      main  Total unique channels after merge: 0
2026-08-15 11:21:21  INFO      main  Validating 0 channels…
2026-08-15 11:21:21  INFO      main  Validation complete: 0 live, 0 dead (removed)
2026-08-15 11:21:21  INFO      main  Diff → +0 new, -0 removed
2026-08-15 11:21:21  INFO      main  Saved 0 channels → output/
2026-08-15 11:21:21  INFO      main  Scrape cycle complete.
2026-08-15 11:45:25  INFO      main  ============================================================
2026-08-15 11:45:25  INFO      main  Scrape cycle started at 2026-08-15 11:45:25
2026-08-15 11:45:25  INFO      main  [Tamasha] Starting scrape…
2026-08-15 11:45:25  INFO      main  [Tapmad] Starting scrape…
2026-08-15 11:45:25  INFO      main  [MyCo] Starting scrape…
2026-08-15 11:45:25  INFO      main  [ShoqPK] Starting scrape…
2026-08-15 11:45:25  INFO      main  [MyCo] Found 0 channels
2026-08-15 11:45:25  INFO      main  [Tapmad] Found 0 channels
2026-08-15 11:45:25  INFO      main  [Tamasha] Found 0 channels
2026-08-15 11:45:26  INFO      main  [ShoqPK] Found 0 channels
2026-08-15 11:45:26  INFO      main  Total unique channels after merge: 0
2026-08-15 11:45:26  INFO      main  Validating 0 channels…
2026-08-15 11:45:26  INFO      main  Validation complete: 0 live, 0 dead (removed)
2026-08-15 11:45:26  INFO      main  Diff → +0 new, -0 removed
2026-08-15 11:45:26  INFO      main  Saved 0 channels → output/
2026-08-15 11:45:26  INFO      main  Scrape cycle complete.
2026-08-15 12:40:12  INFO      main  ============================================================
2026-08-15 12:40:12  INFO      main  Scrape cycle started at 2026-08-15 12:40:12
2026-08-15 12:40:12  INFO      main  [Tamasha] Starting scrape…
2026-08-15 12:40:12  INFO      main  [Tapmad] Starting scrape…
2026-08-15 12:40:12  INFO      main  [MyCo] Starting scrape…
2026-08-15 12:40:12  INFO      main  [ShoqPK] Starting scrape…
2026-08-15 12:40:12  INFO      main  [Tapmad] Found 0 channels
2026-08-15 12:40:12  INFO      main  [MyCo] Found 0 channels
2026-08-15 12:40:12  INFO      main  [ShoqPK] Found 0 channels
2026-08-15 12:40:12  INFO      main  [Tamasha] Found 0 channels
2026-08-15 12:40:12  INFO      main  Total unique channels after merge: 0
2026-08-15 12:40:12  INFO      main  Validating 0 channels…
2026-08-15 12:40:12  INFO      main  Validation complete: 0 live, 0 dead (removed)
2026-08-15 12:40:12  INFO      main  Diff → +0 new, -0 removed
2026-08-15 12:40:12  INFO      main  Saved 0 channels → output/
2026-08-15 12:40:12  INFO      main  Scrape cycle complete.
2026-08-15 13:31:33  INFO      main  ============================================================
2026-08-15 13:31:33  INFO      main  Scrape cycle started at 2026-08-15 13:31:33
2026-08-15 13:31:33  INFO      main  [Tamasha] Starting scrape…
2026-08-15 13:31:33  INFO      main  [Tapmad] Starting scrape…
2026-08-15 13:31:33  INFO      main  [MyCo] Starting scrape…
2026-08-15 13:31:33  INFO      main  [ShoqPK] Starting scrape…
2026-08-15 13:31:33  INFO      main  [MyCo] Found 0 channels
2026-08-15 13:31:33  INFO      main  [Tapmad] Found 0 channels
2026-08-15 13:31:34  INFO      main  [ShoqPK] Found 0 channels
2026-08-15 13:31:34  INFO      main  [Tamasha] Found 0 channels
2026-08-15 13:31:34  INFO      main  Total unique channels after merge: 0
2026-08-15 13:31:34  INFO      main  Validating 0 channels…
2026-08-15 13:31:34  INFO      main  Validation complete: 0 live, 0 dead (removed)
2026-08-15 13:31:34  INFO      main  Diff → +0 new, -0 removed
2026-08-15 13:31:34  INFO      main  Saved 0 channels → output/
2026-08-15 13:31:34  INFO      main  Scrape cycle complete.
2026-08-15 14:24:08  INFO      main  ============================================================
2026-08-15 14:24:08  INFO      main  Scrape cycle started at 2026-08-15 14:24:08
2026-08-15 14:24:08  INFO      main  [Tamasha] Starting scrape…
2026-08-15 14:24:08  INFO      main  [Tapmad] Starting scrape…
2026-08-15 14:24:08  INFO      main  [MyCo] Starting scrape…
2026-08-15 14:24:08  INFO      main  [ShoqPK] Starting scrape…
2026-08-15 14:24:08  INFO      main  [Tapmad] Found 0 channels
2026-08-15 14:24:08  INFO      main  [MyCo] Found 0 channels
2026-08-15 14:24:08  INFO      main  [ShoqPK] Found 0 channels
2026-08-15 14:24:08  INFO      main  [Tamasha] Found 0 channels
2026-08-15 14:24:08  INFO      main  Total unique channels after merge: 0
2026-08-15 14:24:08  INFO      main  Validating 0 channels…
2026-08-15 14:24:08  INFO      main  Validation complete: 0 live, 0 dead (removed)
2026-08-15 14:24:08  INFO      main  Diff → +0 new, -0 removed
2026-08-15 14:24:08  INFO      main  Saved 0 channels → output/
2026-08-15 14:24:08  INFO      main  Scrape cycle complete.
2026-08-15 14:49:13  INFO      main  ============================================================
2026-08-15 14:49:13  INFO      main  Scrape cycle started at 2026-08-15 14:49:13
2026-08-15 14:49:13  INFO      main  [Tamasha] Starting scrape…
2026-08-15 14:49:13  INFO      main  [Tapmad] Starting scrape…
2026-08-15 14:49:13  INFO      main  [MyCo] Starting scrape…
2026-08-15 14:49:13  INFO      main  [ShoqPK] Starting scrape…
2026-08-15 14:49:13  INFO      main  [Tapmad] Found 0 channels
2026-08-15 14:49:13  INFO      main  [MyCo] Found 0 channels
2026-08-15 14:49:14  INFO      main  [ShoqPK] Found 0 channels
2026-08-15 14:49:14  INFO      main  [Tamasha] Found 0 channels
2026-08-15 14:49:14  INFO      main  Total unique channels after merge: 0
2026-08-15 14:49:14  INFO      main  Validating 0 channels…
2026-08-15 14:49:14  INFO      main  Validation complete: 0 live, 0 dead (removed)
2026-08-15 14:49:14  INFO      main  Diff → +0 new, -0 removed
2026-08-15 14:49:14  INFO      main  Saved 0 channels → output/
2026-08-15 14:49:14  INFO      main  Scrape cycle complete.
